id,customerId,amount,date,status
1,1473,2030.40,2026-04-24,PENDING
2,1655,2512.25,2026-08-03,PENDING
3,1051,2835.09,2026-05-22,PAID
4,1888,3786.60,2026-08-09,PAID
5,1040,2489.22,2026-02-13,PAID
6,1545,1749.26,2026-07-12,PENDING
7,1808,4214.25,2026-07-26,PENDING
8,1248,,2026-09-16,PAID
9,1889,2562.10,2026-02-21,PAID
10,1791,3096.24,2026-03-26,PENDING
11,1769,1750.47,2026-08-02,PAID
12,1149,3724.72,2026-01-18,PENDING
13,1041,2468.92,2026-09-30,PAID
14,1718,67.04,2026-06-17,PENDING
15,1195,1718.10,2026-05-16,PAID
16,1190,338.45,2026-07-05,PENDING
17,1996,1265.79,2026-08-25,PENDING
18,1327,2395.17,2026-01-24,CANCELLED
19,1564,4207.53,2026-05-14,PENDING
20,1900,3899.69,2026-01-21,PAID
21,1892,1368.35,2026-07-20,PAID
22,1956,180.58,2026-05-21,paid
23,1337,1821.52,2026-01-23,PENDING
24,1525,4852.10,2026-02-12,PAID
25,1386,2886.06,2026-03-10,PENDING
26,1342,3333.82,2026-01-27,PENDING
27,1640,1842.77,2026-07-09,PAID
28,1023,3282.15,2026-05-13,PAID
29,1826,2355.00,2026-03-29,PAID
30,1634,2637.92,2026-07-22,PENDING
31,1879,4361.36,2026-02-08,PENDING
32,1939,1313.06,2026-02-18,PAID
33,1667,4332.51,2026-07-06,PAID
34,1061,4167.49,2026-07-21,PENDING
35,1084,2448.97,2026-01-18,PAID
36,1987,1676.57,2026-02-15,PAID
37,1582,333.83,2026-04-30,PAID
38,1217,2797.79,2026-09-29,PAID
39,1447,3956.50,2026-08-02,PAID
40,1741,3978.75,2026-05-01,PAID
41,1440,3098.15,2026-05-02,PAID
42,1463,3623.14,2026-09-29,PAID
43,1470,2123.41,2026-03-31,PAID
44,1975,,2026-03-03,PENDING
45,1877,337.06,2026-01-02,PAID
46,1841,1754.67,2026-07-23,PAID
47,1461,4639.71,2026-04-14,PAID
48,1597,4714.74,2026-08-01,PAID
49,1935,2154.42,2026-09-17,PENDING
50,1366,3410.82,2026-07-17,PAID
51,1593,,2026-02-01,PAID
52,1622,2080.81,2026-08-27,PAID
53,1166,1814.27,2026-02-28,CANCELLED
54,1582,688.56,2026-07-07,PAID
55,1679,3136.48,2026-05-20,PAID
56,1117,3191.56,2026-09-15,PAID
57,1428,1594.07,2026-06-25,PAID
58,1996,4352.00,2026-02-20,PAID
59,1765,4653.46,2026-04-11,PAID
60,1505,3987.01,2026-08-31,PENDING
61,1942,1070.47,2026-02-18,PAID
62,1981,572.21,2026-07-29,PAID
63,1021,3805.87,2026-06-13,PAID
64,1703,4300.13,2026-09-22,PAID
65,1474,3848.37,2026-07-01,CANCELLED
66,1114,3041.93,2026-04-16,PAID
67,1974,3239.34,2026-04-15,PAID
68,1113,2043.07,2026-02-20,PAID
69,1979,2009.83,2026-04-08,PAID
70,1057,900.39,2026-03-03,PAID
71,1768,4290.64,2026-06-08,PAID
72,1917,2963.60,2026-04-23,PENDING
73,1696,3969.11,2026-09-20,CANCELLED
74,1209,2732.34,2026-01-09,PAID
75,1419,4323.32,2026-02-30,PAID
76,1495,3762.82,2026-08-31,PAID
77,1905,4674.20,2026-08-16,PENDING
78,1192,54.81,2026-01-31,PAID
79,1200,1320.09,2026-03-30,PENDING
80,1938,2903.45,2026-02-20,PAID
81,1375,2946.58,2026-05-29,PENDING
82,1088,982.90,2026-06-16,PAID
83,1133,1527.57,2026-01-04,PENDING
84,1703,2993.00,2026-08-01,PAID
85,1575,2826.25,2026-02-03,PENDING
86,1747,534.68,2026-08-15,PAID
87,1114,3008.57,2026-02-02,PENDING
88,1261,4454.51,2026-02-18,PAID
89,1430,3489.23,2026-02-07,PAID
90,1171,4996.17,2026-01-24,PAID
91,1559,3353.24,2026-08-21,PAID
92,1884,3106.19,2026-08-30,PAID
93,1821,255.15,2026-05-06,PAID
94,1511,3141.68,2026-09-14,PENDING
95,1715,3233.34,2026-02-08,PAID
96,1761,252.15,2026-01-15,PENDING
97,1896,3486.15,2026-09-30,PAID
98,1481,1270.07,2026-05-08,CANCELLED
99,1072,1222.47,2026-06-13,PAID
100,1326,3646.17,2026-07-16,CANCELLED
101,1832,542.37,2026-02-02,PENDING
102,1807,444.21,2026-09-13,CANCELLED
103,1161,1261.45,2026-04-01,PENDING
104,1545,2935.10,2026-07-13,PAID
105,1423,4866.92,2026-08-14,PENDING
106,1436,2906.79,2026-05-10,PAID
107,1241,1586.45,2026-08-07,PAID
108,1662,538.75,2026-09-23,PENDING
109,1431,3759.42,2026-02-04,PENDING
110,1349,1591.72,2026-03-18,CANCELLED
111,1713,711.69,2026-07-08,PENDING
112,1752,2854.13,2026-05-13,PAID
113,1387,3127.68,2026-08-18,PAID
114,1446,715.92,2026-03-28,PAID
115,1786,40.30,2026-05-27,PAID
116,1729,4995.36,2026-08-03,PENDING
117,1425,2551.49,2026-09-09,PAID
118,1879,1944.30,2026-08-16,PENDING
119,1521,2218.34,2026-04-26,PENDING
120,1617,3678.66,2026-08-21,CANCELLED
121,1766,393.86,2026-07-04,PENDING
122,1100,1392.72,2026-03-26,PAID
123,1699,2065.81,2026-03-07,PAID
124,1306,3917.56,2026-09-24,CANCELLED
125,1205,2125.75,2026-08-05,PAID
126,1638,657.80,2026-07-14,PAID
127,1760,2037.24,2026-02-01,PENDING
128,1673,3571.37,2026-03-12,PENDING
129,1239,253.94,2026-07-01,PENDING
130,1274,4548.75,2026-06-06,PAID
131,1745,4178.91,2026-03-19,CANCELLED
132,1842,2250.17,2026-05-27,PAID
133,1429,1003.12,2026-06-15,PAID
134,1215,2278.12,2026-07-26,CANCELLED
135,1368,47.67,2026-08-03,PAID
136,1314,260.87,2026-02-18,CANCELLED
137,1182,2074.32,2026-06-01,PAID
138,1247,2507.40,2026-08-29,PAID
139,1848,1932.29,2026-02-01,PENDING
140,1164,4128.62,2026-09-16,CANCELLED
141,1366,3798.68,2026-03-01,
142,1671,2991.66,2026-07-17,PAID
143,1290,1039.21,2026-09-05,PAID
144,1223,347.11,2026-09-15,PENDING
145,1684,3864.90,2026-06-21,PAID
146,1182,2548.01,2026-04-10,PENDING
147,1304,1206.70,2026-02-09,PAID
148,1577,2472.80,2026-04-19,PENDING
149,1120,1060.53,2026-08-17,PAID
150,1304,4175.95,2026-07-29,PAID
151,1246,3568.73,2026-03-04,PAID
152,1577,4114.22,2026-02-04,PAID
153,1799,2742.27,2026-05-04,PENDING
154,1749,2922.65,2026-09-15,PAID
155,1807,4129.47,2026-09-24,PAID
156,1858,4424.57,2026-01-20,PAID
157,1274,1627.41,2026-02-03,PENDING
158,1044,3606.05,2026-07-12,PENDING
159,1438,647.86,2026-03-15,PAID
160,1468,2328.25,2026-08-04,PAID
161,1628,485.20,2026-07-06,PENDING
162,1825,797.53,2026-08-21,PENDING
163,1468,3312.13,2026-05-08,PAID
164,1508,2545.41,2026-01-10,PAID
165,1221,1584.09,2026-05-20,PENDING
166,1097,169.49,2026-05-14,PENDING
167,1771,2395.05,2026-03-25,PENDING
168,1794,1333.78,2026-09-12,PAID
169,1803,4060.44,2026-01-19,PENDING
170,1634,4095.41,2026-05-18,PAID
171,1589,1625.43,2026-03-16,PENDING
172,1883,245.98,2026-01-27,PAID
173,1917,21.50,2026-01-25,PENDING
174,1441,2126.38,2026-04-21,PAID
175,1176,3432.80,2026-09-08,PAID
176,1460,2505.43,2026-06-08,PENDING
177,1959,2679.32,2026-06-25,PENDING
178,1518,3294.81,2026-09-20,PAID
179,1935,4507.78,2026-06-27,PAID
180,1851,1712.08,2026-09-23,PAID
181,1769,3457.47,2026-02-28,CANCELLED
182,1491,530.62,2026-05-15,PENDING
183,1597,692.94,2026-05-27,PAID
184,1509,2304.09,2026-01-06,PAID
185,1513,2797.67,2026-06-28,PENDING
186,1541,4409.75,2026-04-03,PAID
187,1228,2413.91,2026-08-19,PAID
188,1390,3174.26,2026-03-04,CANCELLED
189,1008,600.80,2026-02-17,PENDING
190,1212,4160.16,2026-01-03,PAID
191,1279,673.78,2026-05-13,PAID
192,1756,3662.26,2026-08-08,PAID
193,1306,4821.73,2026-09-01,PAID
194,1231,452.37,2026-07-18,PAID
195,1096,900.65,2026-04-05,PAID
196,1874,3312.64,2026-02-14,PENDING
197,1238,1806.09,2026-06-17,PENDING
198,1476,2753.71,2026-02-27,PAID
199,1816,3897.21,2026-03-24,PAID
200,1022,10.41,2026-01-18,PAID
201,1058,2069.33,2026-05-15,PAID
202,1241,3796.01,2026-03-26,PAID
203,1534,2900.45,2026-09-13,PAID
204,1399,1654.33,2026-03-23,CANCELLED
205,1016,4415.16,2026-03-26,PAID
206,1296,1017.63,2026-09-08,CANCELLED
207,1489,1578.77,2026-06-27,PENDING
208,1325,4646.52,2026-09-02,PAID
209,1914,3090.40,2026-07-26,PAID
210,1013,407.37,2026-08-25,PAID
211,1551,3710.36,2026-05-23,CANCELLED
212,1062,3434.24,2026-03-20,PAID
213,1769,1481.83,2026-07-03,PAID
214,1271,3035.88,2026-05-24,PENDING
215,1321,1909.15,2026-08-14,PAID
216,1625,1096.98,2026-08-04,PAID
217,1785,3075.36,2026-03-07,PENDING
218,1364,4521.49,2026-09-28,PAID
219,1473,578.15,2026-06-08,PAID
220,1575,2980.32,2026-05-01,PAID
221,1078,1505.93,2026-06-01,PAID
222,1727,198.27,2026-05-08,PAID
223,1383,3700.52,2026-02-05,PENDING
224,1474,1228.47,2026-03-16,PAID
225,1314,2562.64,2026-07-22,PENDING
226,1647,3820.36,2026-07-26,PAID
227,1072,4035.35,2026-07-11,PAID
228,1432,3330.07,2026-03-14,PAID
229,1986,2321.29,2026-06-06,PAID
230,1903,4344.21,2026-03-30,PAID
231,1952,900.15,2026-04-16,CANCELLED
232,1022,2500.67,2026-06-12,PAID
233,1849,3749.71,2026-03-18,PENDING
234,1464,298.95,2026-07-12,PAID
235,1301,4423.48,2026-03-09,PAID
236,1656,4622.64,2026-05-27,PAID
237,1037,209.27,2026-01-24,PENDING
238,1260,601.45,2026-09-20,PAID
239,1479,4411.22,2026-06-26,PAID
240,1091,2714.56,2026-02-23,PAID
241,1647,1253.15,2026-04-06,PAID
242,1340,3813.82,2026-04-23,PAID
243,1679,3791.83,2026-05-10,PAID
244,1787,1805.04,2026-02-26,PAID
245,1287,207.89,2026-07-16,PAID
246,1059,3249.01,2026-07-30,PAID
247,1606,3393.84,2026-02-26,PAID
248,1807,2838.95,2026-05-27,CANCELLED
249,1914,3886.20,2026-01-21,PENDING
250,1222,4897.39,2026-02-02,PAID
251,1138,1135.54,2026-07-25,CANCELLED
252,1310,4133.23,2026-02-18,PENDING
253,1178,392.14,2026-08-05,PENDING
254,1037,473.18,2026-03-21,
255,1840,1618.15,2026-03-07,PAID
256,1645,2484.89,2026-04-19,PAID
257,1358,437.10,2026-06-18,PENDING
258,1339,2384.94,2026-08-10,PAID
259,1665,2214.64,2026-03-20,PAID
260,1661,2925.87,2026-03-22,PAID
261,1204,2553.01,2026-02-03,PAID
262,1431,3763.50,2026-08-16,PAID
263,1958,2224.53,2026-07-04,PAID
264,1646,1052.82,2026-06-03,PENDING
265,1813,4537.42,2026-03-04,PENDING
266,1122,3829.27,2026-09-21,PAID
267,1997,453.01,2026-06-18,PAID
268,1138,10.08,2026-08-07,PAID
269,1060,169.50,2026-04-23,PENDING
270,1620,1379.14,2026-05-10,PAID
271,1499,2312.59,2026-06-24,PENDING
272,1429,294.60,2026-03-15,PAID
273,1163,555.70,2026-01-16,CANCELLED
274,1669,3087.27,2026-06-13,PENDING
275,1510,4186.65,2026-08-16,CANCELLED
276,1789,4011.43,2026-07-15,PAID
277,1357,54.47,2026-04-03,PAID
278,1878,1489.96,2026-02-15,PENDING
279,1750,4757.15,2026-02-19,PAID
280,1054,1617.78,2026-05-20,PAID
281,1268,3749.30,2026-01-06,PENDING
282,1645,1040.29,2026-03-01,PAID
283,1278,3152.49,2026-08-08,PAID
284,1006,439.62,2026-02-25,PAID
285,1979,708.67,2026-05-04,PAID
286,1460,4034.63,2026-09-09,PENDING
287,1442,3863.53,2026-03-21,CANCELLED
288,1139,1173.86,2026-02-08,PAID
289,1072,3091.79,2026-04-24,PENDING
290,1165,688.03,2026-02-22,PAID
291,1787,655.64,2026-01-03,PENDING
292,1315,4773.22,2026-08-30,PENDING
293,1565,192.48,2026-04-15,PAID
294,1501,4365.93,2026-07-30,CANCELLED
295,1801,1253.22,2026-01-22,PAID
296,1550,75.47,2026-04-30,PAID
297,1960,4175.43,2026-05-15,PAID
298,1316,264.68,2026-03-31,PAID
299,1650,3275.05,2026-05-07,PENDING
300,1501,4865.90,2026-07-20,PENDING
301,1354,4357.37,2026-06-06,PAID
302,1207,1068.33,2026-04-23,PAID
303,1684,3187.84,2026-02-25,PAID
304,1289,3280.05,2026-02-24,PENDING
305,1564,2326.39,2026-05-18,PAID
306,1352,1337.63,2026-08-25,PENDING
307,1211,1782.74,2026-07-27,PAID
308,1602,157.12,2026-04-05,CANCELLED
309,1291,3994.10,2026-02-13,PAID
310,1289,2872.57,2026-09-06,PENDING
311,1406,3784.06,2026-06-04,PAID
312,1820,1790.27,2026-08-09,CANCELLED
313,1998,4059.73,2026-01-20,PENDING
314,1794,2861.49,2026-02-03,PAID
315,1111,768.24,2026-07-25,PENDING
316,1263,2980.39,2026-01-20,PENDING
317,1975,2724.61,2026-02-01,PAID
318,1036,3548.49,2026-02-24,PAID
319,1325,2228.03,2026-01-20,PENDING
320,1808,4141.83,2026-03-27,PAID
321,1237,198.62,2026-04-19,PENDING
322,1618,2645.84,2026-06-04,CANCELLED
323,1237,4650.51,2026-02-26,PAID
324,1438,2089.11,2026-03-07,PAID
325,1567,1451.69,2026-09-03,PAID
326,1427,3929.71,2026-01-29,PAID
327,1139,4701.68,2026-06-22,PENDING
328,1092,2922.38,2026-03-17,PAID
329,1250,2803.31,2026-08-10,PAID
330,1307,3923.86,2026-09-20,PAID
331,1409,1440.31,2026-08-24,PAID
332,1013,2464.14,2026-01-26,PAID
333,1861,2419.71,2026-06-15,PAID
334,1898,1961.37,2026-08-19,PAID
335,1790,725.59,2026-01-09,PAID
336,1460,2543.32,2026-07-31,PENDING
337,1600,95.35,2026-02-04,PENDING
338,1636,2771.24,2026-01-23,PAID
339,1403,490.29,2026-07-22,PENDING
340,1452,2051.89,2026-06-10,CANCELLED
341,1447,4045.34,2026-04-26,PENDING
342,1907,1060.23,2026-02-25,PAID
343,1371,3759.20,2026-04-27,PENDING
344,1127,3130.11,2026-06-29,PAID
345,1156,7.90,2026-01-17,PAID
346,1454,4013.67,2026-01-20,PAID
347,1251,3466.92,2026-08-15,PENDING
348,1705,2795.06,2026-08-29,PAID
349,1072,1545.40,2026-05-04,CANCELLED
350,1518,4917.70,2026-02-07,PAID
351,1291,4229.69,2026-08-24,PENDING
352,1331,3571.45,2026-05-13,PAID
353,1679,1620.65,2026-01-11,paid
354,1432,2387.88,2026-01-15,PAID
355,1973,1230.72,2026-08-19,PAID
356,1464,94.23,2026-08-19,PAID
357,1390,4700.74,2026-03-04,PAID
358,1464,4036.97,2026-02-20,PAID
359,1441,3225.76,2026-04-26,PAID
360,1160,-4438.10,2026-08-15,PENDING
361,1810,4375.74,2026-07-27,PAID
362,1197,3685.23,2026-04-23,PAID
363,1349,1825.97,2026-03-25,PAID
364,1165,488.63,2026-09-13,PAID
365,1846,3600.17,2026-04-08,PAID
366,1998,1514.90,2026-06-23,PAID
367,1512,3260.76,2026-03-07,UNKNOWN
368,1169,4012.11,2026-05-22,PAID
369,1498,4922.09,2026-03-14,PENDING
370,1657,4232.61,2026-01-20,PAID
371,1894,2185.55,2026-09-21,CANCELLED
372,1580,4535.89,2026-08-10,PAID
373,1317,2634.36,2026-07-27,PAID
374,1899,3519.94,2026-09-02,PAID
375,1839,2226.15,2026-02-05,PAID
376,1732,2178.01,2026-06-05,PENDING
377,1499,383.05,2026-05-12,PAID
378,1606,181.15,2026-05-19,PAID
379,1110,3442.77,2026-04-25,PAID
380,1192,2337.53,2026-05-15,PAID
381,1598,4893.34,2026-06-29,PAID
382,1212,2301.52,2026-02-20,PAID
383,1880,3085.52,2026-04-22,CANCELLED
384,1522,4219.60,2026-09-27,PAID
385,1977,891.80,2026-02-05,PAID
386,1038,557.73,2026-03-04,PAID
387,1380,1211.16,2026-01-10,PAID
388,1784,3670.20,2026-06-12,PAID
389,1751,2675.69,2026-06-15,PENDING
390,1514,3306.97,2026-07-15,PAID
391,1184,459.36,2026-06-06,CANCELLED
392,1988,3012.73,2026-05-15,PAID
393,1241,3851.53,2026-09-14,PENDING
394,1126,4615.38,2026-09-21,PAID
395,1304,1260.06,2026-08-06,CANCELLED
396,1420,4132.99,2026-07-20,PAID
397,1897,1828.43,2026-04-22,PAID
398,1363,671.82,2026-03-27,PAID
399,1215,1743.70,2026-07-25,PENDING
400,1359,804.29,2026-01-24,PAID
401,1649,3691.31,2026-05-06,CANCELLED
402,1529,4824.22,2026-08-31,CANCELLED
403,1785,4486.05,2026-09-06,PAID
404,1130,86.22,2026-09-03,PAID
405,1538,2664.33,2026-03-15,PAID
406,1280,4155.23,2026-02-27,PENDING
407,1716,4128.32,2026-04-04,PENDING
408,1851,3141.26,2026-05-21,PAID
409,1324,2241.73,2026-09-11,PAID
410,1719,640.24,2026-09-15,PAID
411,1950,3290.27,2026-05-07,PAID
412,1375,4943.62,2026-08-17,CANCELLED
413,1734,573.98,2026-09-05,PAID
414,1473,2467.49,2026-08-29,PAID
415,1642,4602.63,2026-03-28,PAID
416,1962,1351.55,2026-02-13,PAID
417,1816,3171.83,2026-04-06,PAID
418,1052,2881.03,2026-01-14,PAID
419,1755,2839.89,2026-02-07,PENDING
420,1827,1390.19,2026-06-15,PENDING
421,1392,150.42,2026-08-23,CANCELLED
422,1665,572.89,2026-07-11,PENDING
423,1588,3693.09,2026-06-14,PAID
424,1260,2046.73,2026-06-24,PAID
425,1846,4212.26,2026-05-24,PENDING
426,1276,574.60,2026-05-21,PAID
427,1067,2431.73,2026-02-26,PAID
428,1343,3730.95,2026-05-06,PAID
429,1901,840.53,2026-02-24,PAID
430,1102,2551.94,2026-03-08,PENDING
431,1251,1701.29,2026-01-22,PENDING
432,1447,410.71,2026-01-19,PENDING
433,1827,2925.53,2026-01-25,PAID
434,1414,981.60,2026-03-24,PAID
435,1089,900.18,2026-09-26,PAID
436,1678,679.59,2026-05-20,PAID
437,1295,3269.78,2026-01-03,PENDING
438,1470,4879.59,2026-04-15,PAID
439,1225,2987.52,2026-04-29,PENDING
440,1295,3033.63,2026-04-13,PAID
441,1379,2088.46,2026-05-03,PAID
442,1908,1643.00,2026-09-25,PAID
443,1355,3723.91,2026-08-06,CANCELLED
444,1962,3808.62,2026-04-11,PAID
445,1617,3062.08,2026-01-03,PAID
446,1133,1111.18,2026-05-17,PENDING
447,1103,3264.42,2026-01-06,PENDING
448,1953,3033.51,2026-05-19,PENDING
449,1328,3204.70,2026-06-09,PAID
450,1109,3235.11,2026-05-16,PAID
451,1026,3297.35,2026-05-15,PAID
452,1395,2973.38,2026-04-06,PAID
453,1317,2847.35,2026-03-27,PAID
454,1859,3379.49,2026-02-30,PENDING
455,1316,4662.06,2026-06-23,PENDING
456,1949,4540.55,2026-07-23,PENDING
457,1472,2331.41,2026-01-13,CANCELLED
458,1555,4941.62,2026-02-26,CANCELLED
459,1114,3162.38,2026-03-01,PENDING
460,1622,1459.54,2026-04-25,PENDING
461,1541,3660.86,2026-08-30,PAID
462,1345,1266.37,2026-01-30,PAID
463,1416,1501.78,2026-04-13,PAID
464,1582,2447.59,2026-09-28,PENDING
465,1843,2211.82,2026-09-16,PENDING
466,1323,4761.92,2026-09-12,PENDING
467,1259,4511.33,2026-07-31,PAID
468,1297,4069.73,2026-08-23,PAID
469,1203,4865.89,2026-06-26,PENDING
470,1945,1994.87,2026-04-12,PAID
471,1738,4826.15,2026-07-25,PAID
472,1852,4598.32,2026-06-16,PAID
473,1914,1999.48,2026-08-10,PAID
474,1966,4279.43,2026-09-01,PENDING
475,1350,3914.23,2026-04-13,PAID
476,1865,-657.70,2026-06-30,PAID
477,1225,1147.57,2026-06-29,paid
478,1162,3900.13,2026-08-28,PAID
479,1513,4510.93,2026-03-13,PAID
480,1544,4471.01,2026-07-21,PAID
481,1292,4148.32,2026-07-02,PAID
482,1334,3305.84,2026-01-12,PENDING
483,1353,2914.63,2026-08-20,PAID
484,1636,964.82,2026-05-15,PAID
485,1697,1691.17,2026-05-22,PAID
486,1289,367.68,2026-06-17,PENDING
487,1733,3069.98,2026-01-11,PENDING
488,1826,590.64,2026-02-09,PENDING
489,1752,4683.68,2026-09-15,PAID
490,1309,1041.70,2026-09-10,PENDING
491,1668,1518.35,2026-09-11,PAID
492,1217,366.02,2026-06-25,PAID
493,1167,4567.12,2026-09-09,PENDING
494,1068,1777.37,2026-08-04,PAID
495,1725,2978.75,2026-06-30,PAID
496,1107,2773.57,2026-05-17,PENDING
497,1835,4951.77,2026-04-20,PAID
498,1429,641.65,2026-02-23,PAID
499,1099,2516.60,2026-09-11,PENDING
500,1027,911.45,2026-07-15,PENDING
501,1127,3707.27,2026-07-18,PAID
502,1087,1005.82,2026-05-24,CANCELLED
503,1815,1389.70,2026-05-29,PAID
504,1673,2189.77,2026-01-29,PAID
505,1054,1095.48,2026-04-05,PAID
506,1840,4747.68,2026-03-10,PENDING
507,1687,3022.62,2026-05-27,PAID
508,1240,4310.01,2026-04-10,PAID
509,1278,2914.03,2026-07-24,PAID
510,1407,60.63,2026-06-08,PAID
511,1969,2588.91,2026-04-07,PAID
512,1792,1527.76,2026-01-14,PAID
513,1645,723.11,2026-09-11,PENDING
514,1913,4372.75,2026-04-26,PAID
515,1644,1903.28,2026-09-12,PAID
516,1737,1557.34,2026-09-23,PAID
517,1346,3399.08,2026-03-08,PAID
518,1515,1766.19,2026-01-25,PENDING
519,1932,4858.73,2026-05-17,PAID
520,1032,1389.89,2026-08-18,PAID
521,1588,4123.86,2026-04-26,PENDING
522,1471,748.68,2026-08-08,PAID
523,1209,4893.09,2026-07-26,PAID
524,1959,3905.01,2026-03-03,CANCELLED
525,1996,1537.71,2026-09-02,PAID
526,1034,3852.87,2026-09-06,PENDING
527,1071,4027.29,2026-03-21,PAID
528,1464,502.35,2026-09-19,PENDING
529,1388,2246.13,2026-01-09,PAID
530,1373,3257.61,2026-05-10,PENDING
531,1950,708.42,2026-04-13,PAID
532,1586,3045.44,2026-03-18,PAID
533,1661,779.84,2026-02-10,PAID
534,1631,4169.43,2026-01-04,PAID
535,1346,2635.76,2026-05-29,PENDING
536,1885,318.32,2026-01-06,PENDING
537,1760,2977.86,2026-01-12,CANCELLED
538,1543,1338.70,2026-01-31,PAID
539,1784,1779.07,2026-05-29,PENDING
540,1962,4861.66,2026-06-30,PENDING
541,1828,2958.63,2026-09-23,PAID
542,1338,3062.88,2026-04-25,PAID
543,1946,504.28,2026-07-17,PAID
544,1200,4760.18,2026-01-04,PAID
545,1242,3070.03,2026-03-21,PAID
546,1521,116.78,2026-03-23,PAID
547,1570,3574.31,2026-01-29,PAID
548,1655,4724.73,2026-07-26,PAID
549,1902,1085.85,2026-02-22,PENDING
550,1550,304.48,2026-03-31,PAID
551,1213,3136.34,2026-06-09,PENDING
552,1853,4007.43,2026-08-10,PENDING
553,1469,2673.36,2026-07-06,PAID
554,1925,3370.86,2026-05-29,CANCELLED
555,1371,4777.09,2026-02-27,PENDING
556,1911,34.32,2026-05-11,PAID
557,1172,4251.27,2026-04-27,PAID
558,1434,4819.52,2026-06-17,PENDING
559,1717,2604.00,2026-06-12,PAID
560,1901,126.07,2026-03-30,PENDING
561,1153,3048.34,2026-02-25,PENDING
562,1596,1342.85,2026-01-30,PAID
563,1803,1921.45,2026-06-12,PAID
564,1237,879.22,2026-04-23,PAID
565,1695,2276.00,2026-06-24,PAID
566,1336,1410.00,2026-02-01,PENDING
567,1802,2351.89,2026-09-16,PAID
568,1996,3720.87,2026-09-06,PENDING
569,1568,3586.58,2026-04-29,PAID
570,1062,2856.87,2026-09-21,PENDING
571,1095,1371.31,2026-04-20,PENDING
572,1489,4499.70,2026-05-27,PAID
573,1500,1117.48,2026-04-06,PAID
574,1226,1219.16,2026-09-02,CANCELLED
575,1439,1352.10,2026-04-19,PENDING
576,1460,3407.97,2026-08-18,PAID
577,1829,2230.14,2026-05-09,CANCELLED
578,1998,883.08,2026-07-28,PAID
579,1868,1731.93,2026-04-01,PAID
580,1191,1018.94,2026-05-07,PAID
581,1470,4879.60,2026-07-23,PAID
582,1739,435.34,2026-08-02,PAID
583,1912,3158.06,2026-02-12,PAID
584,1103,4484.68,2026-02-05,PENDING
585,1334,4175.14,2026-03-24,PENDING
586,1332,2621.32,2026-05-28,PENDING
587,1794,1200.87,2026-01-16,PAID
588,1004,1567.09,2026-08-10,PAID
589,1513,1353.37,2026-08-21,PAID
590,1184,1725.19,2026-05-13,PAID
591,1018,4869.88,2026-07-06,PENDING
592,1971,1353.28,2026-05-08,PENDING
593,1057,3761.33,2026-02-22,PAID
594,1997,2913.99,2026-06-13,PAID
595,1374,1836.14,2026-07-30,PENDING
596,1192,3572.03,2026-02-06,PENDING
597,1945,4250.73,2026-07-12,CANCELLED
598,1820,827.04,2026-01-20,PAID
599,1879,310.03,2026-08-18,PAID
600,1419,3413.92,2026-04-17,PENDING
601,1183,2890.79,2026-09-10,CANCELLED
602,1494,2005.45,2026-07-12,PENDING
603,1106,4514.65,2026-03-28,CANCELLED
604,1665,4146.83,2026-08-11,PAID
605,1302,2385.34,2026-08-09,PAID
606,1694,2435.86,2026-02-10,PENDING
607,1257,4968.90,2026-02-12,PAID
608,1950,513.83,2026-03-04,PAID
609,1459,1914.68,2026-02-19,PENDING
610,1646,3123.52,2026-01-25,PENDING
611,1096,944.38,2026-09-13,PAID
612,1309,233.29,2026-09-08,PAID
613,1624,3826.69,2026-04-02,PAID
614,1454,2067.09,2026-08-31,PAID
615,1500,623.41,2026-02-24,PENDING
616,1503,4141.12,2026-03-24,PENDING
617,1269,1374.86,2026-08-21,PAID
618,1863,1242.21,2026-07-20,PAID
619,1187,3357.26,2026-07-15,PAID
620,1105,3204.61,2026-02-11,PAID
621,1722,2079.08,2026-05-05,PAID
622,1557,3947.26,2026-07-08,PENDING
623,1616,4956.80,2026-02-04,PAID
624,1714,4048.96,2026-06-05,PENDING
625,1078,2969.43,2026-03-23,PAID
626,1735,994.53,2026-06-18,PAID
627,1485,2026.72,2026-07-16,PAID
628,1595,973.41,2026-02-08,PAID
629,1677,2960.18,2026-02-13,PENDING
630,1235,64.68,2026-06-15,PAID
631,1003,1398.14,2026-01-27,PAID
632,1291,3778.96,2026-02-19,PAID
633,1611,214.53,2026-08-19,PAID
634,1290,2189.56,2026-04-06,PAID
635,1985,4208.51,2026-02-21,PAID
636,1580,4678.70,2026-04-02,PENDING
637,1596,1118.92,2026-03-04,PAID
638,1824,2989.54,2026-08-01,PAID
639,1754,1002.03,2026-09-14,PAID
640,1603,2973.34,2026-07-05,PENDING
641,1792,4236.75,2026-07-17,PAID
642,1229,1028.22,2026-04-06,PAID
643,1065,1343.59,2026-08-19,PAID
644,1356,97.32,2026-01-05,PAID
645,1474,4355.76,2026-03-02,PENDING
646,1417,4572.11,2026-05-19,CANCELLED
647,1035,3474.58,2026-08-04,CANCELLED
648,1930,4814.05,2026-07-13,PAID
649,1147,2927.68,2026-09-21,PAID
650,1245,1929.02,not-a-date,PAID
651,1137,2836.54,2026-04-13,PENDING
652,1564,4071.13,2026-02-01,PAID
653,1825,2940.53,2026-06-23,PAID
654,1914,1312.45,2026-03-01,PENDING
655,1567,1931.99,2026-05-14,PAID
656,1568,3260.86,2026-09-09,PAID
657,1610,1934.78,2026-07-02,PAID
658,1367,269.15,2026-01-06,PAID
659,1236,2111.27,2026-04-26,PAID
660,1180,2203.74,2026-09-21,PAID
661,1259,3569.02,2026-06-27,CANCELLED
662,1988,343.73,2026-08-06,PAID
663,1707,2390.23,2026-02-18,CANCELLED
664,1863,1895.79,2026-01-19,PAID
665,1080,2310.78,2026-06-14,PENDING
666,1471,879.93,2026-04-02,PAID
667,1712,,2026-01-17,PAID
668,1642,4099.10,2026-08-20,PAID
669,1383,678.21,2026-09-04,PENDING
670,1788,1737.04,2026-06-14,PAID
671,1958,2719.53,2026-01-16,PAID
672,1905,293.88,2026-04-15,PAID
673,1622,2907.03,2026-04-10,PAID
674,1745,-1819.26,2026-07-23,PAID
675,1612,4472.92,2026-08-19,PAID
676,1778,4358.46,2026-08-23,PAID
677,1774,1843.54,2026-09-19,PAID
678,1112,1295.49,2026-09-06,PENDING
679,1073,1178.53,2026-07-19,PAID
680,1904,1296.58,2026-03-16,PAID
681,1345,4126.43,2026-07-28,PAID
682,1542,4631.14,2026-03-28,PENDING
683,1036,2494.23,2026-04-15,PAID
684,1340,4820.53,2026-08-11,PAID
685,1871,1563.82,2026-07-24,PENDING
686,1260,4266.66,2026-02-06,PENDING
687,1767,975.54,2026-06-20,PAID
688,1520,700.22,2026-04-27,PAID
689,1662,4731.45,2026-04-29,PAID
690,1742,4770.69,2026-02-28,PAID
691,1418,2236.51,2026-08-24,PAID
692,1031,3611.64,2026-06-16,PAID
693,1007,3855.12,2026-08-24,PENDING
694,1486,4692.37,2026-06-08,PAID
695,1098,4234.64,2026-03-26,PAID
696,1523,4854.13,2026-08-11,PAID
697,1307,1794.71,2026-01-30,PENDING
698,1576,370.00,2026-05-12,PAID
699,1203,4711.97,2026-07-29,PENDING
700,1339,3152.58,2026-09-26,PENDING
701,1784,1069.74,2026-01-15,PAID
702,1170,374.31,2026-08-02,PAID
703,1220,4379.26,2026-06-23,PENDING
704,1026,2688.52,2026-02-02,PAID
705,1725,4686.78,2026-08-29,PAID
706,1338,4179.59,2026-02-11,PAID
707,1988,4738.74,2026-08-20,PENDING
708,1284,4207.81,2026-04-13,PAID
709,1508,1052.51,2026-08-15,PENDING
710,1055,4345.33,2026-01-13,PAID
711,1825,3270.33,2026-01-07,PENDING
712,1831,2676.79,2026-03-08,PAID
713,1958,1469.45,2026-04-26,PAID
714,1625,3424.62,2026-01-09,PENDING
715,1710,2111.24,2026-02-20,PAID
716,1973,1852.14,2026-01-20,PAID
717,1069,3642.09,2026-09-10,PAID
718,1550,3801.31,2026-04-20,PAID
719,1100,4376.51,2026-08-31,PAID
720,1332,3148.70,2026-05-28,PENDING
721,1817,2322.19,2026-04-06,PENDING
722,1504,474.10,2026-01-03,PAID
723,1923,2437.60,2026-05-11,PAID
724,1505,-1335.73,2026-05-26,PAID
725,1233,2176.94,2026-04-03,PAID
726,1421,382.64,2026-05-07,PAID
727,1762,1287.38,2026-05-25,PAID
728,1092,4467.99,2026-08-09,PENDING
729,1982,4784.34,2026-06-21,PAID
730,1906,2939.67,2026-03-24,PAID
731,1704,2407.68,2026-03-13,PAID
732,1620,845.88,2026-04-06,PAID
733,1549,866.99,2026-05-04,CANCELLED
734,1031,2481.58,2026-03-14,PAID
735,1800,1979.63,2026-08-11,CANCELLED
736,1776,2528.71,2026-02-07,PAID
737,1373,4681.13,2026-02-24,PAID
738,1923,4049.24,2026-04-12,PAID
739,1841,4176.10,2026-04-08,PAID
740,1303,1402.25,2026-03-18,PAID
741,1847,1772.93,2026-03-16,PAID
742,1033,765.64,2026-08-26,PAID
743,1451,3884.41,2026-04-17,PAID
744,1267,346.91,2026-09-21,PENDING
745,1715,4778.75,2026-01-26,PAID
746,1064,624.88,2026-01-30,CANCELLED
747,1508,3138.61,2026-08-10,CANCELLED
748,1597,882.78,2026-01-02,PENDING
749,1279,3405.87,2026-05-08,PAID
750,1678,2962.95,2026-07-25,PAID
751,1035,4183.93,2026-03-14,PAID
752,1648,1664.40,2026-02-18,PAID
753,1395,14.53,2026-04-27,PAID
754,1173,242.74,2026-05-13,PAID
755,1804,2189.52,2026-08-03,PAID
756,1333,4902.05,2026-03-23,PAID
757,1489,2160.34,2026-02-02,PENDING
758,1777,514.31,2026-02-04,PAID
759,1443,317.28,2026-08-04,PENDING
760,1971,824.37,2026-04-09,PAID
761,1708,4777.07,2026-08-03,PAID
762,1901,4339.51,2026-01-19,PAID
763,1304,1230.86,2026-01-23,CANCELLED
764,1478,4611.00,2026-06-25,PENDING
765,1649,4212.68,2026-09-10,PAID
766,1169,2082.93,2026-02-24,CANCELLED
767,1499,2933.60,2026-09-22,PAID
768,1031,1911.41,2026-06-12,PENDING
769,1424,4586.88,2026-01-02,PAID
770,1421,6.90,2026-01-16,CANCELLED
771,1376,136.96,2026-05-18,PAID
772,1427,953.35,2026-09-20,PAID
773,1646,2893.86,2026-03-27,PAID
774,1914,3125.00,2026-09-15,PAID
775,1272,3058.19,2026-04-07,PAID
776,1981,1987.29,2026-06-16,PAID
777,1131,1806.52,2026-09-09,PAID
778,1290,901.72,2026-04-24,PENDING
779,1736,1685.99,2026-07-07,CANCELLED
780,1021,3855.06,2026-09-15,PENDING
781,1716,738.13,2026-09-06,PAID
782,1551,916.43,2026-08-14,PAID
783,1195,4199.08,2026-07-13,PAID
784,1331,3674.13,2026-07-01,PAID
785,1139,1178.22,2026-07-23,PAID
786,1570,380.48,2026-03-08,PENDING
787,1234,4958.70,2026-07-03,PENDING
788,1800,242.88,2026-08-20,PENDING
789,1527,2988.37,2026-02-01,PAID
790,1831,871.47,2026-02-20,PAID
791,1314,2243.46,2026-04-28,PENDING
792,1305,4022.06,2026-05-22,PAID
793,1504,3313.45,2026-06-30,PAID
794,1583,1029.94,2026-02-27,PAID
795,1168,761.41,2026-03-12,PAID
796,1048,3039.90,2026-04-10,PAID
797,1708,360.58,2026-05-08,PAID
798,1163,807.29,2026-01-13,PENDING
799,1486,4539.66,2026-01-06,CANCELLED
800,1348,1803.51,2026-05-30,CANCELLED
801,1678,3688.20,2026-02-17,PAID
802,1123,541.01,2026-03-26,PAID
803,1213,2148.82,2026-07-28,PAID
804,1441,830.30,2026-05-16,PAID
805,1274,197.46,2026-07-03,CANCELLED
806,1722,1054.55,2026-06-11,PENDING
807,1643,2211.93,2026-07-27,PAID
808,1253,3953.84,2026-01-26,PAID
809,1793,1534.18,2026-09-01,PAID
810,1943,4430.97,2026-03-18,PAID
811,1464,354.98,2026-04-10,CANCELLED
812,1777,4211.56,2026-04-13,PAID
813,1670,699.74,2026-01-10,PAID
814,1477,619.31,2026-05-23,PAID
815,1289,2411.69,2026-03-09,PAID
816,1699,4653.10,2026-09-11,PAID
817,1739,4670.52,2026-02-11,PAID
818,1434,2065.70,2026-09-02,CANCELLED
819,1611,4809.24,2026-09-11,PENDING
820,1799,129.38,2026-05-01,PAID
821,1566,1966.62,2026-06-04,CANCELLED
822,1347,3594.19,2026-02-23,PAID
823,1638,4671.28,2026-06-09,PAID
824,1809,2316.27,2026-07-05,PAID
825,1494,3609.14,2026-06-30,PAID
826,1513,2560.12,2026-05-03,CANCELLED
827,1599,4587.85,2026-03-30,CANCELLED
828,1295,2294.96,2026-04-11,PENDING
829,1289,4471.51,2026-03-15,PAID
830,1211,3057.82,2026-02-18,PAID
831,1506,416.61,2026-03-13,PAID
832,1412,1749.42,2026-02-09,PENDING
833,1338,3189.03,2026-05-19,PAID
834,1607,3955.60,2026-09-23,PENDING
835,1779,2428.35,2026-09-30,PAID
836,1393,4482.75,2026-02-03,PENDING
837,1241,1896.94,2026-05-14,PAID
838,1356,3945.15,2026-02-10,PAID
839,1816,4902.76,2026-06-06,PAID
840,1078,4342.05,2026-01-19,PAID
841,1981,2650.92,2026-09-28,PAID
842,1461,2482.24,2026-05-13,PAID
843,1262,3481.70,2026-01-25,PAID
844,1172,4664.94,2026-02-02,PAID
845,1063,2960.11,2026-09-16,PAID
846,1297,2132.51,2026-08-06,PAID
847,1088,575.19,2026-07-26,PAID
848,1627,1705.22,2026-01-07,PAID
849,1964,804.23,2026-09-15,CANCELLED
850,1734,4897.04,2026-06-15,CANCELLED
851,1634,4957.37,2026-01-20,PAID
852,1899,4041.25,2026-08-07,PAID
853,1279,1389.22,2026-04-29,PENDING
854,1127,4708.95,2026-04-14,PAID
855,1157,45.27,2026-02-18,PAID
856,1835,4599.32,2026-03-26,PAID
857,1729,465.84,2026-02-18,PAID
858,1581,3309.56,2026-05-13,PAID
859,1803,2532.01,2026-02-27,PAID
860,1956,85.20,2026-06-03,PAID
861,1677,2066.35,2026-08-23,PAID
862,1564,4328.90,2026-06-09,PENDING
863,1554,110.08,2026-06-30,PENDING
864,1783,3003.57,2026-01-17,PENDING
865,1320,3317.50,2026-01-08,PAID
866,1775,4370.08,2026-03-18,PENDING
867,1418,3235.31,2026-05-31,PENDING
868,1284,72.22,2026-01-18,PAID
869,1811,1179.77,2026-06-05,CANCELLED
870,1738,3771.62,2026-05-30,PAID
871,1026,1123.68,2026-05-23,PAID
872,1660,4975.85,2026-06-07,PENDING
873,1104,133.10,2026-09-10,PAID
874,1418,4453.42,2026-03-31,PAID
875,1194,3647.51,2026-07-01,PENDING
876,1016,4018.59,2026-03-20,PAID
877,1788,1403.96,2026-09-25,PAID
878,1004,3063.97,2026-06-11,PAID
879,1397,463.98,2026-05-27,PAID
880,1708,119.64,2026-07-24,CANCELLED
881,1518,1382.23,2026/13/45,PAID
882,1097,4474.40,2026-03-08,PAID
883,1079,517.33,2026-09-15,PAID
884,1245,3965.05,2026/13/45,PAID
885,1251,1048.98,2026-07-03,PAID
886,1918,3882.61,2026-03-28,PAID
887,1475,4827.20,2026-06-25,PENDING
888,1844,1535.24,2026-06-25,PAID
889,1742,2017.78,2026-09-09,PAID
890,1704,1552.33,2026-05-03,PENDING
891,1451,4367.17,2026-03-06,PAID
892,1973,2066.54,2026-03-02,PAID
893,1706,423.86,2026-04-01,PAID
894,1873,4904.42,2026-01-11,PAID
895,1465,729.31,2026-04-11,PENDING
896,1152,2309.09,2026-07-15,PAID
897,1477,1581.75,2026-07-04,PAID
898,1544,3061.44,2026-09-21,PAID
899,1305,2642.96,2026-07-18,PAID
900,1152,4244.88,2026-09-17,PAID
901,1615,1575.70,2026-09-02,CANCELLED
902,1134,407.97,2026-07-24,PENDING
903,1774,4423.50,2026-07-06,PENDING
904,1900,,2026-07-07,PAID
905,1971,3049.42,2026-03-27,PENDING
906,1410,2547.95,2026-06-15,PENDING
907,1516,4466.86,2026-06-06,PAID
908,1414,791.97,2026-04-16,PAID
909,1025,1707.28,2026-04-05,PAID
910,1167,3525.29,2026-06-05,PAID
911,1143,2449.59,2026-08-19,PAID
912,1081,1382.60,2026-08-30,PENDING
913,1319,3160.01,2026-08-14,PENDING
914,1730,991.73,2026-04-11,PENDING
915,1293,2082.24,2026-07-03,PAID
916,1096,1047.58,2026-07-21,PAID
917,1879,3635.29,2026-08-14,CANCELLED
918,1632,4622.61,2026-07-22,PENDING
919,1810,1344.09,2026-01-16,PENDING
920,1354,1429.73,2026-03-10,PAID
921,1044,450.17,2026-06-11,PENDING
922,1841,1673.99,2026-06-07,CANCELLED
923,1213,1936.06,2026-01-14,PAID
924,1278,1520.88,2026-06-30,PAID
925,1631,1532.08,2026-04-29,PENDING
926,1836,2393.55,2026-06-19,PAID
927,1514,182.63,2026-02-01,PAID
928,1556,934.86,2026-05-17,PAID
929,1083,3794.10,2026-05-06,CANCELLED
930,1976,2252.79,2026-01-16,PENDING
931,1201,4248.01,2026-07-17,PAID
932,1831,654.19,2026-03-25,PAID
933,1405,1653.36,2026-05-29,PAID
934,1090,1659.42,2026-03-16,CANCELLED
935,1916,2608.29,2026-04-27,PAID
936,1841,4224.34,2026-07-18,PENDING
937,1949,2101.20,2026-08-15,PENDING
938,1088,4723.33,2026-06-09,PAID
939,1413,78.97,2026-06-25,PAID
940,1272,3077.09,2026-09-20,PAID
941,1266,3061.85,2026-06-24,PENDING
942,1735,1627.46,2026-03-11,PAID
943,1602,2991.89,2026-04-20,PAID
944,1564,3700.96,2026-01-19,PENDING
945,1354,2001.17,2026-01-09,PENDING
946,1313,3836.50,2026-05-29,PAID
947,1544,499.32,2026-08-04,PAID
948,1448,2766.38,2026-09-03,PAID
949,1582,854.45,2026-03-04,PAID
950,1311,2075.57,2026-06-09,PAID
951,1346,2251.19,2026-08-20,PAID
952,1648,4458.57,2026-04-28,ERROR
953,1525,4739.21,2026-01-29,PENDING
954,1407,1406.16,2026-07-17,PENDING
955,1992,4145.35,2026-07-05,PAID
956,1745,237.79,2026-02-27,PAID
957,1370,2267.74,2026-02-24,PENDING
958,1427,,2026-05-10,PAID
959,1955,3767.60,2026-01-22,PAID
960,1467,2091.96,2026-01-23,PAID
961,1701,2722.28,2026-03-20,PAID
962,1530,4760.32,2026-08-02,PAID
963,1069,607.64,2026-06-30,PAID
964,1685,4060.58,2026-02-02,PENDING
965,1255,3437.07,2026-07-03,PAID
966,1568,1936.86,2026-07-18,PAID
967,1693,3686.97,2026-04-17,PAID
968,1065,1430.45,2026-03-05,PENDING
969,1575,1106.99,2026-03-27,PENDING
970,1864,4228.90,2026-01-04,PAID
971,1936,2496.70,2026-05-25,CANCELLED
972,1754,84.84,2026-01-02,PAID
973,1966,3313.47,2026-01-20,PENDING
974,1504,2204.52,2026-05-10,PAID
975,1375,1419.69,2026-02-18,CANCELLED
976,1872,1118.82,2026-01-06,PAID
977,1053,1636.43,2026-05-04,PAID
978,1097,4888.92,2026-07-20,PAID
979,1254,913.66,2026-07-26,PAID
980,1570,3257.15,2026-07-25,PENDING
981,1693,1367.77,2026-07-16,PENDING
982,1801,3152.00,2026-08-25,PAID
983,1001,1071.08,2026-01-10,PAID
984,1828,1355.88,2026-07-24,CANCELLED
985,1298,577.02,2026-04-08,PAID
986,1647,917.03,2026-05-19,PAID
987,1675,2379.96,2026-02-13,PENDING
988,1154,3218.78,2026-06-20,PAID
989,1331,4540.15,2026-01-26,PAID
990,1286,382.57,2026-07-02,PENDING
991,1186,2377.85,2026-04-10,PAID
992,1799,343.81,2026-01-16,PENDING
993,1183,479.92,2026-08-24,PENDING
994,1884,3627.46,2026-01-10,PENDING
995,1688,1036.65,2026-02-01,PENDING
996,1689,652.01,2026-02-03,PAID
997,1402,4698.45,2026-08-31,PAID
998,1792,1244.84,2026-04-18,PENDING
999,1063,4090.27,2026-05-31,PAID
1000,1448,3916.45,2026-01-31,PAID
1001,1301,2250.43,2026-02-11,PAID
1002,1499,223.24,2026-06-17,PENDING
1003,1816,3386.72,2026-06-04,PAID
1004,1669,3388.60,2026-01-29,PAID
1005,1084,1176.78,2026-01-23,PAID
1006,1449,814.13,2026-05-11,PAID
1007,1638,548.08,2026-08-28,PENDING
1008,1807,2500.24,2026-04-23,PAID
1009,1406,62.75,2026-08-02,PAID
1010,1414,3036.76,2026-03-17,PAID
1011,1200,300.94,2026-07-26,PAID
1012,1325,781.72,2026-03-01,PAID
1013,1987,2743.45,2026-07-26,PAID
1014,1928,3016.63,2026-01-27,PENDING
1015,1797,3642.64,2026-02-26,PAID
1016,1734,4756.74,2026-09-25,CANCELLED
1017,1662,4648.30,2026/13/45,PAID
1018,1824,1584.64,2026-07-15,PAID
1019,1523,3458.24,2026-07-10,PENDING
1020,1554,2258.60,2026-05-31,PAID
1021,1061,3054.04,2026-03-21,PAID
1022,1901,2796.30,2026-03-20,PAID
1023,1942,1562.33,2026-02-25,PENDING
1024,1145,1521.53,2026-01-21,PAID
1025,1441,3720.36,2026-06-18,PAID
1026,1070,2477.30,2026-09-21,PAID
1027,1694,1200.09,2026-03-02,PAID
1028,1395,3198.68,2026-08-10,CANCELLED
1029,1054,427.52,2026-02-05,CANCELLED
1030,1185,3901.64,2026-02-09,PAID
1031,1017,2435.77,2026-05-07,PAID
1032,1536,4941.12,2026-04-30,PAID
1033,1065,4411.16,2026-04-23,PAID
1034,1296,25.84,2026-01-07,PAID
1035,1628,4944.90,2026-06-09,PAID
1036,1420,2755.24,2026-08-07,PAID
1037,1343,817.49,2026-01-24,PENDING
1038,1115,4711.18,2026-04-20,CANCELLED
1039,1717,446.49,2026-08-01,PAID
1040,1712,1923.61,2026-07-20,PAID
1041,1910,303.73,2026-09-15,UNKNOWN
1042,1994,3763.99,2026-04-16,UNKNOWN
1043,1995,2538.80,2026-06-10,PAID
1044,1704,895.65,2026-01-16,PAID
1045,1038,3039.69,2026-06-02,PAID
1046,1649,4551.43,2026-08-03,PAID
1047,1771,1138.87,2026-06-02,PAID
1048,1072,2539.17,2026-07-23,PAID
1049,1101,1665.77,2026-09-06,PENDING
1050,1260,2373.98,2026-05-28,PAID
1051,1292,4930.74,2026-05-15,PAID
1052,1724,1831.54,2026-01-20,PENDING
1053,1958,735.05,2026-08-25,PAID
1054,1611,2705.65,2026-09-24,PAID
1055,1346,3040.41,2026-06-04,PENDING
1056,1157,1867.32,2026-06-23,PAID
1057,1539,2076.00,2026-01-03,PAID
1058,1457,249.63,2026-07-22,PENDING
1059,1440,4213.84,2026-05-20,PENDING
1060,1638,955.70,2026-09-21,PAID
1061,1959,727.43,2026-02-24,PAID
1062,1469,4943.14,2026-05-20,PENDING
1063,1050,587.81,2026-09-10,PENDING
1064,1305,2972.37,2026-08-25,PENDING
1065,1985,223.79,2026-04-17,PAID
1066,1853,807.75,2026-02-06,PAID
1067,1220,4129.33,2026-01-30,PAID
1068,1906,3699.19,2026-07-31,PAID
1069,1715,1095.12,2026-09-16,PENDING
1070,1023,3544.34,2026-08-13,PAID
1071,1303,2091.41,2026-01-28,PENDING
1072,1902,1826.77,2026-06-05,PAID
1073,1955,1253.15,2026-04-27,PAID
1074,1115,3910.26,2026-09-30,PENDING
1075,1452,286.85,2026-02-05,PAID
1076,1933,4291.44,2026-06-30,PAID
1077,1966,827.12,2026-01-19,CANCELLED
1078,1047,4675.04,2026-01-25,PENDING
1079,1443,4450.98,2026-06-21,PENDING
1080,1250,2760.52,2026-03-11,PAID
1081,1127,2318.22,2026-03-26,PAID
1082,1923,3000.71,2026-03-13,CANCELLED
1083,1084,4005.10,2026-06-26,PAID
1084,1779,1886.70,2026-04-29,PAID
1085,1951,931.02,2026-06-09,PAID
1086,1810,1359.65,2026-09-08,PAID
1087,1927,2678.75,2026-08-22,PAID
1088,1634,1411.29,2026-02-12,CANCELLED
1089,1077,3776.45,2026-03-24,PAID
1090,1148,3713.15,2026-03-21,PAID
1091,1383,4139.82,2026-01-03,PAID
1092,1985,1565.10,2026-07-16,PAID
1093,1848,3056.85,2026-04-15,PENDING
1094,1378,2756.09,2026-08-15,PAID
1095,1738,2199.30,2026-09-12,PAID
1096,1088,2940.39,2026-05-31,PAID
1097,1886,3083.57,2026-03-12,PENDING
1098,1541,262.21,2026-09-10,PAID
1099,1526,1322.95,2026-04-18,PENDING
1100,1202,4079.93,2026-09-13,PAID
1101,1249,1152.85,2026-04-20,PAID
1102,1063,1360.31,2026-05-18,PAID
1103,1910,4288.64,2026-08-22,PAID
1104,1993,2220.20,2026-05-24,PAID
1105,1526,3715.70,2026-07-18,PAID
1106,1331,3924.92,2026-06-02,PENDING
1107,1013,770.26,2026-06-06,PAID
1108,1341,3792.75,2026-04-15,PENDING
1109,1954,4851.57,2026-02-26,PAID
1110,1919,918.83,2026-09-27,PENDING
1111,1373,4828.34,2026-07-11,PAID
1112,1436,3643.68,2026-05-13,PENDING
1113,1461,3661.36,2026-01-01,PAID
1114,1255,2148.30,2026-02-10,PAID
1115,1967,3870.50,2026-05-22,PAID
1116,1300,4513.30,2026-01-29,PAID
1117,1534,1239.77,2026-01-11,PAID
1118,1608,844.82,2026-09-24,PAID
1119,1509,1699.30,2026-03-08,PAID
1120,1378,1369.74,2026-01-31,PENDING
1121,1891,457.67,2026-03-09,PAID
1122,1480,4769.48,2026-05-29,PENDING
1123,1190,2061.12,2026-02-15,CANCELLED
1124,1811,3937.33,2026-09-28,PENDING
1125,1464,2997.19,2026-06-11,PENDING
1126,1397,3015.22,2026-01-30,PAID
1127,1610,3587.13,2026-03-28,PAID
1128,1356,1567.53,2026-04-24,PAID
1129,1437,475.86,2026-06-10,PENDING
1130,1556,4189.77,2026-07-02,PAID
1131,1065,4775.50,2026-03-13,PAID
1132,1232,4247.30,2026-04-17,CANCELLED
1133,1784,4686.74,2026-03-01,PAID
1134,1755,3498.09,2026-05-27,PAID
1135,1138,289.86,2026-08-23,PAID
1136,1085,1521.84,2026-07-03,PAID
1137,1563,4669.35,2026-03-06,PAID
1138,1573,4505.83,2026-09-19,PENDING
1139,1545,4910.56,2026-03-25,PAID
1140,1997,1128.29,2026-05-31,PAID
1141,1357,2658.85,2026-04-22,PAID
1142,1293,1184.92,2026-02-14,PENDING
1143,1653,1843.15,2026-08-28,PAID
1144,1881,1264.26,2026-01-02,PAID
1145,1302,584.56,2026-08-20,PENDING
1146,1043,364.90,2026-01-13,PAID
1147,1980,3767.78,2026-01-21,PAID
1148,1800,2081.79,2026-03-23,PAID
1149,1177,834.70,2026-08-14,CANCELLED
1150,1146,3268.48,2026-01-13,PENDING
1151,1473,3022.13,2026-07-03,PAID
1152,1030,2102.89,2026-02-10,PENDING
1153,1336,1321.46,2026-01-25,PENDING
1154,1315,266.23,2026-08-25,PAID
1155,1765,1535.83,2026-07-02,PAID
1156,1633,451.63,2026-01-27,PAID
1157,1353,1195.32,2026-09-27,CANCELLED
1158,1844,1779.25,2026-01-09,CANCELLED
1159,1797,1017.43,2026-06-07,PENDING
1160,1960,4086.08,2026-04-27,PAID
1161,1658,4386.36,2026-09-02,CANCELLED
1162,1625,1544.31,2026-08-19,PENDING
1163,1741,725.25,2026-09-25,PAID
1164,1269,1838.13,2026-02-30,PENDING
1165,1914,2754.15,2026-06-14,PENDING
1166,1604,-4126.33,2026-05-16,PAID
1167,1485,910.66,2026-02-28,CANCELLED
1168,1983,3121.24,2026-05-22,PAID
1169,1997,629.44,2026-07-31,PENDING
1170,1521,3221.80,2026-05-01,PAID
1171,1108,2896.36,2026-05-02,PENDING
1172,1360,4262.15,2026-09-19,PAID
1173,1173,1792.68,2026-08-13,PAID
1174,1701,1093.83,2026-05-30,CANCELLED
1175,1556,4157.56,2026-01-03,PAID
1176,1373,863.51,2026-08-06,PAID
1177,1364,1141.35,2026-05-25,PAID
1178,1540,116.45,2026-07-01,PAID
1179,1824,4137.03,2026-09-08,PAID
1180,1306,828.40,2026-06-27,PAID
1181,1047,3896.52,2026-05-28,PENDING
1182,1117,1274.92,2026-06-04,PAID
1183,1754,3649.95,2026-04-29,PENDING
1184,1867,3470.71,2026-08-12,PAID
1185,1520,2782.97,2026-08-01,PAID
1186,1497,1658.16,2026-05-12,PAID
1187,1427,3093.53,2026-03-20,PENDING
1188,1590,4313.56,2026-08-09,PAID
1189,1967,2860.93,2026-04-05,PAID
1190,1427,4706.46,2026-06-13,PAID
1191,1669,2161.72,2026-04-10,PENDING
1192,1168,782.28,2026-08-16,PAID
1193,1095,4420.18,2026-06-29,PAID
1194,1646,389.59,2026-05-04,PAID
1195,1391,1974.75,2026-03-08,PAID
1196,1057,2611.05,2026-08-18,PAID
1197,1157,4852.17,2026-03-31,PAID
1198,1186,2765.19,2026-04-19,PENDING
1199,1937,-4352.11,2026-01-10,PAID
1200,1838,178.91,2026-01-14,PENDING
1201,1589,3049.35,2026-07-15,PAID
1202,1248,2167.53,2026-07-01,CANCELLED
1203,1041,362.59,2026-07-06,CANCELLED
1204,1387,314.93,2026-02-01,PENDING
1205,1656,4637.57,2026-08-30,PENDING
1206,1159,4590.39,2026-03-20,PAID
1207,1049,2539.43,2026-03-05,PAID
1208,1197,4680.76,2026-02-11,PAID
1209,1476,1787.78,2026-01-06,PAID
1210,1049,2691.24,2026-06-01,PAID
1211,1407,98.64,2026-05-20,PAID
1212,1915,2576.39,2026-02-24,PAID
1213,1672,4343.33,2026-02-09,PENDING
1214,1772,4308.29,2026-06-14,PAID
1215,1058,1403.42,2026-09-29,PAID
1216,1074,3785.11,2026-02-14,PAID
1217,1590,1499.52,2026-09-14,PENDING
1218,1814,3993.64,2026-06-13,PAID
1219,1152,3930.91,2026-08-29,PAID
1220,1398,1798.65,2026-07-02,PAID
1221,1245,1864.10,2026-03-08,PAID
1222,1184,2240.85,2026-09-19,PENDING
1223,1418,1380.25,2026-02-11,PENDING
1224,1103,239.29,2026-02-06,PENDING
1225,1771,3484.99,2026-07-31,PENDING
1226,1502,3001.35,2026-09-28,PENDING
1227,1732,3648.39,2026-09-11,PAID
1228,1028,4339.81,2026-04-04,PENDING
1229,1889,2160.35,2026-04-01,PAID
1230,1589,2487.29,2026-03-25,PENDING
1231,1724,4008.10,2026-04-26,PAID
1232,1014,3981.82,2026-07-10,PENDING
1233,1985,975.04,2026-06-17,PAID
1234,1432,2645.05,2026-08-25,PAID
1235,1554,2323.70,2026-09-02,PAID
1236,1582,3714.12,2026-05-07,PAID
1237,1578,1204.41,2026-03-03,PAID
1238,1339,403.79,2026-07-02,PAID
1239,1969,4679.12,2026-01-08,CANCELLED
1240,1819,1872.19,2026-04-01,PAID
1241,1608,3450.39,2026-03-26,PAID
1242,1958,4626.84,2026-04-02,PENDING
1243,1822,4796.04,2026-06-11,PAID
1244,1464,1942.05,2026-07-07,PAID
1245,1381,1343.61,2026-08-20,CANCELLED
1246,1431,1482.68,2026-01-25,PENDING
1247,1162,377.27,2026-01-09,PAID
1248,1002,2066.95,2026-01-27,PAID
1249,1581,4073.54,2026-01-09,PAID
1250,1952,350.01,2026-09-06,PAID
1251,1514,3491.25,2026-06-02,PAID
1252,1551,1551.03,2026-04-13,PAID
1253,1223,4007.77,2026-03-29,PAID
1254,1366,3501.37,2026-08-16,PAID
1255,1218,885.74,2026-08-26,PAID
1256,1093,2203.00,2026-05-20,PENDING
1257,1260,710.32,2026-08-21,PAID
1258,1028,4439.68,2026-02-13,PAID
1259,1376,912.97,2026-01-21,PAID
1260,1691,3373.91,2026-02-21,PAID
1261,1514,3990.97,2026-07-10,PAID
1262,1888,345.16,2026-03-15,PENDING
1263,1694,367.79,2026-03-13,PAID
1264,1130,4745.09,2026-06-14,PENDING
1265,1903,520.09,2026-09-25,PAID
1266,1462,3320.46,2026-08-07,PAID
1267,1654,2700.22,2026-06-25,PAID
1268,1543,2829.59,2026-03-04,PENDING
1269,1683,613.76,2026-03-01,PAID
1270,1629,4923.51,2026-08-08,PAID
1271,1048,2092.96,2026-06-02,PENDING
1272,1874,387.88,2026-05-28,ERROR
1273,1449,331.26,2026-03-26,PAID
1274,1466,3688.91,2026-01-05,PAID
1275,1751,4895.80,2026-06-21,PAID
1276,1311,929.24,2026-05-24,PAID
1277,1261,359.56,2026-08-20,PAID
1278,1724,1948.82,2026-05-26,PENDING
1279,1077,4035.14,2026-04-25,CANCELLED
1280,1354,905.21,2026-08-30,PENDING
1281,1167,4167.20,2026-07-26,PAID
1282,1679,4650.42,2026-03-17,PENDING
1283,1663,3932.20,2026-02-24,PAID
1284,1016,4651.74,2026-01-06,PAID
1285,1203,1466.53,2026-08-19,PENDING
1286,1749,4999.31,2026-02-04,PAID
1287,1114,3530.46,2026-03-13,CANCELLED
1288,1416,1357.52,2026-01-16,PAID
1289,1122,4241.03,2026-01-07,PAID
1290,1683,2129.67,2026-03-25,PAID
1291,1099,4963.58,2026-04-08,PAID
1292,1694,3767.82,2026-02-28,PAID
1293,1912,4738.68,2026-02-20,PAID
1294,1771,3662.73,2026-02-12,PAID
1295,1212,785.36,2026-01-02,PAID
1296,1141,2625.09,2026-07-22,PAID
1297,1921,2062.20,2026-03-09,PENDING
1298,1584,3135.51,2026-04-10,PENDING
1299,1399,4504.43,2026-03-28,PAID
1300,1791,1713.93,2026-08-28,PAID
1301,1839,2229.92,2026-05-23,PENDING
1302,1423,4248.36,2026-09-26,PAID
1303,1127,3188.76,2026-06-29,PENDING
1304,1782,4747.13,2026-03-22,PENDING
1305,1532,519.71,2026-03-01,PENDING
1306,1967,641.45,2026-07-24,PAID
1307,1566,1149.75,2026-09-11,PENDING
1308,1289,4519.16,2026-05-21,PAID
1309,1177,1553.24,2026-07-01,CANCELLED
1310,1736,2652.22,2026-06-08,PAID
1311,1220,756.38,2026-08-14,PAID
1312,1030,861.47,2026-09-29,PAID
1313,1501,2218.21,2026-06-12,CANCELLED
1314,1279,3714.33,2026-06-21,PAID
1315,1982,1644.76,2026-02-18,PENDING
1316,1756,4023.59,2026-07-27,PAID
1317,1616,4016.56,2026-02-06,PAID
1318,1794,1181.82,2026-01-23,CANCELLED
1319,1708,2980.49,2026-03-14,PAID
1320,1324,4992.82,2026-06-03,PAID
1321,1927,3122.20,2026-07-30,PAID
1322,1210,4617.91,2026-08-05,PAID
1323,1961,2099.77,2026-04-15,CANCELLED
1324,1596,926.81,2026-01-15,CANCELLED
1325,1644,841.15,2026-03-17,PENDING
1326,1720,4775.85,2026-09-02,PAID
1327,1130,966.03,2026-07-08,PAID
1328,1540,4400.51,2026-05-19,PAID
1329,1479,4882.43,2026-05-18,PAID
1330,1037,2021.45,2026-03-16,PENDING
1331,1753,576.58,2026-02-10,PAID
1332,1749,2181.13,2026-07-15,PAID
1333,1381,592.26,2026-03-14,PAID
1334,1791,4280.11,2026-07-27,PAID
1335,1902,1266.00,2026-04-18,PAID
1336,1723,1120.03,2026-02-10,PENDING
1337,1682,4937.47,2026-07-30,PENDING
1338,1588,2483.18,2026-07-06,PAID
1339,1086,2928.26,2026-09-23,PENDING
1340,1044,2213.94,2026-05-14,PAID
1341,1653,689.00,2026-06-02,PENDING
1342,1392,2525.78,2026-02-19,PAID
1343,1046,1680.08,2026-02-22,PAID
1344,1522,2086.51,2026-02-26,CANCELLED
1345,1389,260.11,2026-07-14,PAID
1346,1817,3954.06,2026-06-28,PAID
1347,1818,3040.93,2026-03-19,PAID
1348,1660,2829.50,2026-03-10,CANCELLED
1349,1819,2153.86,2026-01-10,PAID
1350,1578,3043.04,2026-07-09,PAID
1351,1273,3633.93,2026-09-12,PENDING
1352,1127,4266.15,2026-02-05,PAID
1353,1501,2199.23,2026-04-10,PAID
1354,1955,3113.23,2026-02-05,PENDING
1355,1454,1765.85,2026-02-13,PENDING
1356,1020,2478.38,2026-03-18,PAID
1357,1459,1034.58,2026-01-25,PENDING
1358,1786,2938.43,2026-04-20,PAID
1359,1610,729.40,2026-09-15,PAID
1360,1667,2942.03,2026-07-17,PAID
1361,1135,893.20,2026-02-18,PAID
1362,1704,2311.41,2026-01-13,PAID
1363,1329,3054.77,2026-03-17,PENDING
1364,1840,3285.19,2026-07-09,PENDING
1365,1211,283.97,2026-02-08,PAID
1366,1425,3610.91,2026-07-28,PAID
1367,1960,367.85,2026-06-05,PENDING
1368,1915,2134.40,2026-02-04,PAID
1369,1448,2858.72,2026-07-23,PAID
1370,1388,396.25,2026-08-02,PAID
1371,1122,1889.29,2026-02-20,PENDING
1372,1533,849.24,2026-01-20,PAID
1373,1901,1752.68,2026-04-27,PENDING
1374,1589,538.92,2026-07-19,PAID
1375,1254,563.35,2026-06-03,PENDING
1376,1298,2593.37,2026-07-30,PENDING
1377,1216,1113.54,2026-07-25,PAID
1378,1094,452.23,2026-08-20,PENDING
1379,1570,3897.17,2026-06-30,PAID
1380,1794,4334.66,2026-03-17,PAID
1381,1805,4055.69,2026-05-17,PAID
1382,1623,2466.97,2026-09-10,PAID
1383,1174,3220.65,2026-02-15,PAID
1384,1643,2077.85,2026-05-10,PAID
1385,1222,2154.59,2026-06-14,PAID
1386,1308,4887.20,2026-06-10,PENDING
1387,1166,520.70,2026-03-26,PAID
1388,1924,1390.12,2026-07-08,PENDING
1389,1566,665.31,2026-09-14,PAID
1390,1023,1946.04,2026-07-14,PENDING
1391,1880,4376.43,2026-03-15,PAID
1392,1143,1611.97,2026-08-26,PAID
1393,1883,2234.46,2026-02-06,PAID
1394,1361,4709.64,2026-03-24,PAID
1395,1555,3904.75,2026-05-31,PENDING
1396,1359,4968.58,2026-04-30,PAID
1397,1492,1116.07,2026-05-22,PAID
1398,1436,1449.07,2026-04-10,PAID
1399,1999,3507.84,2026-04-20,PAID
1400,1221,4129.50,2026-04-18,PAID
1401,1711,583.02,2026-03-30,PAID
1402,1877,3359.69,2026-08-02,PAID
1403,1722,3186.19,2026-07-25,PAID
1404,1692,2043.48,2026-01-30,PAID
1405,1980,3184.00,2026-08-26,PENDING
1406,1593,1741.08,2026-02-07,PAID
1407,1813,1883.39,2026-01-02,PAID
1408,1213,3824.12,2026-06-12,PENDING
1409,1350,892.40,2026-03-11,PAID
1410,1499,3393.38,2026-01-26,PAID
1411,1116,4592.38,2026-03-16,PAID
1412,1709,3208.48,2026-03-01,PAID
1413,1292,1408.23,2026-09-09,PAID
1414,1189,2350.45,2026-02-18,PENDING
1415,1667,882.00,2026-09-23,PAID
1416,1506,4275.03,2026-03-17,PAID
1417,1434,4718.56,2026-07-11,PAID
1418,1152,2463.68,2026-08-21,PAID
1419,1210,3807.33,2026-01-10,PAID
1420,1088,1017.62,2026-05-07,CANCELLED
1421,1004,367.65,2026-03-06,PENDING
1422,1947,3268.05,2026-03-02,PAID
1423,1613,2013.01,2026-01-17,PAID
1424,1982,1079.50,2026-09-16,PAID
1425,1517,1305.94,2026-03-10,PAID
1426,1043,72.50,2026-03-21,PAID
1427,1891,4865.61,2026-03-30,PAID
1428,1930,4432.07,2026-02-20,PAID
1429,1842,1324.12,2026-01-26,PAID
1430,1615,4324.29,2026-09-28,PENDING
1431,1326,151.87,2026-08-27,CANCELLED
1432,1311,586.92,2026-08-20,PAID
1433,1746,1597.84,2026-08-18,PAID
1434,1418,4043.18,2026-08-06,PAID
1435,1195,979.58,2026-02-27,PAID
1436,1851,4247.22,2026-08-19,PENDING
1437,1502,2438.45,2026-05-31,PAID
1438,1900,944.62,2026-07-04,PAID
1439,1703,2047.76,2026-07-12,PAID
1440,1276,563.16,2026-08-05,PENDING
1441,1300,4287.88,2026-05-20,CANCELLED
1442,1553,56.62,2026-03-01,CANCELLED
1443,1458,406.00,2026-07-31,PENDING
1444,1534,717.66,2026-08-01,CANCELLED
1445,1424,299.69,2026-03-30,PAID
1446,1419,1320.58,2026-06-25,PAID
1447,1273,3280.12,2026-01-06,PAID
1448,1628,2025.89,2026-05-05,PAID
1449,1019,195.92,2026-03-21,PENDING
1450,1559,694.50,2026-08-10,PAID
1451,1259,2050.26,2026-01-08,PAID
1452,1381,4080.92,2026-05-03,PAID
1453,1088,3522.70,2026-07-27,PAID
1454,1626,4795.05,2026-08-22,PENDING
1455,1059,1495.41,2026-03-01,PAID
1456,1734,165.11,2026-07-15,PAID
1457,1066,1209.62,2026-03-12,PAID
1458,1903,3620.49,2026-04-14,PAID
1459,1363,1653.87,2026-01-23,PAID
1460,1267,1347.00,2026-01-03,PENDING
1461,1002,4580.84,2026-08-15,PAID
1462,1671,1404.53,2026-07-30,PAID
1463,1920,898.15,2026-01-17,PAID
1464,1940,3290.16,2026-05-09,PAID
1465,1512,732.60,2026-02-16,PAID
1466,1568,2981.15,2026-07-09,PAID
1467,1922,2249.52,2026-05-22,PENDING
1468,1087,2871.36,2026-03-20,PAID
1469,1840,298.14,2026-08-31,PAID
1470,1072,3315.81,2026-04-15,PAID
1471,1371,4451.59,2026-02-28,PAID
1472,1481,2538.43,2026-07-05,PAID
1473,1808,3889.64,2026-08-27,PAID
1474,1416,91.99,2026-07-22,PAID
1475,1545,452.48,2026-09-12,PAID
1476,1112,4602.60,2026-06-15,PENDING
1477,1102,4369.56,2026-07-07,PENDING
1478,1560,3460.31,2026-04-23,PAID
1479,1409,2241.17,2026-06-24,PAID
1480,1742,755.83,2026-06-28,PENDING
1481,1322,4230.11,2026-02-16,CANCELLED
1482,1552,4827.49,2026-01-23,CANCELLED
1483,1450,4467.91,2026-04-30,PAID
1484,1742,4436.85,2026-06-16,PAID
1485,1756,1132.46,2026-04-11,PENDING
1486,1196,1199.22,2026-05-15,PAID
1487,1512,3559.59,2026-08-10,PAID
1488,1086,179.29,2026-07-18,PAID
1489,1749,4423.27,2026-01-25,PAID
1490,1363,15.82,2026-07-08,PAID
1491,1874,719.95,2026-05-07,PAID
1492,1437,2233.54,2026-01-04,PAID
1493,1242,1868.90,2026-08-29,PENDING
1494,1395,1479.14,2026-05-17,PENDING
1495,1852,908.17,2026-02-03,PAID
1496,1714,4512.48,2026-01-25,PENDING
1497,1245,4564.87,2026-09-11,PAID
1498,1976,4351.62,2026-06-26,PAID
1499,1660,4628.22,2026-07-13,PENDING
1500,1106,4408.99,2026-07-03,PENDING
1501,1472,4192.08,2026-07-06,PAID
1502,1575,4918.77,2026-06-23,PAID
1503,1288,3778.85,2026-05-13,PENDING
1504,1934,2285.37,2026-09-02,PENDING
1505,1439,95.29,2026-04-06,PENDING
1506,1462,,2026-07-30,PAID
1507,1612,3654.53,2026-01-12,CANCELLED
1508,1237,3160.48,2026-07-04,PENDING
1509,1559,248.12,2026-09-03,PAID
1510,1849,2085.17,2026-04-29,PAID
1511,1673,1123.97,2026-09-21,PAID
1512,1619,2982.94,2026-03-09,CANCELLED
1513,1535,3023.13,2026-01-31,PAID
1514,1191,3030.78,2026-07-25,CANCELLED
1515,1907,2755.63,2026-01-25,PENDING
1516,1709,44.61,2026-07-08,PAID
1517,1443,2175.26,2026-07-18,CANCELLED
1518,1887,2410.47,2026-09-29,PAID
1519,1493,949.83,2026-02-22,PAID
1520,1366,4057.62,2026-09-17,PENDING
1521,1103,1696.09,2026-04-16,PAID
1522,1751,283.38,2026-07-12,PENDING
1523,1043,4867.79,2026-07-20,PENDING
1524,1913,3372.34,2026-05-31,PAID
1525,1775,1710.58,2026-03-26,PAID
1526,1434,4647.07,2026-07-11,PAID
1527,1457,1061.00,2026-03-19,CANCELLED
1528,1033,833.41,2026-03-31,PAID
1529,1155,1968.75,2026-07-12,PAID
1530,1785,2779.46,2026-05-03,PAID
1531,1455,4049.01,2026-08-28,PAID
1532,1021,1040.35,2026-03-16,PAID
1533,1397,2193.09,2026-01-10,PAID
1534,1392,3360.39,2026-07-05,PAID
1535,1574,2470.42,2026-09-21,PAID
1536,1623,2752.17,2026-09-13,PAID
1537,1799,4882.69,2026-03-29,PENDING
1538,1338,2994.91,2026-07-19,CANCELLED
1539,1206,4320.16,2026-03-11,PAID
1540,1615,3192.84,2026-07-03,PENDING
1541,1992,166.26,2026-03-06,PAID
1542,1255,2496.59,2026-09-07,PENDING
1543,1670,3932.92,2026-05-17,PENDING
1544,1729,1069.50,2026-02-03,PAID
1545,1865,3743.59,2026-07-06,PENDING
1546,1890,4356.16,2026-05-08,CANCELLED
1547,1376,3564.98,2026-02-28,PAID
1548,1482,4289.81,2026-08-11,PAID
1549,1299,1667.25,2026-02-24,PAID
1550,1546,2217.11,2026-03-01,PAID
1551,1569,550.57,2026-09-14,PAID
1552,1309,4524.11,2026-05-01,PAID
1553,1014,698.70,2026-02-21,PAID
1554,1575,1189.53,2026-06-18,PAID
1555,1382,4592.46,2026-02-27,PAID
1556,1740,3834.92,2026-03-31,PAID
1557,1686,3570.63,2026-07-29,PAID
1558,1607,2116.76,2026-03-16,PENDING
1559,1815,595.73,2026-09-06,PAID
1560,1589,3290.19,2026-08-25,PAID
1561,1282,1565.23,2026-02-06,PAID
1562,1741,2381.55,2026-05-06,CANCELLED
1563,1473,4432.47,2026-04-21,PAID
1564,1918,2277.13,2026-06-28,CANCELLED
1565,1840,968.49,2026-03-11,PAID
1566,1976,1926.24,2026-04-27,PAID
1567,1448,4387.27,2026-07-18,PAID
1568,1536,2582.40,2026-08-25,PENDING
1569,1122,1349.29,2026-02-05,PAID
1570,1220,1273.75,2026-04-22,PAID
1571,1795,2117.94,2026-03-08,PAID
1572,1137,2987.76,2026-03-07,PAID
1573,1113,2840.85,2026-06-19,PENDING
1574,1051,1690.13,2026-07-01,PAID
1575,1524,3074.88,2026-01-04,PAID
1576,1335,4941.27,2026-09-17,PENDING
1577,1522,1073.98,2026-06-11,PENDING
1578,1083,1653.91,2026-06-15,PAID
1579,1269,1822.72,2026-09-14,PENDING
1580,1559,3778.19,2026-06-15,PAID
1581,1442,464.23,2026-05-21,PENDING
1582,1188,2259.24,2026-05-26,PENDING
1583,1496,2048.33,2026-08-01,PAID
1584,1719,2405.09,2026-08-13,CANCELLED
1585,1363,1480.70,2026-03-18,PAID
1586,1799,4864.51,2026-06-19,PAID
1587,1278,2202.50,2026-05-23,PAID
1588,1968,2231.95,2026-07-18,PAID
1589,1441,3446.02,2026-03-07,PAID
1590,1196,174.39,2026-06-22,PAID
1591,1113,4965.89,2026-09-28,PAID
1592,1495,1659.76,2026-05-17,CANCELLED
1593,1676,3278.75,2026-01-06,PAID
1594,1739,1933.12,2026-01-07,PAID
1595,1100,2274.46,2026-07-04,PENDING
1596,1215,1775.34,2026-04-16,PENDING
1597,1698,1533.68,2026-09-20,PAID
1598,1021,1959.69,2026-07-04,PAID
1599,1370,2710.30,2026-03-01,PAID
1600,1615,2523.33,2026-03-15,PENDING
1601,1505,3270.17,2026-09-27,PENDING
1602,1301,3796.06,2026-05-18,PAID
1603,1007,3190.33,2026-08-30,PAID
1604,1420,2178.18,2026-09-10,PAID
1605,1528,4954.32,2026-07-13,PAID
1606,1439,1466.54,2026-05-16,PAID
1607,1802,2359.52,2026-06-22,PAID
1608,1284,2640.18,2026-01-03,PAID
1609,1404,1283.12,2026-08-20,CANCELLED
1610,1186,4446.92,2026-04-07,PAID
1611,1965,925.43,2026-07-23,PAID
1612,1098,4255.31,2026-04-07,PENDING
1613,1541,4763.55,2026-08-15,PAID
1614,1827,3873.88,2026-02-09,PENDING
1615,1091,1495.30,2026-03-27,PAID
1616,1250,1846.42,2026-05-28,PENDING
1617,1008,4224.08,2026-05-08,PAID
1618,1801,4638.92,2026-07-06,PAID
1619,1550,3771.72,2026-05-31,PENDING
1620,1865,1856.79,2026-09-26,PAID
1621,1167,-325.23,2026-07-01,CANCELLED
1622,1643,4564.72,2026-01-18,PAID
1623,1734,4579.44,2026-06-07,PAID
1624,1872,697.27,2026-01-29,PAID
1625,1969,918.06,2026-01-13,PENDING
1626,1999,2237.12,2026-04-11,PAID
1627,1185,4980.79,2026-03-15,PAID
1628,1698,722.77,2026-06-13,PAID
1629,1483,3146.27,2026-08-18,PENDING
1630,1348,3757.86,2026-06-24,PENDING
1631,1078,4308.23,2026-01-25,PAID
1632,1114,1173.18,2026-05-19,PENDING
1633,1738,4424.70,2026-04-25,PAID
1634,1357,1682.53,2026-06-24,PAID
1635,1924,4956.16,2026-06-12,PAID
1636,1704,662.43,2026-07-14,PAID
1637,1014,4860.92,2026-05-12,PAID
1638,1305,1239.03,2026-04-03,PAID
1639,1484,3233.96,2026-06-21,PAID
1640,1337,3163.87,2026-04-07,PENDING
1641,1242,3437.37,2026-05-14,PENDING
1642,1501,385.92,2026-01-15,PAID
1643,1912,4598.41,2026-08-26,CANCELLED
1644,1647,2274.83,2026-04-07,PENDING
1645,1515,,2026-02-09,PAID
1646,1851,740.10,2026-05-20,PAID
1647,1892,542.79,2026-01-06,PAID
1648,1312,2556.80,2026-09-07,PAID
1649,1994,4586.54,2026-09-02,PAID
1650,1884,2996.31,2026-07-19,CANCELLED
1651,1902,747.53,2026-08-26,PAID
1652,1901,1468.12,2026-05-09,PAID
1653,1130,2905.68,2026-01-03,CANCELLED
1654,1770,1362.15,2026-01-13,PAID
1655,1270,3503.12,2026-01-17,CANCELLED
1656,1262,3765.76,2026-09-23,PAID
1657,1711,3037.10,2026-06-22,PENDING
1658,1034,413.25,2026-04-26,PENDING
1659,1568,4219.14,2026-09-11,CANCELLED
1660,1218,1679.36,2026-06-27,PAID
1661,1049,3678.52,2026-05-29,PAID
1662,1078,1063.39,2026-08-06,PENDING
1663,1534,4689.38,2026-03-06,PENDING
1664,1521,2456.43,2026-01-28,PAID
1665,1715,3200.53,2026-08-12,PAID
1666,1893,710.05,2026-07-16,PENDING
1667,1822,1144.43,2026-03-26,PENDING
1668,1049,2432.28,2026-03-22,PENDING
1669,1734,645.48,2026-04-12,PAID
1670,1374,3126.30,2026-04-26,PENDING
1671,1141,1650.60,2026-05-15,PAID
1672,1693,2899.42,2026-01-14,PAID
1673,1657,3843.30,2026-01-25,PAID
1674,1670,3868.28,2026-05-12,PAID
1675,1847,1076.56,2026-08-07,PAID
1676,1156,4910.02,2026-06-06,PENDING
1677,1725,983.26,2026-04-01,PENDING
1678,1987,3323.82,2026-01-04,PAID
1679,1097,138.05,2026-05-15,PAID
1680,1398,2979.77,2026/13/45,PAID
1681,1339,3763.88,2026-08-28,PAID
1682,1454,4440.31,2026-02-22,PENDING
1683,1059,4356.96,2026-01-07,PAID
1684,1031,1154.94,2026-09-12,PENDING
1685,1959,3008.41,2026-02-27,PAID
1686,1321,1891.91,2026-01-11,PAID
1687,1830,2490.64,2026-03-09,PAID
1688,1860,2870.80,2026-06-30,PAID
1689,1020,4542.40,2026-05-12,PAID
1690,1323,1820.25,2026-01-15,PENDING
1691,1864,4641.86,2026-01-29,PAID
1692,1607,257.03,2026-09-21,PAID
1693,1366,4471.31,2026-08-01,PAID
1694,1788,1297.99,2026-03-14,PAID
1695,1811,631.65,2026-09-16,CANCELLED
1696,1459,4688.87,2026-07-14,CANCELLED
1697,1383,391.14,2026-03-27,PAID
1698,1391,3709.82,2026-06-28,PAID
1699,1692,893.14,2026-08-11,PENDING
1700,1054,3437.13,2026-02-14,PAID
1701,1474,4387.86,2026-05-07,PENDING
1702,1641,4786.27,2026-04-02,PAID
1703,1275,1292.70,2026-01-25,PAID
1704,1194,3046.68,2026-09-19,PAID
1705,1111,3498.90,2026-09-24,PAID
1706,1798,1684.24,2026-07-13,PAID
1707,1147,469.51,2026-05-23,PENDING
1708,1639,4110.92,2026-01-03,PAID
1709,1095,1506.44,2026-06-20,PAID
1710,1334,1913.05,2026-04-21,CANCELLED
1711,1057,3334.69,2026-06-04,PENDING
1712,1265,4610.49,2026-04-27,PAID
1713,1656,2773.72,2026-01-20,PENDING
1714,1124,1786.25,2026-06-29,CANCELLED
1715,1299,1889.48,2026-05-10,CANCELLED
1716,1526,953.35,2026-02-23,CANCELLED
1717,1087,2494.13,2026-04-12,CANCELLED
1718,1976,4089.78,2026-06-12,PAID
1719,1119,1584.97,2026-03-01,CANCELLED
1720,1757,488.99,2026-05-05,PAID
1721,1710,4785.16,2026-09-11,PAID
1722,1529,176.19,2026-09-13,PENDING
1723,1166,10.58,2026-01-29,CANCELLED
1724,1873,2706.37,2026-09-14,PENDING
1725,1097,449.86,2026-02-06,PENDING
1726,1214,2105.43,2026-03-18,PAID
1727,1987,2360.73,2026-03-14,PAID
1728,1782,864.95,2026-02-02,PAID
1729,1228,4056.09,2026-04-26,PAID
1730,1861,1460.63,2026-01-04,PAID
1731,1457,964.36,2026-08-31,PENDING
1732,1162,2666.54,2026-06-16,PAID
1733,1510,1225.35,2026-07-16,PAID
1734,1681,716.85,2026-01-14,PAID
1735,1458,1604.63,2026-08-02,PAID
1736,1963,4812.63,2026-04-18,PAID
1737,1359,,2026-06-21,PENDING
1738,1041,4452.10,2026-07-30,PENDING
1739,1998,2183.80,2026-05-20,PAID
1740,1214,1859.96,2026-08-06,PENDING
1741,1375,1116.17,2026-03-06,CANCELLED
1742,1061,4605.86,2026-01-22,PENDING
1743,1955,3605.63,2026-07-08,CANCELLED
1744,1039,2462.95,2026-07-22,PAID
1745,1231,2382.12,2026-02-11,paid
1746,1198,4405.11,2026-06-15,PAID
1747,1954,678.60,2026-03-16,PAID
1748,1839,935.56,2026-04-02,PAID
1749,1418,3855.16,2026-05-24,PAID
1750,1620,1094.26,2026-06-29,PENDING
1751,1599,1035.61,2026-03-17,PENDING
1752,1583,603.88,2026-01-26,PAID
1753,1555,4238.31,2026-07-31,PAID
1754,1781,618.04,2026-09-26,PAID
1755,1556,3231.26,2026-08-03,CANCELLED
1756,1116,4546.32,2026-06-13,PENDING
1757,1010,3822.56,2026-02-04,PENDING
1758,1409,1458.08,2026-05-18,PENDING
1759,1878,2912.81,2026-04-13,PAID
1760,1415,4660.54,2026-09-25,PAID
1761,1231,1332.82,2026-01-05,PAID
1762,1527,3240.67,2026-02-10,PAID
1763,1377,2226.11,2026-09-27,PAID
1764,1757,3250.46,2026-08-10,CANCELLED
1765,1783,430.14,2026-03-20,PENDING
1766,1519,3994.59,2026-05-16,PAID
1767,1986,4257.40,2026-05-24,PAID
1768,1014,1843.25,2026-01-21,PENDING
1769,1542,435.28,2026-04-15,CANCELLED
1770,1100,507.51,2026-02-14,PAID
1771,1278,813.49,2026-05-04,PAID
1772,1149,360.78,2026-04-01,PAID
1773,1565,3892.19,2026-05-31,PAID
1774,1183,3862.83,2026-04-18,PENDING
1775,1696,4670.88,2026-08-22,PAID
1776,1207,654.64,2026-03-06,PAID
1777,1214,1070.49,2026-08-18,PAID
1778,1316,4216.42,2026-05-30,PAID
1779,1136,2967.49,2026-03-27,PAID
1780,1645,883.30,2026-02-08,PENDING
1781,1520,1185.10,2026-05-24,CANCELLED
1782,1490,3487.75,2026-02-25,CANCELLED
1783,1691,1416.41,2026-06-03,PAID
1784,1222,2406.14,2026-08-25,PAID
1785,1516,3748.29,2026-06-01,PAID
1786,1592,2219.45,2026-07-23,PAID
1787,1304,929.70,2026-01-04,PAID
1788,1531,1561.12,2026-07-23,PAID
1789,1263,1990.77,2026-02-05,PENDING
1790,1702,1733.06,2026-06-18,PAID
1791,1561,649.68,2026-01-12,PENDING
1792,1429,2383.78,2026-01-27,PAID
1793,1763,1397.54,2026-03-15,CANCELLED
1794,1043,3296.55,2026-06-24,PAID
1795,1852,2967.97,2026-04-10,PAID
1796,1333,2276.80,2026-08-19,PENDING
1797,1058,1179.14,2026-08-01,PAID
1798,1093,3505.27,2026-05-28,PENDING
1799,1019,364.64,2026-08-20,PENDING
1800,1866,2831.70,2026-05-18,CANCELLED
1801,1794,2256.69,2026-09-07,PAID
1802,1749,1034.26,2026-01-01,CANCELLED
1803,1015,3672.56,2026-07-10,PENDING
1804,1781,2831.28,2026-09-28,PAID
1805,1151,4064.53,2026-02-08,PAID
1806,1319,3648.01,2026-05-11,PENDING
1807,1479,667.34,2026-04-24,PAID
1808,1796,1462.73,2026-01-27,PENDING
1809,1833,3299.08,2026-09-05,PENDING
1810,1384,3439.35,2026-01-08,PENDING
1811,1414,3377.24,2026-02-01,PAID
1812,1831,2241.97,2026-09-06,PAID
1813,1142,4824.02,2026-01-14,PENDING
1814,1151,1583.91,2026-05-11,PENDING
1815,1300,4008.36,2026-08-06,PENDING
1816,1883,1211.58,2026-09-18,CANCELLED
1817,1734,108.46,2026-06-17,PAID
1818,1113,3657.50,2026-01-01,PENDING
1819,1407,3667.16,2026-09-11,PAID
1820,1361,3971.12,2026-06-08,PAID
1821,1484,567.01,2026-05-27,PAID
1822,1600,2363.34,2026-06-10,PAID
1823,1014,4790.99,2026-05-26,PENDING
1824,1542,3794.09,2026-04-22,PAID
1825,1037,4694.92,2026-08-04,PAID
1826,1114,1732.10,2026-05-23,PAID
1827,1580,1842.77,2026-05-13,PAID
1828,1421,2507.46,2026-05-29,PAID
1829,1565,3989.06,2026-05-28,PAID
1830,1769,2194.06,2026-09-14,PAID
1831,1373,2550.14,2026-09-02,PENDING
1832,1886,4621.19,2026-05-06,CANCELLED
1833,1597,2470.21,2026-04-28,PAID
1834,1816,299.35,2026-06-26,CANCELLED
1835,1279,56.84,2026-08-01,PENDING
1836,1898,1197.96,2026-02-02,CANCELLED
1837,1902,4542.41,2026-09-12,PAID
1838,1642,4548.60,2026-05-25,PAID
1839,1690,1940.56,2026-05-27,PAID
1840,1322,3182.67,2026-02-19,PAID
1841,1335,2687.00,2026-04-09,PAID
1842,1332,4985.26,2026-08-25,PENDING
1843,1865,4852.74,2026-04-25,PENDING
1844,1719,1269.34,2026-05-03,PAID
1845,1959,4956.71,2026-05-24,PAID
1846,1851,75.29,2026-05-23,PAID
1847,1264,4422.93,2026-09-17,PAID
1848,1927,2841.15,2026-01-05,PAID
1849,1308,954.58,2026-01-15,PAID
1850,1678,1366.65,2026-04-25,PAID
1851,1156,4474.95,2026-02-27,PAID
1852,1717,1634.07,2026-09-05,PAID
1853,1760,2709.05,2026-04-27,PAID
1854,1342,4965.46,2026-01-20,PAID
1855,1227,3657.78,2026-04-30,PAID
1856,1733,4677.64,2026-09-16,PENDING
1857,1952,3554.03,2026-07-10,CANCELLED
1858,1833,3920.77,2026-02-27,PAID
1859,1956,2490.06,2026-07-05,CANCELLED
1860,1001,2960.82,2026-01-10,PAID
1861,1962,2669.89,2026-09-28,CANCELLED
1862,1712,637.38,2026-05-14,PAID
1863,1234,3928.56,2026-09-17,PAID
1864,1251,1722.27,2026-02-03,PAID
1865,1273,3472.97,2026-04-29,PAID
1866,1448,4962.68,2026-08-15,PAID
1867,1161,3841.97,2026-05-13,PENDING
1868,1386,178.66,2026-07-31,CANCELLED
1869,1408,1746.41,2026-07-19,PAID
1870,1016,4129.42,2026-04-23,PAID
1871,1489,4911.56,2026-09-30,PENDING
1872,1274,1285.12,2026-01-21,PAID
1873,1773,1194.06,2026-04-13,PAID
1874,1949,287.32,2026-08-20,PAID
1875,1687,985.89,2026-09-13,PAID
1876,1844,2767.75,2026-08-01,PAID
1877,1081,2865.20,2026-07-31,PAID
1878,1693,1911.61,2026-08-19,PAID
1879,1447,2483.36,2026-09-16,CANCELLED
1880,1320,2449.77,2026-09-24,PAID
1881,1502,3474.65,2026-05-03,PAID
1882,1317,4246.95,2026-05-12,PAID
1883,1062,1417.65,2026-09-11,PENDING
1884,1733,3578.06,2026-04-25,PENDING
1885,1394,4189.15,2026-09-09,PAID
1886,1543,4307.92,2026-08-21,PAID
1887,1674,4165.23,2026-04-06,PAID
1888,1007,172.03,2026-06-26,PAID
1889,1708,1263.02,2026-05-11,PENDING
1890,1550,1705.21,2026-08-29,PAID
1891,1360,280.13,2026-04-28,PENDING
1892,1573,4427.87,2026-04-01,PAID
1893,1421,987.54,2026-09-11,PAID
1894,1034,132.39,2026-07-28,PENDING
1895,1736,461.14,2026-08-17,PENDING
1896,1943,149.17,2026-04-14,PENDING
1897,1975,396.44,2026-05-02,CANCELLED
1898,1165,2402.87,2026-04-25,PAID
1899,1812,1681.31,2026-08-02,PAID
1900,1350,4974.39,2026-06-13,PAID
1901,1766,1203.13,2026-03-06,PAID
1902,1627,3186.19,2026-02-05,PAID
1903,1232,385.29,2026-03-03,CANCELLED
1904,1410,2631.10,2026-04-23,PAID
1905,1538,2850.46,2026-03-12,CANCELLED
1906,1681,3897.44,2026-09-28,PENDING
1907,1782,3168.30,2026-04-08,PAID
1908,1101,1105.03,2026-05-29,PAID
1909,1432,1514.60,2026-04-20,PAID
1910,1595,3632.54,2026-07-27,PENDING
1911,1279,2536.27,2026-09-18,PAID
1912,1636,4666.52,2026-07-03,PENDING
1913,1455,3803.38,2026-03-29,PAID
1914,1002,3895.64,2026-09-22,PENDING
1915,1868,4250.81,2026-03-09,PAID
1916,1628,792.66,2026-05-15,PENDING
1917,1208,3969.16,2026-05-29,CANCELLED
1918,1079,2336.15,2026-06-17,PAID
1919,1627,4062.45,2026-04-23,PAID
1920,1901,971.80,2026-08-30,CANCELLED
1921,1475,2529.63,2026-03-30,PAID
1922,1310,4110.56,2026-02-19,PENDING
1923,1493,3581.91,2026-06-25,PAID
1924,1208,2492.03,2026-02-04,CANCELLED
1925,1005,1775.79,2026-03-14,PAID
1926,1281,886.99,2026-09-01,PAID
1927,1912,2433.36,2026-05-15,PAID
1928,1574,2232.10,2026-05-25,PAID
1929,1155,4981.21,2026-08-26,PENDING
1930,1713,4411.39,2026-01-12,PENDING
1931,1816,1289.89,2026-07-08,PAID
1932,1458,3255.22,2026-03-04,PAID
1933,1420,2400.66,2026-05-21,PAID
1934,1628,3827.84,2026-06-01,PAID
1935,1988,1982.16,2026-05-09,PAID
1936,1594,1888.34,2026-07-14,PAID
1937,1955,1119.69,2026-06-19,
1938,1508,3779.11,2026-03-12,CANCELLED
1939,1584,4812.46,2026-04-10,PAID
1940,1757,602.87,2026-03-04,PENDING
1941,1511,543.41,2026-09-27,PENDING
1942,1776,4605.78,2026-06-02,PENDING
1943,1583,4480.70,2026-05-24,PAID
1944,1401,4296.47,2026-05-11,PAID
1945,1506,2038.24,2026-03-26,PAID
1946,1528,1933.20,2026-08-13,PAID
1947,1748,3840.77,2026-09-04,PAID
1948,1027,210.02,2026-03-02,PAID
1949,1022,4872.02,2026-03-07,PAID
1950,1313,3889.72,2026-08-31,PAID
1951,1573,994.31,2026-04-08,PENDING
1952,1476,352.97,2026-06-11,PAID
1953,1385,2445.44,2026-04-17,PAID
1954,1147,1597.23,2026-07-03,PAID
1955,1247,3855.35,2026-08-01,PENDING
1956,1372,1102.72,2026-08-07,CANCELLED
1957,1581,,2026-01-26,PENDING
1958,1869,1885.72,2026-02-09,CANCELLED
1959,1178,320.89,2026-02-16,PENDING
1960,1895,1221.45,2026-01-06,PAID
1961,1227,2040.40,2026-05-25,PAID
1962,1872,2025.74,2026-09-10,PAID
1963,1082,3970.06,2026-09-08,PAID
1964,1052,879.62,2026-03-21,PAID
1965,1818,2852.61,2026-03-26,PAID
1966,1556,578.10,2026-01-09,PENDING
1967,1693,3209.07,2026-03-21,PAID
1968,1935,1810.81,2026-05-26,PENDING
1969,1362,3127.02,2026-01-09,PENDING
1970,1250,3700.48,2026-07-27,PAID
1971,1906,4684.26,2026-09-05,PENDING
1972,1972,481.03,2026-07-12,PAID
1973,1187,3492.77,2026-09-23,PAID
1974,1214,4610.80,2026-07-30,PAID
1975,1523,3352.87,2026-08-20,PAID
1976,1906,2635.02,2026-05-22,PAID
1977,1681,2997.59,2026-01-16,PAID
1978,1256,1151.48,2026-05-19,PAID
1979,1800,3747.53,2026-02-01,PENDING
1980,1352,1400.43,2026-05-29,PAID
1981,1019,1466.15,2026-06-29,PENDING
1982,1814,4752.69,2026-06-04,PAID
1983,1520,2050.03,2026-09-01,PAID
1984,1331,4246.78,2026-01-17,PAID
1985,1917,470.86,2026-06-08,PAID
1986,1709,1193.72,2026-04-26,PAID
1987,1269,4361.80,2026-08-07,PENDING
1988,1118,3187.83,2026-03-25,PAID
1989,1152,3184.21,2026-07-15,PAID
1990,1352,2774.87,2026-08-03,PAID
1991,1770,488.39,2026-06-10,PAID
1992,1209,1350.46,2026-02-15,PAID
1993,1432,175.02,2026-07-02,CANCELLED
1994,1247,,2026-03-28,PAID
1995,1874,4087.67,2026-03-21,PAID
1996,1602,300.32,2026-05-19,PAID
1997,1516,4968.78,2026-09-16,PENDING
1998,1801,1441.36,2026-04-02,PAID
1999,1247,4175.25,2026-08-23,PAID
2000,1465,439.96,2026-07-23,PAID
2001,1151,2456.70,2026-05-11,PAID
2002,1090,1882.17,2026-08-09,CANCELLED
2003,1175,2754.24,2026-08-28,PAID
2004,1554,4459.45,2026-06-08,PAID
2005,1335,4356.34,2026-09-02,PAID
2006,1610,2177.93,2026-07-20,PAID
2007,1882,2376.53,2026-05-19,PENDING
2008,1340,1442.96,2026-07-18,PAID
2009,1200,89.38,2026-09-02,PAID
2010,1298,2761.30,2026-01-15,PAID
2011,1785,4207.10,2026-08-02,PENDING
2012,1373,2496.09,2026-04-15,CANCELLED
2013,1072,3538.57,2026-02-27,CANCELLED
2014,1821,533.00,2026-08-01,PAID
2015,1147,2442.85,2026-06-26,PENDING
2016,1103,301.69,2026-05-25,PAID
2017,1182,646.28,2026-08-09,PAID
2018,1707,4024.25,2026-07-02,PAID
2019,1794,2285.35,2026-02-11,PAID
2020,1871,3988.86,2026-03-02,PAID
2021,1381,3404.34,2026-02-23,PAID
2022,1889,1308.07,2026-05-14,PAID
2023,1313,4752.93,2026-06-02,PAID
2024,1930,2875.91,2026-06-14,PAID
2025,1088,3061.57,2026-03-08,PAID
2026,1036,4679.85,2026-06-09,PENDING
2027,1887,1367.63,2026-09-02,PAID
2028,1394,1303.97,2026-08-23,PENDING
2029,1117,1665.17,2026-09-11,PAID
2030,1711,2240.59,2026-02-27,PENDING
2031,1892,4040.91,2026-04-15,PAID
2032,1827,476.65,2026-04-18,CANCELLED
2033,1950,2141.57,2026-06-23,PAID
2034,1427,857.84,2026-02-15,PAID
2035,1997,2969.97,2026-09-25,PAID
2036,1562,3439.70,2026-08-21,PAID
2037,1166,2763.54,2026-03-18,PAID
2038,1432,1404.68,2026-01-24,PAID
2039,1383,4962.73,2026-04-25,PENDING
2040,1773,4651.68,2026-07-22,PENDING
2041,1233,3621.33,2026-09-19,PAID
2042,1746,3586.78,2026-04-12,PAID
2043,1848,2938.19,2026-04-20,PENDING
2044,1419,2013.47,2026-04-24,PAID
2045,1581,1405.79,2026-06-21,PAID
2046,1230,-1957.20,2026-07-11,PAID
2047,1720,3788.99,2026-01-26,PAID
2048,1298,3779.04,2026-01-12,PAID
2049,1251,3325.86,2026-09-09,PAID
2050,1449,2972.72,2026-01-13,PAID
2051,1792,3725.01,2026-02-14,CANCELLED
2052,1538,2975.04,2026-04-13,CANCELLED
2053,1284,3393.08,2026-01-05,PAID
2054,1535,4740.22,2026-09-26,PAID
2055,1002,2438.95,2026-09-11,PENDING
2056,1803,4028.55,2026-04-07,PAID
2057,1679,4511.10,2026-07-17,CANCELLED
2058,1553,2809.62,2026-09-28,PAID
2059,1813,3353.10,2026-05-11,CANCELLED
2060,1914,454.14,2026-04-12,PAID
2061,1796,1635.05,2026-02-26,PAID
2062,1010,3144.95,2026-09-15,PAID
2063,1840,1584.94,2026-06-23,PAID
2064,1201,314.60,2026-03-01,PAID
2065,1309,1129.44,2026-09-28,PAID
2066,1793,3460.76,2026-05-11,PAID
2067,1630,4988.87,2026-05-04,PAID
2068,1497,3778.89,2026-06-16,PAID
2069,1608,4619.78,2026-09-19,PENDING
2070,1561,2488.74,2026-09-25,PAID
2071,1636,2860.62,2026-01-30,CANCELLED
2072,1504,365.83,2026-08-10,PENDING
2073,1401,1630.85,2026-06-22,CANCELLED
2074,1411,888.06,2026-08-28,PAID
2075,1781,4553.09,2026-07-09,PAID
2076,1270,2351.25,2026-03-21,PENDING
2077,1933,2879.45,2026-06-30,PAID
2078,1391,4227.98,2026-03-23,PAID
2079,1735,4468.73,2026-07-01,PAID
2080,1307,8.14,2026-04-01,PAID
2081,1403,2445.91,2026-01-24,PAID
2082,1521,4007.20,2026-06-23,PAID
2083,1639,2910.48,2026-03-19,PENDING
2084,1735,878.40,2026-05-25,PAID
2085,1506,2362.25,2026-05-20,PAID
2086,1963,947.96,2026-04-12,PAID
2087,1594,3953.45,2026-09-05,PAID
2088,1678,2099.60,2026-07-06,PAID
2089,1334,1267.43,2026-05-25,CANCELLED
2090,1482,781.61,2026-04-13,PAID
2091,1637,1826.41,2026-07-16,PENDING
2092,1039,3323.13,2026-05-15,PAID
2093,1426,3952.86,2026-05-24,PAID
2094,1393,4588.94,2026-09-27,PAID
2095,1126,1361.52,2026-01-21,PAID
2096,1180,3411.36,2026-09-12,PAID
2097,1172,3427.78,2026-01-09,PAID
2098,1859,1444.42,2026-02-27,CANCELLED
2099,1037,1834.13,2026-05-03,PAID
2100,1326,3927.64,2026-01-17,PAID
2101,1120,1367.75,2026-04-13,PAID
2102,1162,14.06,2026-06-16,CANCELLED
2103,1178,146.10,2026-09-14,CANCELLED
2104,1180,2551.89,2026-09-21,PENDING
2105,1282,1388.03,2026-01-06,PAID
2106,1339,3741.30,2026-03-01,PAID
2107,1477,1784.06,2026-04-11,CANCELLED
2108,1871,4254.40,2026-09-26,PAID
2109,1090,1689.81,2026-07-21,PAID
2110,1094,3837.74,2026-06-11,PAID
2111,1314,1827.38,2026-05-26,PENDING
2112,1457,3003.55,2026-04-24,PAID
2113,1483,4681.10,2026-01-29,PENDING
2114,1280,1087.74,2026-08-06,PAID
2115,1875,3315.21,2026-05-13,PAID
2116,1227,2896.04,2026-02-23,CANCELLED
2117,1866,607.27,2026-08-31,PAID
2118,1221,703.31,2026-03-06,CANCELLED
2119,1011,1770.54,2026-09-23,PAID
2120,1009,1280.98,2026-09-23,PAID
2121,1054,1858.41,2026-05-18,PAID
2122,1325,2407.81,2026-01-01,CANCELLED
2123,1645,2227.65,2026-09-29,PAID
2124,1855,834.62,2026-09-02,PENDING
2125,1624,2952.22,not-a-date,PAID
2126,1452,4730.33,2026-06-21,PENDING
2127,1882,2078.80,2026-07-05,PAID
2128,1191,241.88,2026-03-04,PAID
2129,1822,468.20,2026-07-04,PAID
2130,1627,1136.14,2026-01-29,CANCELLED
2131,1713,2199.49,2026-06-28,PAID
2132,1530,2036.06,2026-05-20,PAID
2133,1144,4834.51,2026-07-10,PAID
2134,1237,1416.29,2026-09-04,PAID
2135,1393,421.68,2026-05-10,PAID
2136,1398,528.15,2026-02-26,PAID
2137,1939,1102.77,2026-03-14,PAID
2138,1298,4492.60,2026-09-11,PENDING
2139,1674,4140.87,2026-03-07,CANCELLED
2140,1306,4627.85,2026-05-13,PENDING
2141,1069,4795.03,2026-07-29,PAID
2142,1580,4272.32,2026-04-21,CANCELLED
2143,1780,3361.06,2026-03-17,PAID
2144,1252,2683.22,2026-06-12,PAID
2145,1921,4760.18,2026-06-14,PAID
2146,1547,4754.62,2026-04-22,CANCELLED
2147,1487,61.13,2026-05-10,PAID
2148,1087,30.49,2026-02-07,PAID
2149,1560,-4339.87,2026-08-31,PAID
2150,1028,616.84,2026-05-20,PENDING
2151,1522,2299.95,2026-05-31,PENDING
2152,1693,1472.67,2026-05-24,PAID
2153,1430,746.31,2026-03-22,PAID
2154,1665,3115.00,2026-07-15,PENDING
2155,1604,2036.89,2026-07-10,CANCELLED
2156,1796,704.45,2026-09-23,PAID
2157,1843,3069.41,2026-02-24,PAID
2158,1999,3871.65,2026-06-29,PENDING
2159,1855,1502.57,2026-06-22,PAID
2160,1851,1462.63,2026-09-16,PAID
2161,1177,2293.06,2026-07-19,PENDING
2162,1300,2393.17,2026-07-17,CANCELLED
2163,1625,1758.99,2026-07-12,PAID
2164,1157,4255.18,2026-02-01,PAID
2165,1539,1707.21,2026-03-30,PAID
2166,1146,2100.96,2026-01-20,PAID
2167,1677,1588.08,2026-05-15,PAID
2168,1173,3649.90,2026-05-25,PENDING
2169,1912,334.36,2026-05-29,PAID
2170,1983,122.47,2026-06-29,PAID
2171,1705,1654.39,2026-01-29,PAID
2172,1868,4022.68,2026-08-02,PAID
2173,1566,4344.02,2026-07-08,PAID
2174,1184,2253.07,2026-02-08,PENDING
2175,1296,798.89,2026-07-15,PAID
2176,1755,2461.42,2026-01-05,PAID
2177,1092,4662.51,2026-08-13,PAID
2178,1414,3339.84,2026-07-24,PAID
2179,1012,4519.34,2026-04-19,PAID
2180,1770,3252.94,2026-01-04,PENDING
2181,1447,1972.97,2026-08-04,PAID
2182,1629,3481.42,2026-04-17,PAID
2183,1568,2210.75,2026-03-26,PENDING
2184,1186,1204.65,2026-09-11,PAID
2185,1617,2205.08,2026-06-14,PAID
2186,1606,4857.73,2026-01-25,PAID
2187,1030,1194.62,2026-07-23,PAID
2188,1226,4180.15,2026-06-07,PAID
2189,1183,1919.06,2026-09-17,CANCELLED
2190,1206,1129.74,2026-09-04,PAID
2191,1721,519.15,2026-01-13,PAID
2192,1377,4278.46,2026-01-20,PAID
2193,1488,761.03,2026-06-21,PENDING
2194,1286,4618.03,2026-03-26,PAID
2195,1063,1041.68,2026-01-03,PAID
2196,1158,2510.00,2026-04-15,PAID
2197,1814,1554.18,2026-07-22,PAID
2198,1552,147.67,2026-01-07,PAID
2199,1462,4498.05,2026-06-28,PAID
2200,1390,282.71,2026-02-25,PAID
2201,1840,369.08,2026-06-16,PAID
2202,1236,3882.41,2026-08-31,PAID
2203,1515,705.08,2026-04-24,PAID
2204,1510,4713.65,2026-02-23,PAID
2205,1963,1665.38,2026-09-19,PENDING
2206,1444,1466.53,2026-08-15,PAID
2207,1614,1171.19,2026-01-29,PAID
2208,1095,4716.90,2026-07-18,PENDING
2209,1982,952.00,2026-07-23,PAID
2210,1666,1941.95,2026-02-06,PENDING
2211,1105,672.72,2026-01-24,PAID
2212,1549,1885.85,2026-06-24,PAID
2213,1309,912.33,2026-06-22,CANCELLED
2214,1519,1029.49,2026-02-10,PAID
2215,1363,2339.97,2026-09-08,PAID
2216,1078,-1221.78,2026-07-22,CANCELLED
2217,1972,4425.95,2026-03-04,PAID
2218,1077,3982.77,2026-03-26,CANCELLED
2219,1372,4131.15,2026-06-11,PENDING
2220,1233,1012.60,2026-06-08,PAID
2221,1426,2253.76,2026-05-31,PAID
2222,1559,3117.49,2026-01-07,PAID
2223,1659,984.98,2026-09-14,PAID
2224,1419,2192.35,2026-01-22,PAID
2225,1330,1970.36,2026-06-28,PENDING
2226,1917,3067.99,2026-05-11,CANCELLED
2227,1804,4009.93,2026-08-24,PENDING
2228,1030,4042.21,2026-01-31,PAID
2229,1620,2786.04,2026-03-19,PAID
2230,1520,4121.07,2026-01-06,PAID
2231,1780,2006.32,2026-03-09,PAID
2232,1357,3343.14,2026-03-31,CANCELLED
2233,1192,2905.14,2026-09-01,PENDING
2234,1066,2883.90,2026-06-23,PAID
2235,1610,3042.59,2026-07-20,PENDING
2236,1033,3990.89,2026-05-30,PAID
2237,1160,234.01,2026-09-16,PAID
2238,1122,722.39,2026-08-06,PAID
2239,1194,3033.55,2026-03-11,PENDING
2240,1890,4237.06,2026-02-13,PENDING
2241,1181,1668.34,2026-02-17,PAID
2242,1560,1939.85,2026-01-05,PENDING
2243,1922,4769.02,2026-02-16,PENDING
2244,1089,1583.13,2026-03-17,PAID
2245,1100,3419.31,2026-07-17,PAID
2246,1735,514.11,2026-05-11,PAID
2247,1003,4344.71,2026-05-30,PAID
2248,1732,3950.51,2026-07-22,PAID
2249,1905,2946.47,2026-09-01,PENDING
2250,1438,1683.53,2026-02-03,CANCELLED
2251,1589,3361.37,2026-04-11,PAID
2252,1345,1342.78,2026-03-12,PENDING
2253,1803,4369.83,2026-03-24,PENDING
2254,1941,3261.74,2026-09-23,PAID
2255,1917,4713.36,2026-08-05,PAID
2256,1495,1959.80,2026-06-19,CANCELLED
2257,1945,4838.17,2026-01-28,PAID
2258,1803,538.26,2026-02-01,PAID
2259,1601,1387.50,2026-06-07,PAID
2260,1009,2529.93,2026-04-18,PAID
2261,1168,4225.34,2026-08-25,PENDING
2262,1297,3427.37,2026-08-20,PAID
2263,1136,1747.30,2026-03-18,PAID
2264,1797,4085.60,2026-06-30,PAID
2265,1995,2152.05,2026-03-13,PAID
2266,1792,2748.35,2026-01-18,PENDING
2267,1952,4475.50,2026-05-01,PAID
2268,1043,3811.65,2026-02-05,PAID
2269,1028,452.50,2026-05-06,PAID
2270,1187,1747.70,2026-06-10,PENDING
2271,1209,831.96,2026-09-08,PAID
2272,1942,4880.46,2026-07-14,PAID
2273,1675,1935.64,2026-09-11,PAID
2274,1387,2690.00,2026-05-18,PENDING
2275,1943,1903.30,2026-08-24,PENDING
2276,1264,4957.76,2026-06-02,PAID
2277,1846,3951.42,2026-03-27,PENDING
2278,1441,291.17,2026-07-11,PENDING
2279,1539,1047.46,2026-02-01,PAID
2280,1166,1739.33,2026-09-01,PENDING
2281,1414,1638.07,2026-02-10,PENDING
2282,1799,2803.51,2026-08-28,PENDING
2283,1647,3713.82,2026-08-26,PENDING
2284,1057,80.54,2026-01-13,CANCELLED
2285,1796,2416.99,2026-06-13,PAID
2286,1478,4108.76,2026-02-25,PAID
2287,1792,4988.72,2026-09-25,CANCELLED
2288,1514,3119.84,2026-07-26,CANCELLED
2289,1749,4953.91,2026-03-04,PAID
2290,1781,4967.12,2026-02-06,PAID
2291,1851,4287.89,2026-04-25,PAID
2292,1807,3625.17,2026-07-25,PAID
2293,1248,494.25,2026-02-08,CANCELLED
2294,1580,194.43,2026-02-28,PAID
2295,1805,4101.25,2026-08-20,PAID
2296,1509,3879.60,2026-09-24,CANCELLED
2297,1343,2042.09,2026-07-08,PAID
2298,1255,3792.20,2026-09-03,PENDING
2299,1488,2613.69,2026-08-03,PAID
2300,1167,2628.83,2026-03-29,PAID
2301,1328,936.90,2026-03-26,PAID
2302,1561,3273.87,2026-04-10,PAID
2303,1742,89.38,2026-01-09,PAID
2304,1685,2308.95,2026-06-29,CANCELLED
2305,1353,4342.11,2026-03-27,PAID
2306,1222,1136.99,2026-03-17,PAID
2307,1622,1909.47,2026-09-14,PAID
2308,1296,2895.38,2026-05-13,PENDING
2309,1669,3231.95,2026-04-17,PAID
2310,1819,867.28,2026-01-24,PAID
2311,1952,1796.56,2026-05-12,PAID
2312,1456,959.04,2026-06-20,PENDING
2313,1998,4318.75,2026-04-20,PAID
2314,1906,1634.93,2026-09-15,PAID
2315,1589,2966.52,2026-08-06,PAID
2316,1067,1233.54,2026-04-06,PAID
2317,1809,4846.31,2026-02-07,PAID
2318,1718,4020.00,2026-06-18,PAID
2319,1063,2371.45,2026-08-05,PAID
2320,1738,3745.07,2026-06-04,PENDING
2321,1034,4627.45,2026-07-17,PAID
2322,1753,2045.53,2026-07-28,PAID
2323,1012,3577.28,2026-03-14,PAID
2324,1915,3618.08,2026-08-18,CANCELLED
2325,1613,2423.60,2026-05-23,PAID
2326,1880,4970.36,2026-06-03,PAID
2327,1946,3121.74,2026-04-13,PENDING
2328,1853,4940.76,2026-06-20,PAID
2329,1337,2152.66,2026-07-05,PAID
2330,1828,586.73,2026-05-31,PAID
2331,1126,4556.99,2026-02-24,PAID
2332,1582,2808.18,2026-04-09,PAID
2333,1188,3715.35,2026-08-27,PAID
2334,1283,4037.34,2026-05-02,PENDING
2335,1955,2041.05,2026-01-20,PENDING
2336,1675,2023.08,2026-05-29,PAID
2337,1224,4872.07,2026-05-29,PENDING
2338,1911,2067.86,2026-06-16,PENDING
2339,1429,1352.44,2026-03-29,PAID
2340,1194,312.88,2026-02-11,PAID
2341,1473,3517.95,2026-08-22,CANCELLED
2342,1537,2872.09,2026-03-01,PAID
2343,1812,2955.33,2026-05-16,PAID
2344,1467,3281.71,2026-02-14,PENDING
2345,1772,3584.50,2026-09-18,PAID
2346,1405,4388.44,2026-02-28,PAID
2347,1711,4217.97,2026-02-24,CANCELLED
2348,1551,2378.52,2026-04-21,PAID
2349,1170,1911.94,2026-02-19,PAID
2350,1517,1322.59,2026-07-04,PAID
2351,1551,890.58,2026-07-13,CANCELLED
2352,1380,1826.81,2026-09-11,PAID
2353,1069,3859.31,2026-02-28,PAID
2354,1086,2027.94,2026-06-15,PAID
2355,1368,3851.32,2026-02-02,PENDING
2356,1368,1142.79,2026-01-29,PENDING
2357,1346,1562.29,2026-09-20,PENDING
2358,1125,2617.75,2026-03-10,PAID
2359,1693,3248.76,2026-05-28,PAID
2360,1371,979.04,2026-05-31,PENDING
2361,1925,1211.39,2026-05-09,PENDING
2362,1589,2442.75,2026-01-15,PAID
2363,1688,3265.67,2026-06-10,PENDING
2364,1696,1118.23,2026-05-17,PENDING
2365,1306,3196.01,2026-03-23,PAID
2366,1411,2119.20,2026-08-04,PAID
2367,1731,2330.03,2026-07-24,PAID
2368,1106,3034.95,2026-05-08,PENDING
2369,1001,2079.32,2026-01-04,PAID
2370,1658,3140.17,2026-01-01,PAID
2371,1315,895.00,2026-07-26,PENDING
2372,1957,1205.95,2026-06-10,PAID
2373,1197,2740.80,2026-09-15,PAID
2374,1571,3565.82,2026-05-20,PENDING
2375,1837,2384.54,2026-07-01,PAID
2376,1701,1283.52,2026-08-05,CANCELLED
2377,1726,901.10,2026-09-20,PAID
2378,1385,4723.11,2026-04-23,PAID
2379,1990,1947.81,2026-01-19,PAID
2380,1651,1172.64,2026-09-18,PENDING
2381,1817,2082.76,2026-05-10,PAID
2382,1577,560.03,2026-02-03,CANCELLED
2383,1124,2809.66,2026-08-01,CANCELLED
2384,1470,4936.10,2026-01-03,PENDING
2385,1519,2725.30,2026-04-30,PAID
2386,1361,652.19,2026-04-15,CANCELLED
2387,1979,2892.92,2026-04-15,PENDING
2388,1208,1607.28,2026-07-22,PAID
2389,1162,3736.79,2026-03-08,PENDING
2390,1070,1081.49,2026-07-15,PAID
2391,1459,1372.25,2026-08-13,PAID
2392,1542,1147.98,2026-09-23,PAID
2393,1932,192.06,2026-01-19,PAID
2394,1076,1374.72,2026-07-12,PAID
2395,1630,56.56,2026-03-20,PAID
2396,1571,4693.90,2026-09-30,PAID
2397,1984,30.84,2026-02-30,PENDING
2398,1846,3473.57,2026-08-21,PENDING
2399,1972,3044.99,2026-01-07,PAID
2400,1761,1329.33,2026-04-18,PAID
2401,1793,2155.75,2026-05-12,PAID
2402,1151,4913.43,2026-08-01,CANCELLED
2403,1850,4809.60,2026-06-09,PAID
2404,1421,145.90,2026-03-25,PAID
2405,1079,2097.41,2026-02-10,PENDING
2406,1539,4708.92,2026-01-29,PAID
2407,1348,2678.53,2026-08-06,PAID
2408,1108,2290.19,2026-02-19,UNKNOWN
2409,1748,493.96,2026-01-07,PAID
2410,1755,4817.75,2026-05-25,PAID
2411,1072,1195.88,2026-02-12,PAID
2412,1267,4192.33,2026-05-21,PENDING
2413,1691,646.84,2026-07-22,PENDING
2414,1804,3577.46,2026-09-24,PENDING
2415,1049,4013.83,2026-06-19,PAID
2416,1391,140.51,2026-05-06,PAID
2417,1523,695.94,2026-07-21,PAID
2418,1075,2520.88,2026-01-10,PAID
2419,1389,3461.22,2026-04-03,PENDING
2420,1426,3683.34,2026-06-24,PENDING
2421,1621,1481.39,2026-07-08,PENDING
2422,1213,4851.81,2026-05-16,PAID
2423,1640,702.75,2026-01-16,PAID
2424,1428,462.85,2026-06-11,PAID
2425,1876,2719.39,2026-07-03,PAID
2426,1167,4376.66,2026-03-10,CANCELLED
2427,1552,2762.38,2026-05-04,PENDING
2428,1253,1151.00,2026-01-08,PAID
2429,1528,1038.64,2026-09-16,PENDING
2430,1256,675.19,2026-05-08,PAID
2431,1520,1884.95,2026-04-20,PAID
2432,1450,4238.71,2026-05-22,PAID
2433,1739,1479.28,2026-05-14,PAID
2434,1939,3325.49,2026-09-04,PAID
2435,1356,978.19,2026-02-04,PAID
2436,1365,3761.23,2026-09-21,PENDING
2437,1429,1459.31,2026-01-08,PAID
2438,1998,1366.52,2026-04-16,CANCELLED
2439,1103,2870.96,2026-08-08,PENDING
2440,1036,3179.69,2026-01-08,PAID
2441,1133,4942.21,2026-05-12,PAID
2442,1537,1723.17,2026-06-10,PAID
2443,1075,3971.26,2026-08-15,PAID
2444,1354,2778.63,2026-03-16,PAID
2445,1039,651.37,2026-06-04,PENDING
2446,1364,4998.28,2026-04-07,PAID
2447,1254,3635.07,2026-05-15,PAID
2448,1288,1657.83,2026-08-21,PENDING
2449,1252,3762.71,2026-05-15,PAID
2450,1997,2208.78,2026-01-21,CANCELLED
2451,1073,2250.54,2026-03-29,PAID
2452,1514,2271.49,2026-09-27,PAID
2453,1041,3558.58,2026-07-31,PAID
2454,1196,2484.90,2026-01-20,PAID
2455,1943,2484.74,2026-04-07,PAID
2456,1872,3702.14,2026-09-26,PAID
2457,1657,3153.63,2026-08-28,PAID
2458,1472,3681.11,2026-01-15,CANCELLED
2459,1442,1925.74,2026-03-10,PAID
2460,1890,1629.66,2026-06-17,PAID
2461,1485,3612.96,2026-09-29,CANCELLED
2462,1947,,2026-04-23,PAID
2463,1127,2365.56,2026-09-07,PENDING
2464,1898,3218.80,2026-09-10,PAID
2465,1311,,2026-08-23,PAID
2466,1702,2088.11,2026-05-09,CANCELLED
2467,1776,1228.96,2026-09-11,CANCELLED
2468,1244,4856.32,2026-08-02,PENDING
2469,1818,4762.61,2026-01-04,PAID
2470,1686,3033.79,2026-06-27,PAID
2471,1531,2523.17,2026-08-30,PAID
2472,1218,1409.52,2026-02-25,PAID
2473,1139,374.23,2026-07-27,PAID
2474,1226,200.80,2026-09-21,PAID
2475,1343,3726.93,2026-01-28,PAID
2476,1297,1017.57,2026-08-14,PAID
2477,1279,2984.09,2026-03-17,PAID
2478,1604,2846.05,2026-07-31,PAID
2479,1747,3501.85,2026-03-16,PAID
2480,1093,1315.58,2026-09-09,PENDING
2481,1147,4321.83,2026-05-05,PENDING
2482,1480,2638.30,2026-04-09,PAID
2483,1126,3709.23,2026-07-06,PAID
2484,1283,2688.01,2026-04-08,PAID
2485,1948,2147.93,2026-08-22,PAID
2486,1437,4107.48,2026-07-28,PAID
2487,1224,2930.95,2026-07-24,CANCELLED
2488,1095,843.14,2026-08-03,PAID
2489,1851,-2805.74,2026-09-19,PAID
2490,1202,4497.26,2026-01-29,PAID
2491,1739,3592.44,2026-01-13,PAID
2492,1140,3989.88,2026-09-21,CANCELLED
2493,1294,457.60,2026-06-11,PAID
2494,1663,680.49,2026-02-21,PAID
2495,1194,2845.21,2026-04-30,PAID
2496,1780,3603.65,2026-07-14,PENDING
2497,1466,4679.99,2026-07-30,PAID
2498,1998,1061.57,2026-05-08,PAID
2499,1821,3798.46,2026-01-18,PAID
2500,1918,447.74,2026-01-13,CANCELLED
2501,1137,2465.90,2026-06-28,PAID
2502,1475,2360.45,2026-06-07,PENDING
2503,1433,906.37,2026-08-22,PAID
2504,1483,4421.25,2026/13/45,PENDING
2505,1383,4586.07,2026-05-05,PAID
2506,1845,34.75,2026-03-27,PAID
2507,1869,3854.59,2026-01-01,PAID
2508,1884,3186.66,2026-04-01,PAID
2509,1271,2188.09,2026-08-13,PAID
2510,1652,2466.27,2026-06-21,CANCELLED
2511,1400,851.83,2026-02-23,PAID
2512,1624,1681.18,2026-08-09,PAID
2513,1692,2324.44,2026-01-23,PAID
2514,1784,1928.99,2026-05-07,PAID
2515,1878,4409.76,2026-04-19,CANCELLED
2516,1809,4997.02,2026-06-06,PAID
2517,1473,4359.09,2026-07-10,PENDING
2518,1820,2048.96,2026-03-30,PAID
2519,1527,92.94,2026-02-05,PENDING
2520,1094,4743.60,2026-03-26,PAID
2521,1961,4641.01,2026-06-18,PAID
2522,1845,2886.20,2026-02-30,PAID
2523,1755,3836.53,2026-01-01,PAID
2524,1164,3650.60,2026-08-26,PAID
2525,1926,1556.12,2026-04-24,PAID
2526,1775,4456.34,2026-06-04,PAID
2527,1002,1582.96,2026-04-30,PENDING
2528,1771,2672.39,2026-06-15,PENDING
2529,1371,473.23,2026-05-14,PENDING
2530,1917,3305.02,2026-07-17,PAID
2531,1865,2904.46,2026-03-07,PAID
2532,1783,1329.12,2026-07-18,PENDING
2533,1367,1408.76,2026-04-28,PAID
2534,1477,4050.11,2026-09-17,PENDING
2535,1427,398.34,2026-01-26,CANCELLED
2536,1632,1412.59,2026-08-14,PAID
2537,1862,-2615.45,2026-04-21,PENDING
2538,1454,1793.27,2026-08-24,PAID
2539,1353,3193.96,2026-02-07,PAID
2540,1739,1855.47,2026-05-22,PENDING
2541,1828,610.13,2026-01-08,PAID
2542,1234,3856.64,2026-09-10,PENDING
2543,1098,2781.93,not-a-date,PAID
2544,1442,3619.38,2026-02-07,PAID
2545,1621,1202.99,2026-06-25,PAID
2546,1239,948.79,2026-04-24,PENDING
2547,1686,583.30,2026-08-15,PAID
2548,1707,526.06,2026-04-15,PAID
2549,1013,909.55,2026-05-07,PAID
2550,1026,663.77,2026-08-23,PAID
2551,1983,637.08,2026-01-24,PENDING
2552,1785,27.37,2026-04-16,CANCELLED
2553,1913,4223.24,2026-05-02,PAID
2554,1214,1776.89,2026-09-27,PENDING
2555,1945,4426.40,2026-08-29,PAID
2556,1434,1512.41,2026-04-20,PAID
2557,1666,3473.77,2026-05-03,PENDING
2558,1523,4601.19,2026-09-21,PAID
2559,1797,1522.42,2026-08-27,PENDING
2560,1857,1763.63,2026-07-18,PAID
2561,1676,2804.53,2026-08-24,PAID
2562,1869,4553.73,2026-08-02,PENDING
2563,1866,1874.51,2026-01-02,PAID
2564,1133,3483.60,2026-07-17,PAID
2565,1561,374.42,2026-04-13,PENDING
2566,1725,169.63,2026-09-03,CANCELLED
2567,1645,165.22,2026-08-06,PAID
2568,1622,3438.27,2026-04-11,PENDING
2569,1565,1507.07,2026-06-23,PAID
2570,1024,2096.02,2026-08-11,PENDING
2571,1018,3600.21,2026-09-06,PAID
2572,1869,3370.30,2026-02-03,PAID
2573,1244,602.20,2026-09-07,PAID
2574,1524,386.09,2026-04-10,PAID
2575,1942,4405.39,2026-09-21,PENDING
2576,1520,4915.61,2026-08-29,PENDING
2577,1146,461.00,2026-07-23,PAID
2578,1167,2565.39,2026-02-15,PAID
2579,1257,4179.47,2026-09-13,PAID
2580,1555,3193.03,2026-04-25,PENDING
2581,1322,3530.44,2026-08-05,PAID
2582,1890,3832.66,2026-08-07,PAID
2583,1709,3975.16,2026-08-05,PAID
2584,1999,1600.77,2026-04-24,PENDING
2585,1605,294.97,2026-08-07,PAID
2586,1171,719.41,2026-09-28,PAID
2587,1319,356.10,2026-07-12,PAID
2588,1460,3238.54,2026-09-20,PAID
2589,1725,3393.35,2026-05-09,PENDING
2590,1119,1880.55,2026-02-01,PAID
2591,1496,889.12,2026-09-28,PENDING
2592,1579,3119.86,2026-06-25,PENDING
2593,1023,122.74,2026-02-05,PAID
2594,1758,3683.37,2026-09-09,PAID
2595,1410,239.22,2026-05-23,PAID
2596,1488,2796.80,2026-04-02,PAID
2597,1963,2566.63,2026-06-11,PAID
2598,1046,3463.44,2026-07-27,PENDING
2599,1818,4584.92,2026-01-24,PAID
2600,1593,2951.05,2026-07-16,PAID
2601,1176,291.92,2026-01-08,PAID
2602,1941,1668.55,2026-01-01,PAID
2603,1475,1504.46,2026-01-05,PAID
2604,1763,4428.32,2026-02-26,PENDING
2605,1691,4639.67,2026-08-08,PAID
2606,1982,1320.22,2026-07-08,PAID
2607,1264,1846.13,2026-07-31,PENDING
2608,1655,3852.70,2026-07-17,PAID
2609,1173,3373.99,2026-07-04,PAID
2610,1410,3601.86,2026-01-13,PENDING
2611,1780,55.10,2026-01-04,PAID
2612,1241,3606.23,2026-04-18,PAID
2613,1105,3830.04,2026-09-15,PAID
2614,1249,3784.88,2026-08-28,PENDING
2615,1176,4174.25,2026-01-25,PAID
2616,1482,1888.53,2026-06-28,PAID
2617,1022,226.12,2026-09-15,PAID
2618,1038,2465.65,2026-02-21,PAID
2619,1429,3813.02,2026-01-31,PAID
2620,1917,3410.12,2026-04-21,PAID
2621,1303,2069.04,2026-07-09,PAID
2622,1426,1245.86,2026-04-17,PAID
2623,1980,4758.55,2026-06-01,PAID
2624,1285,3861.96,2026-02-01,CANCELLED
2625,1493,1002.05,2026-05-27,PENDING
2626,1608,177.40,2026-08-14,PAID
2627,1230,127.39,2026-01-13,PENDING
2628,1618,4427.36,2026-09-30,PAID
2629,1513,1097.20,2026-08-11,PENDING
2630,1961,736.71,2026-08-06,PAID
2631,1415,3615.20,2026-02-10,PAID
2632,1900,2291.34,2026-03-20,PAID
2633,1232,4155.54,2026-08-05,PAID
2634,1822,231.84,2026-08-10,PAID
2635,1717,3698.34,2026-03-03,PENDING
2636,1133,2027.81,2026-01-14,PAID
2637,1647,4610.70,2026-05-16,PAID
2638,1209,4683.33,2026-03-13,PAID
2639,1322,1906.91,2026-02-23,PAID
2640,1049,1478.95,2026-03-18,PENDING
2641,1415,1441.04,2026-08-23,PAID
2642,1863,4836.62,2026-03-01,PENDING
2643,1593,3730.06,2026-09-29,PAID
2644,1928,669.54,2026-01-21,PENDING
2645,1231,4053.18,2026-02-17,PENDING
2646,1472,4401.66,2026-02-10,PAID
2647,1183,1232.87,2026-04-30,PENDING
2648,1525,1105.27,2026-03-25,PAID
2649,1502,3123.58,2026-01-06,PAID
2650,1435,1087.83,2026-05-02,PAID
2651,1703,1250.97,2026-06-09,PAID
2652,1368,3287.49,2026-08-08,PENDING
2653,1082,517.43,2026-01-28,PAID
2654,1972,4310.86,2026-08-17,PAID
2655,1753,529.40,2026-09-26,PAID
2656,1963,1447.16,2026-02-21,PENDING
2657,1703,4033.97,2026-05-15,PAID
2658,1239,3626.11,2026-03-11,CANCELLED
2659,1895,3653.28,2026-02-21,PAID
2660,1140,4551.95,2026-09-21,PAID
2661,1934,4639.38,2026-02-13,PENDING
2662,1604,2305.57,2026-04-28,CANCELLED
2663,1002,3572.49,2026-09-28,PAID
2664,1597,1412.29,2026-01-10,PAID
2665,1760,2882.86,2026-06-09,CANCELLED
2666,1359,1589.22,2026-03-13,PAID
2667,1832,2989.03,2026-06-11,PAID
2668,1269,1243.21,2026-03-06,PAID
2669,1727,13.21,2026-09-02,PENDING
2670,1374,930.83,2026-09-09,PAID
2671,1784,347.76,2026-06-14,PENDING
2672,1831,662.00,2026-04-13,PENDING
2673,1424,2527.70,2026-06-23,PAID
2674,1629,1045.76,2026-05-19,PAID
2675,1755,347.10,2026-08-22,CANCELLED
2676,1190,1112.80,2026-03-18,PAID
2677,1129,848.26,2026-08-15,CANCELLED
2678,1556,560.22,2026-09-29,PAID
2679,1654,4593.16,2026-08-18,PAID
2680,1251,4762.16,2026-03-27,PAID
2681,1273,747.15,2026-04-10,PAID
2682,1704,4473.42,2026-06-19,PAID
2683,1666,3276.56,2026-01-21,PENDING
2684,1837,1800.65,2026-08-13,PENDING
2685,1681,2614.61,2026-08-19,PENDING
2686,1699,2320.43,2026-07-20,PAID
2687,1495,4794.37,2026-04-06,PAID
2688,1688,3655.94,2026-07-22,PENDING
2689,1323,3036.13,2026-07-27,PAID
2690,1358,4931.34,2026-08-29,PAID
2691,1038,4070.15,2026-08-09,PAID
2692,1955,3973.06,2026-09-02,PAID
2693,1813,4894.30,2026-04-14,PENDING
2694,1956,4958.46,2026-03-21,PAID
2695,1740,2939.63,2026-06-19,CANCELLED
2696,1347,4769.14,2026-08-22,PAID
2697,1112,2237.29,2026-05-22,PAID
2698,1261,374.88,2026-02-07,PAID
2699,1704,427.67,2026-07-05,PENDING
2700,1756,1129.12,2026-02-12,PAID
2701,1621,3942.80,2026-09-03,PAID
2702,1564,2897.36,2026-05-06,PAID
2703,1256,3041.02,2026-09-26,PAID
2704,1948,3956.68,2026-01-13,PAID
2705,1428,3165.76,2026-02-20,PENDING
2706,1102,2188.87,2026-04-07,PENDING
2707,1453,3612.07,2026-02-09,PAID
2708,1479,847.36,2026-07-01,PAID
2709,1336,3885.04,2026-02-04,PENDING
2710,1989,4709.54,2026-02-23,PAID
2711,1799,1600.03,2026-01-24,PAID
2712,1996,1140.53,2026-01-06,PAID
2713,1113,4060.98,2026-04-22,PAID
2714,1697,604.41,2026-04-03,PAID
2715,1430,1162.74,2026-04-02,PENDING
2716,1220,3559.80,2026-02-05,PAID
2717,1995,1279.55,2026-09-19,PAID
2718,1111,1379.66,2026-08-31,PAID
2719,1393,2282.13,2026-07-16,PAID
2720,1075,3030.99,2026-03-03,PAID
2721,1117,1713.74,2026-02-22,PAID
2722,1678,874.81,2026-08-16,PENDING
2723,1842,3024.99,2026-08-31,CANCELLED
2724,1341,3906.53,2026-01-27,PAID
2725,1145,1301.71,2026-09-13,PAID
2726,1198,556.43,2026-08-22,PENDING
2727,1018,1259.23,2026-08-30,PENDING
2728,1888,3645.26,2026-06-06,PAID
2729,1601,2226.84,2026-07-15,PAID
2730,1276,2631.06,2026-02-17,PAID
2731,1285,3499.34,2026-08-26,PAID
2732,1271,36.87,2026-05-24,PAID
2733,1236,2778.31,2026-04-03,PENDING
2734,1421,2978.59,2026-05-08,CANCELLED
2735,1758,1697.66,2026-05-23,CANCELLED
2736,1736,215.91,2026-03-24,PAID
2737,1656,2639.10,2026-02-20,PAID
2738,1091,4067.66,2026-02-03,PENDING
2739,1219,1237.79,2026-08-03,PAID
2740,1924,4096.06,2026-02-02,PENDING
2741,1614,4528.87,2026-01-12,PAID
2742,1542,3615.12,2026-05-07,PAID
2743,1185,4914.28,2026-02-12,PENDING
2744,1467,3974.35,2026-05-08,PAID
2745,1358,3918.77,2026-02-28,PAID
2746,1143,2168.17,2026-09-17,PENDING
2747,1671,3200.87,2026-02-07,PAID
2748,1953,1952.87,2026-03-10,PENDING
2749,1591,148.45,2026-09-22,CANCELLED
2750,1115,3441.82,2026-05-18,PAID
2751,1976,4778.80,2026-08-23,PENDING
2752,1055,281.12,2026-02-04,PENDING
2753,1486,261.20,2026-07-15,PAID
2754,1323,2504.98,2026-05-14,PAID
2755,1986,655.03,2026-08-13,CANCELLED
2756,1552,1253.07,2026-05-01,PENDING
2757,1442,2429.80,2026-06-18,CANCELLED
2758,1231,3855.27,2026-07-30,PAID
2759,1152,26.48,2026-09-12,PAID
2760,1188,1473.32,2026-01-01,PAID
2761,1983,3697.91,2026-09-24,PAID
2762,1866,653.34,2026-08-10,PAID
2763,1223,3142.81,2026-04-26,PAID
2764,1576,4802.65,2026-04-02,PAID
2765,1186,753.74,2026-01-29,PAID
2766,1415,158.06,2026-04-09,PENDING
2767,1947,3486.59,2026-08-22,PENDING
2768,1713,356.68,2026-02-18,CANCELLED
2769,1789,1503.12,2026-05-13,PAID
2770,1293,3395.53,2026-03-22,PAID
2771,1104,2272.54,2026-02-05,PAID
2772,1903,1072.26,2026-07-10,PAID
2773,1977,1581.61,2026-06-05,PAID
2774,1671,425.58,2026-02-08,PAID
2775,1176,3496.98,2026-09-25,PENDING
2776,1183,4050.85,2026-04-14,PAID
2777,1543,4506.75,2026-03-25,PAID
2778,1015,4282.98,2026-08-17,PENDING
2779,1716,2852.18,2026-09-30,PAID
2780,1289,1791.28,2026-05-22,CANCELLED
2781,1723,1957.31,2026-04-17,PENDING
2782,1650,566.79,2026-01-03,PENDING
2783,1437,3783.61,2026-07-07,PAID
2784,1349,3692.67,2026-02-06,PAID
2785,1713,1293.54,2026-04-04,PENDING
2786,1891,665.21,2026-08-18,PAID
2787,1303,161.63,2026-08-29,PAID
2788,1242,2898.34,2026-08-19,PAID
2789,1912,3398.09,2026-09-08,PAID
2790,1245,4232.67,2026-06-29,PAID
2791,1274,4311.76,2026-09-04,PAID
2792,1833,482.60,2026-03-20,PAID
2793,1136,1141.55,2026-04-18,PAID
2794,1593,1146.77,2026-02-10,PAID
2795,1367,2734.54,2026-06-24,PAID
2796,1897,3651.68,2026-01-19,PAID
2797,1999,2263.18,2026-08-03,PAID
2798,1766,2659.93,2026-05-26,PAID
2799,1478,3103.34,2026-08-08,PENDING
2800,1054,1901.54,2026-03-29,PAID
2801,1602,67.52,2026-05-31,PENDING
2802,1324,3132.64,2026-01-26,PAID
2803,1438,4195.78,2026-09-10,PAID
2804,1751,4704.52,2026-02-12,PENDING
2805,1872,4635.44,2026-09-08,UNKNOWN
2806,1993,518.63,2026-09-21,PENDING
2807,1728,3277.92,2026-05-07,PAID
2808,1670,4799.71,2026-02-21,PENDING
2809,1597,1795.72,2026-02-16,PAID
2810,1401,2974.01,2026-02-18,PAID
2811,1864,4845.95,2026-09-23,PAID
2812,1064,994.64,2026-03-16,PAID
2813,1450,2089.50,2026-01-01,PAID
2814,1777,992.25,2026-06-04,PAID
2815,1234,2892.62,2026-06-01,PAID
2816,1273,4826.07,2026-04-25,PAID
2817,1442,4502.75,2026-08-30,PAID
2818,1659,4949.08,2026-09-27,PENDING
2819,1843,1087.07,2026-04-30,PAID
2820,1367,4314.76,2026-02-09,PENDING
2821,1697,1034.02,2026-06-22,CANCELLED
2822,1249,1276.74,2026-05-23,CANCELLED
2823,1628,3386.95,2026-01-29,PENDING
2824,1570,,2026-06-13,PAID
2825,1877,4757.10,2026-05-23,PAID
2826,1136,2777.49,2026-07-30,CANCELLED
2827,1444,2925.22,2026-02-11,PAID
2828,1577,2087.93,2026-09-03,PAID
2829,1374,3661.72,2026-07-27,PAID
2830,1567,1074.16,2026-04-05,PENDING
2831,1943,1527.69,2026-07-26,PAID
2832,1922,4598.89,2026-03-30,PENDING
2833,1576,4503.11,2026-06-11,CANCELLED
2834,1112,3051.74,2026-01-13,PAID
2835,1729,1972.94,2026-05-21,PENDING
2836,1732,1874.83,2026-09-23,PAID
2837,1026,3149.84,2026-06-20,PENDING
2838,1250,2323.01,2026-07-29,PENDING
2839,1636,1948.59,2026-09-15,PAID
2840,1734,1520.57,2026-01-12,PAID
2841,1889,4360.90,2026-05-09,PENDING
2842,1007,4679.70,2026-05-03,PAID
2843,1678,899.48,2026-02-08,PAID
2844,1212,1698.97,2026-08-22,PAID
2845,1010,4661.27,2026-04-20,CANCELLED
2846,1427,1247.49,2026-09-29,PAID
2847,1268,4177.40,2026-07-23,PENDING
2848,1349,3434.73,2026-03-24,PAID
2849,1034,4727.38,2026-05-23,PAID
2850,1858,4779.75,2026-03-23,PAID
2851,1281,1895.54,2026-06-13,PAID
2852,1443,453.91,2026-02-11,PAID
2853,1717,422.59,2026-03-06,PAID
2854,1122,433.46,2026-03-06,PAID
2855,1047,603.56,2026-04-23,PENDING
2856,1665,3853.02,2026-05-31,PENDING
2857,1581,3859.21,2026-06-24,PAID
2858,1823,2863.78,2026-08-08,CANCELLED
2859,1774,340.76,2026-04-23,PENDING
2860,1055,4157.47,2026-08-19,PAID
2861,1451,1447.00,2026-05-27,PAID
2862,1518,4305.63,2026-02-27,PAID
2863,1384,2285.77,2026-07-22,PAID
2864,1715,2223.40,2026-05-18,PAID
2865,1387,877.40,2026-03-26,PAID
2866,1570,3173.43,2026-01-10,PAID
2867,1656,2107.98,2026-08-21,PAID
2868,1427,3957.00,2026-07-24,PAID
2869,1338,1122.00,2026-01-18,PAID
2870,1540,1428.58,2026-08-14,PENDING
2871,1753,3998.69,2026-06-01,CANCELLED
2872,1590,738.97,2026-03-15,PAID
2873,1640,1472.15,2026-07-25,PAID
2874,1311,710.14,2026-01-17,PAID
2875,1504,3207.99,2026-05-19,PAID
2876,1568,1993.25,2026-03-09,PENDING
2877,1700,3782.61,2026-07-17,PAID
2878,1514,2825.15,2026-07-10,PENDING
2879,1735,3874.82,2026-07-06,PAID
2880,1902,2467.36,2026-06-01,PAID
2881,1378,3137.86,2026-06-03,CANCELLED
2882,1667,1005.91,2026-08-29,PENDING
2883,1118,1751.20,2026-07-02,CANCELLED
2884,1659,2584.25,2026-06-21,PAID
2885,1027,1831.46,2026-06-28,PENDING
2886,1876,1348.97,2026-06-04,PENDING
2887,1760,1906.45,2026-08-31,PENDING
2888,1556,490.46,2026-06-28,PAID
2889,1027,3277.29,2026-09-22,PAID
2890,1399,4386.41,2026-06-23,PENDING
2891,1108,1984.25,2026-06-13,PAID
2892,1398,576.55,2026-05-07,PAID
2893,1286,2423.90,2026-01-10,PAID
2894,1648,1698.51,2026-01-14,PENDING
2895,1227,4594.61,2026-07-06,PENDING
2896,1038,2154.38,2026-07-06,PENDING
2897,1851,1854.05,2026-03-03,PAID
2898,1580,2227.55,2026-09-27,PAID
2899,1817,3173.77,2026-06-21,PAID
2900,1838,837.34,2026-07-20,PAID
2901,1153,4569.35,2026-04-19,PENDING
2902,1941,686.83,2026-01-23,PENDING
2903,1458,2231.11,2026-04-16,PAID
2904,1670,189.92,2026-02-03,CANCELLED
2905,1123,2767.40,2026-07-02,PAID
2906,1492,279.33,2026-03-21,PAID
2907,1017,1098.41,2026-05-26,PAID
2908,1443,3593.84,2026-07-19,PAID
2909,1602,3313.94,2026-09-14,PAID
2910,1792,4740.27,2026-05-16,PENDING
2911,1112,4776.48,2026-03-15,PAID
2912,1557,3457.12,2026-08-09,PAID
2913,1527,2224.61,2026-09-02,PAID
2914,1889,2898.61,2026-02-09,PENDING
2915,1991,4580.44,2026-07-22,PAID
2916,1130,1151.49,2026-03-14,PAID
2917,1101,3788.45,2026-02-10,CANCELLED
2918,1228,2973.82,2026-08-23,PAID
2919,1832,1049.33,2026-09-13,PAID
2920,1255,4906.36,2026-01-25,PAID
2921,1273,1593.32,2026-06-22,PAID
2922,1771,2969.50,2026-07-01,CANCELLED
2923,1314,815.25,2026-04-18,PAID
2924,1466,2402.89,2026-06-18,PENDING
2925,1820,371.83,2026-02-30,PAID
2926,1951,2989.71,2026-08-10,PENDING
2927,1246,2704.58,2026-03-22,PAID
2928,1674,262.87,2026-06-28,PAID
2929,1352,1493.92,2026-06-13,PENDING
2930,1822,1953.00,2026-09-12,PENDING
2931,1480,3605.12,2026-07-06,PAID
2932,1495,3475.38,2026-09-28,PAID
2933,1824,3608.88,2026-02-07,paid
2934,1089,4019.06,2026-03-04,PAID
2935,1249,589.76,2026-02-01,PAID
2936,1442,2421.97,2026-03-14,PAID
2937,1345,1490.51,2026-05-10,PAID
2938,1362,2887.21,2026-06-26,PAID
2939,1019,1202.82,2026-03-19,PAID
2940,1438,213.01,2026-03-26,PAID
2941,1599,1077.90,2026-08-16,PAID
2942,1867,4189.95,2026-08-27,CANCELLED
2943,1154,4912.48,2026-03-23,PAID
2944,1644,774.70,2026-02-21,PAID
2945,1545,459.20,2026-05-02,PAID
2946,1642,18.76,2026-03-21,PAID
2947,1259,981.47,2026-03-20,PENDING
2948,1864,2626.95,2026-08-23,PAID
2949,1995,2665.08,2026-04-12,PAID
2950,1917,1455.92,2026-08-15,PAID
2951,1597,3964.50,2026-02-25,PAID
2952,1919,4876.40,2026-04-30,PAID
2953,1232,2913.74,2026-04-15,PAID
2954,1819,4469.52,2026-06-16,PAID
2955,1375,1621.31,2026-04-03,PAID
2956,1718,2361.88,2026-06-15,PAID
2957,1466,298.98,2026-09-19,PAID
2958,1705,3839.37,2026-08-30,PENDING
2959,1420,3228.47,2026-04-11,PAID
2960,1113,3863.98,2026-09-03,PAID
2961,1006,2843.07,2026-05-12,PENDING
2962,1787,4326.80,2026-09-23,PAID
2963,1785,2976.21,2026-05-28,PAID
2964,1354,1206.98,2026-04-25,PENDING
2965,1379,248.25,2026-02-26,PAID
2966,1350,4077.11,2026-03-05,PENDING
2967,1055,4948.53,2026-01-04,PAID
2968,1935,4738.15,2026-04-30,CANCELLED
2969,1156,1630.45,2026-02-28,PENDING
2970,1526,2293.81,2026-04-29,PAID
2971,1868,4237.97,2026-08-01,PAID
2972,1521,311.15,2026-07-10,PENDING
2973,1931,167.03,2026-05-17,PAID
2974,1617,182.98,2026-07-13,PAID
2975,1522,2430.14,2026-09-18,CANCELLED
2976,1641,2788.56,2026-06-29,PAID
2977,1267,1083.14,2026-06-22,PAID
2978,1737,1361.17,2026-01-24,PENDING
2979,1729,3871.69,2026-02-19,PAID
2980,1454,603.75,2026-01-29,PAID
2981,1387,4077.46,2026-07-13,PAID
2982,1454,4087.21,2026-06-30,PAID
2983,1454,470.84,2026-07-04,PAID
2984,1883,3874.58,2026-02-22,UNKNOWN
2985,1794,109.36,2026-06-15,CANCELLED
2986,1747,4485.41,2026-03-04,PAID
2987,1502,1733.03,2026-01-12,PENDING
2988,1036,3716.32,2026-06-09,PAID
2989,1642,1342.90,2026-02-10,PAID
2990,1871,2015.89,2026-04-08,CANCELLED
2991,1263,4384.96,2026-05-23,PAID
2992,1256,880.72,2026-02-16,PAID
2993,1492,472.93,2026-04-05,PAID
2994,1105,3534.91,2026-09-21,CANCELLED
2995,1159,2520.34,2026-02-11,PAID
2996,1802,3063.04,2026-05-15,PAID
2997,1519,1356.61,2026-07-11,PAID
2998,1328,736.52,2026-04-06,CANCELLED
2999,1622,4702.74,2026-09-13,PAID
3000,1256,4730.82,2026-07-03,PENDING
3001,1638,3539.60,2026-09-04,PAID
3002,1481,3367.56,2026-05-29,CANCELLED
3003,1936,1911.80,2026-03-28,PENDING
3004,1848,2147.05,2026-09-28,CANCELLED
3005,1465,4678.88,2026-07-28,CANCELLED
3006,1389,3865.75,2026-04-05,PAID
3007,1129,2106.17,2026-07-21,PAID
3008,1633,2289.84,2026-09-17,PAID
3009,1693,464.67,2026-06-12,
3010,1524,1583.56,2026-06-13,PAID
3011,1286,3367.65,2026-09-12,PENDING
3012,1647,3509.71,2026-04-30,PAID
3013,1287,4393.44,2026-05-30,PENDING
3014,1087,480.37,2026-03-10,CANCELLED
3015,1174,4269.05,2026-01-28,PAID
3016,1820,1283.66,2026-01-10,PAID
3017,1744,4070.25,2026-03-04,PAID
3018,1874,823.71,2026-03-21,PAID
3019,1273,3703.62,2026-07-18,PAID
3020,1674,197.30,2026-06-05,PAID
3021,1493,3105.71,2026-09-06,PENDING
3022,1546,2984.15,2026-03-09,CANCELLED
3023,1925,3255.41,2026-03-06,CANCELLED
3024,1105,3347.19,2026-03-19,PENDING
3025,1830,3020.45,2026-03-03,PAID
3026,1072,4675.98,2026-03-25,PAID
3027,1586,4829.16,2026-06-23,CANCELLED
3028,1394,3227.96,2026-04-06,CANCELLED
3029,1348,182.76,2026-09-05,PAID
3030,1766,4158.79,2026-01-19,PAID
3031,1472,452.70,2026-01-09,PENDING
3032,1100,2834.18,2026-09-28,PAID
3033,1880,4340.39,2026-05-07,PAID
3034,1046,702.58,2026-02-12,PAID
3035,1119,529.89,2026-04-20,PAID
3036,1788,3832.73,2026-02-14,PAID
3037,1285,1321.62,2026-03-19,PAID
3038,1938,697.29,2026-08-21,PAID
3039,1312,1726.75,2026-03-06,PAID
3040,1748,3729.29,2026-04-05,PAID
3041,1013,2305.56,2026-04-23,PENDING
3042,1627,2476.38,2026-09-04,CANCELLED
3043,1924,329.92,2026-08-26,PAID
3044,1414,1620.41,2026-08-13,CANCELLED
3045,1481,1727.83,2026-01-06,PAID
3046,1668,3094.84,2026-05-11,PAID
3047,1817,510.95,2026-08-12,CANCELLED
3048,1905,3495.67,2026-05-14,PAID
3049,1710,4246.81,2026-06-14,PAID
3050,1425,2916.84,2026-04-15,PENDING
3051,1352,2972.37,2026-08-21,PAID
3052,1895,3663.40,2026-09-11,PENDING
3053,1694,1819.73,2026-05-31,PAID
3054,1210,256.87,2026-03-28,PAID
3055,1913,247.35,2026-07-25,PAID
3056,1786,1561.92,2026-01-21,PENDING
3057,1730,4358.52,2026-02-03,PAID
3058,1459,3763.67,2026-08-29,PAID
3059,1983,4482.76,2026-08-03,CANCELLED
3060,1143,482.85,2026-04-15,PAID
3061,1074,4548.71,2026-09-13,PENDING
3062,1133,2322.75,2026-01-04,PENDING
3063,1352,3930.86,2026-08-17,PENDING
3064,1118,3339.34,2026-07-07,PAID
3065,1244,2789.97,2026-08-02,PENDING
3066,1738,358.09,2026-07-18,PENDING
3067,1070,4241.46,2026-01-29,PAID
3068,1233,1582.48,2026-06-08,PAID
3069,1957,3027.91,2026-04-27,PAID
3070,1435,1414.10,2026-05-08,PAID
3071,1388,653.30,2026-05-07,PAID
3072,1659,1046.46,2026-06-09,PAID
3073,1789,1074.60,2026-09-10,PENDING
3074,1472,2635.52,2026-02-23,PAID
3075,1575,3477.95,2026-06-29,PAID
3076,1757,4330.58,2026-04-28,PAID
3077,1457,2438.04,2026-06-22,PENDING
3078,1895,2295.94,2026-07-25,PAID
3079,1005,3732.44,2026-09-12,CANCELLED
3080,1814,3074.72,2026-02-10,PAID
3081,1958,2451.52,2026-08-16,PENDING
3082,1160,2002.77,2026-02-13,PAID
3083,1624,4325.59,2026-04-28,PENDING
3084,1760,910.45,2026-08-17,PENDING
3085,1801,3798.06,2026-06-29,PENDING
3086,1427,629.50,2026-04-08,PAID
3087,1995,998.97,2026-04-15,PENDING
3088,1608,2002.37,2026-01-14,PAID
3089,1679,4039.59,2026-04-25,PAID
3090,1558,4315.31,2026-09-03,PAID
3091,1686,328.89,2026-09-16,PENDING
3092,1251,1972.11,2026-02-26,CANCELLED
3093,1884,3758.98,2026-01-09,PENDING
3094,1001,28.93,2026-05-22,PAID
3095,1491,1744.67,2026-05-04,PENDING
3096,1819,2201.93,2026-04-28,CANCELLED
3097,1391,3688.41,2026-05-29,CANCELLED
3098,1449,3935.76,2026-04-12,PAID
3099,1943,217.89,2026-01-18,PAID
3100,1518,3153.23,2026-01-14,PAID
3101,1574,4046.02,2026-01-06,PENDING
3102,1563,255.93,2026-09-04,PENDING
3103,1161,3373.51,2026-02-28,PENDING
3104,1061,1442.09,2026-09-13,PAID
3105,1254,2316.72,2026-07-16,PAID
3106,1031,1448.59,2026-02-05,PAID
3107,1522,2855.48,2026-01-01,CANCELLED
3108,1501,4467.35,2026-06-07,PAID
3109,1961,4939.58,2026-02-09,PAID
3110,1481,3289.25,2026-05-29,PAID
3111,1951,1496.69,2026-01-17,PAID
3112,1998,4593.91,2026-04-18,CANCELLED
3113,1654,2509.85,2026-07-22,PAID
3114,1405,2480.02,2026-06-09,PAID
3115,1274,4677.57,2026-04-08,PAID
3116,1839,486.07,2026-08-04,PAID
3117,1494,2577.08,2026-04-23,PAID
3118,1292,2920.91,2026-05-17,PAID
3119,1558,57.08,2026-04-05,PENDING
3120,1577,1797.67,2026-02-25,PAID
3121,1089,2012.54,2026-03-11,PAID
3122,1838,2655.69,2026-05-25,PAID
3123,1403,4485.29,2026-04-06,PAID
3124,1748,4271.35,2026-03-14,PENDING
3125,1582,4084.78,2026-04-21,PAID
3126,1453,216.49,2026-02-01,PAID
3127,1942,4056.53,2026-03-23,PAID
3128,1288,407.08,2026-07-30,PENDING
3129,1086,4846.76,2026-03-29,PAID
3130,1831,1667.76,2026-09-01,PAID
3131,1001,2629.87,2026-03-18,PAID
3132,1014,151.11,2026-05-09,PAID
3133,1922,3889.58,2026-08-17,PAID
3134,1251,1043.96,2026-07-16,PENDING
3135,1627,716.03,2026-07-26,PAID
3136,1521,3829.09,2026-02-17,PAID
3137,1068,81.72,2026-05-07,PAID
3138,1479,560.49,2026-06-12,PAID
3139,1869,1875.72,2026-09-20,PAID
3140,1205,109.80,2026-09-25,PENDING
3141,1531,1562.58,2026-01-11,PAID
3142,1113,1331.06,2026-09-06,CANCELLED
3143,1467,4095.98,2026-04-16,PAID
3144,1895,385.16,2026-01-26,PAID
3145,1752,1026.16,2026-07-06,PAID
3146,1632,2578.10,2026-01-06,PAID
3147,1061,903.64,2026-09-26,PAID
3148,1475,414.99,2026-07-15,PAID
3149,1651,3267.10,2026-02-17,PAID
3150,1778,3101.16,2026-05-14,PENDING
3151,1371,1484.40,2026-08-21,PAID
3152,1022,4383.11,2026-05-29,PAID
3153,1765,1053.08,2026-08-28,PAID
3154,1560,3778.61,2026-04-03,PENDING
3155,1595,206.82,2026-05-02,PAID
3156,1927,3898.30,2026-07-26,PENDING
3157,1010,2994.73,2026-09-18,PAID
3158,1806,3580.67,2026-02-19,PAID
3159,1577,335.08,2026-08-30,PAID
3160,1655,1178.13,2026-05-09,PAID
3161,1178,4365.06,2026-08-02,PENDING
3162,1010,3024.46,2026-08-29,PAID
3163,1294,4762.44,2026-01-12,PENDING
3164,1336,913.35,2026-08-26,CANCELLED
3165,1700,503.02,2026-09-25,PAID
3166,1321,877.67,2026-09-13,PENDING
3167,1377,2752.78,2026-09-05,PENDING
3168,1848,2594.39,2026-03-21,PAID
3169,1946,836.16,2026-07-22,PAID
3170,1049,144.48,2026-01-13,PAID
3171,1282,4644.04,not-a-date,PAID
3172,1387,4870.21,2026-04-17,PENDING
3173,1091,3929.86,2026-05-13,PENDING
3174,1643,2885.72,2026-08-12,PENDING
3175,1282,1771.92,2026-03-20,PAID
3176,1322,4568.44,2026-06-22,PENDING
3177,1547,,2026-04-24,PAID
3178,1273,71.37,2026-06-01,PENDING
3179,1613,1902.79,2026-06-06,PAID
3180,1119,456.82,2026-02-06,PAID
3181,1695,4001.38,2026-07-03,PAID
3182,1768,4038.19,2026-07-22,PAID
3183,1133,,2026-07-11,PENDING
3184,1661,3310.56,2026-07-29,PAID
3185,1656,4333.35,2026-08-30,PAID
3186,1481,1843.39,2026-01-12,PENDING
3187,1362,4715.96,2026-06-29,PAID
3188,1013,1038.05,2026-09-19,PAID
3189,1431,2318.95,2026-04-21,PAID
3190,1827,1454.99,2026-08-30,CANCELLED
3191,1605,166.05,2026-07-06,PENDING
3192,1006,2294.22,2026-03-27,PAID
3193,1068,480.23,2026-07-08,
3194,1047,2806.02,2026-01-16,PENDING
3195,1311,2248.62,2026-07-20,PAID
3196,1708,2700.54,2026-04-29,CANCELLED
3197,1194,2051.65,2026-09-05,PAID
3198,1816,2843.00,2026-08-29,PAID
3199,1987,56.25,2026-08-17,PAID
3200,1139,1497.15,2026-08-27,PAID
3201,1800,1977.25,2026-02-21,PAID
3202,1392,1342.17,2026-08-27,PAID
3203,1244,1885.32,2026-05-07,PAID
3204,1034,2507.67,2026-04-11,PENDING
3205,1374,925.88,2026-04-18,PENDING
3206,1813,3631.04,2026-06-23,PAID
3207,1644,3732.01,2026-04-19,PAID
3208,1138,1464.87,2026-05-26,PAID
3209,1398,3873.42,2026-05-11,PAID
3210,1286,1880.67,2026-08-10,PAID
3211,1225,2389.02,2026-01-21,PAID
3212,1627,3297.32,2026-06-17,PAID
3213,1816,5.23,2026-04-25,PAID
3214,1660,415.78,2026-08-26,PAID
3215,1768,4754.66,2026-01-22,PAID
3216,1199,2620.12,2026-05-20,PAID
3217,1730,1708.83,2026-08-17,PAID
3218,1616,2133.51,2026-06-25,PAID
3219,1598,3543.77,2026-04-25,PAID
3220,1115,1525.24,2026-08-29,PAID
3221,1217,1704.77,2026-06-24,PAID
3222,1927,2036.02,2026-02-03,PAID
3223,1392,4720.96,2026-09-03,PAID
3224,1500,1238.53,2026-09-11,PAID
3225,1164,-1543.98,2026-07-24,PENDING
3226,1290,1633.00,2026-05-06,PAID
3227,1256,4472.34,2026-03-12,PAID
3228,1832,3980.53,2026-04-17,PENDING
3229,1109,1710.38,2026-05-25,PAID
3230,1779,4636.25,2026-08-22,PAID
3231,1237,3662.64,2026-01-03,PAID
3232,1829,1144.10,2026-01-06,PAID
3233,1349,85.58,2026-08-19,CANCELLED
3234,1426,1787.65,2026-05-06,PAID
3235,1406,1743.47,2026-02-28,PENDING
3236,1715,961.04,2026-02-18,PAID
3237,1193,2940.43,2026-01-23,PAID
3238,1039,2494.26,2026-07-02,PAID
3239,1196,1214.27,2026-05-29,PAID
3240,1564,321.67,2026-01-19,PAID
3241,1261,1725.44,2026-08-21,PAID
3242,1924,486.14,2026-09-05,PENDING
3243,1517,1538.86,2026-03-25,PAID
3244,1937,237.90,2026-04-13,PAID
3245,1570,2069.92,2026-01-29,PAID
3246,1942,1900.00,2026-05-10,PAID
3247,1392,1302.43,2026-04-05,PENDING
3248,1383,4785.65,2026-01-30,PAID
3249,1044,3932.39,2026-01-25,PAID
3250,1321,1955.30,2026-06-02,PENDING
3251,1187,4543.73,2026-04-24,PAID
3252,1456,2639.54,2026-08-10,PAID
3253,1130,2229.02,2026-04-27,CANCELLED
3254,1300,481.40,2026-06-12,PAID
3255,1381,2192.51,2026-06-21,CANCELLED
3256,1565,2481.94,2026-02-20,PENDING
3257,1964,2014.37,2026-06-18,PAID
3258,1600,2332.75,2026-01-09,PAID
3259,1225,4336.28,2026-04-21,PAID
3260,1835,4861.88,2026-04-07,PAID
3261,1537,866.90,2026-03-31,PAID
3262,1266,2258.51,2026-03-15,PAID
3263,1749,4620.76,2026-09-16,PAID
3264,1202,1422.80,2026-05-18,PAID
3265,1125,3240.36,2026-08-10,PAID
3266,1434,445.27,2026-01-18,CANCELLED
3267,1395,1581.14,2026-04-22,PAID
3268,1191,4504.01,2026-05-29,CANCELLED
3269,1859,3914.20,2026-09-21,PAID
3270,1041,4095.34,2026-08-08,PAID
3271,1714,3428.98,2026-08-31,PAID
3272,1135,4621.24,2026-03-25,PAID
3273,1037,666.98,2026-02-26,PAID
3274,1295,2992.76,2026-09-15,PENDING
3275,1393,4283.57,2026-01-23,CANCELLED
3276,1365,4478.48,2026-07-22,CANCELLED
3277,1033,4284.76,2026-08-21,CANCELLED
3278,1861,1191.48,2026-08-16,PAID
3279,1661,489.98,2026-03-28,PAID
3280,1461,3720.56,2026-05-06,PAID
3281,1231,682.73,2026-08-17,PAID
3282,1419,2983.13,2026-01-23,PAID
3283,1076,423.02,2026-01-27,PAID
3284,1418,3478.32,2026-08-16,PAID
3285,1927,747.65,2026-09-06,PAID
3286,1041,2960.88,2026-04-28,CANCELLED
3287,1184,3165.24,2026-08-17,PAID
3288,1145,373.19,2026-05-03,PAID
3289,1607,1820.12,2026-05-12,PENDING
3290,1953,2633.07,2026-02-17,CANCELLED
3291,1170,2654.29,2026-03-26,PAID
3292,1308,3316.01,2026-02-12,PAID
3293,1668,3150.35,2026-02-03,PAID
3294,1236,500.92,2026-03-19,PENDING
3295,1372,985.19,2026-05-31,PAID
3296,1305,3729.24,2026-07-31,PAID
3297,1497,520.42,2026-09-05,PENDING
3298,1120,3570.15,2026-07-19,PAID
3299,1361,2333.72,2026-01-13,PENDING
3300,1213,381.15,2026-08-11,PENDING
3301,1303,2068.00,2026-06-05,PAID
3302,1762,1517.49,2026-08-07,PAID
3303,1408,3053.66,2026-07-31,PAID
3304,1457,3212.16,2026-03-12,CANCELLED
3305,1798,2509.96,2026-08-12,PENDING
3306,1711,2868.20,2026-03-09,PENDING
3307,1253,1796.35,2026-03-17,PENDING
3308,1869,1820.60,2026-09-28,PAID
3309,1032,1358.06,2026-04-02,PAID
3310,1670,2483.86,2026-09-05,CANCELLED
3311,1515,942.47,2026-07-07,PAID
3312,1888,3983.98,2026-09-01,PAID
3313,1402,3706.34,2026-02-14,PAID
3314,1503,4895.22,2026-07-29,PAID
3315,1691,726.89,2026-09-08,PENDING
3316,1028,1517.10,2026-08-10,PAID
3317,1980,659.36,2026-09-29,CANCELLED
3318,1365,1105.95,2026-06-15,PAID
3319,1673,4605.30,2026-05-09,PAID
3320,1317,4933.64,2026-02-07,CANCELLED
3321,1631,2398.58,2026-07-30,CANCELLED
3322,1603,4608.23,2026-03-08,PAID
3323,1054,962.37,2026-06-21,PENDING
3324,1285,2553.04,2026-08-13,PAID
3325,1527,84.46,2026-04-12,PAID
3326,1043,1262.18,2026-09-13,PAID
3327,1707,4715.28,2026-03-06,PAID
3328,1538,1485.93,2026-08-08,PENDING
3329,1447,3855.02,2026-04-24,PAID
3330,1017,270.16,2026-08-17,PAID
3331,1781,3807.28,2026-06-18,PAID
3332,1575,4618.74,2026-04-02,PENDING
3333,1971,4079.43,2026-06-16,PAID
3334,1066,3898.61,2026-05-21,PENDING
3335,1771,2662.91,2026-06-23,PAID
3336,1443,3579.31,2026-02-26,PAID
3337,1974,1765.22,2026-02-22,PENDING
3338,1309,366.68,2026-06-15,PENDING
3339,1310,2327.75,2026-03-08,CANCELLED
3340,1601,67.54,2026-03-30,PAID
3341,1672,4346.30,2026-02-20,PAID
3342,1019,4704.82,2026-01-05,PAID
3343,1188,3679.34,2026-04-04,PAID
3344,1332,2004.16,2026-02-25,PAID
3345,1105,3497.34,2026-03-03,CANCELLED
3346,1165,3150.37,2026-01-04,PENDING
3347,1687,2711.40,2026-03-07,PAID
3348,1182,4005.11,2026-03-12,PENDING
3349,1762,4886.68,2026-08-07,PAID
3350,1948,2877.43,2026-05-31,CANCELLED
3351,1371,1328.61,2026-05-15,PAID
3352,1152,3659.62,2026-06-12,PAID
3353,1779,4170.79,2026-04-18,PAID
3354,1363,1610.55,2026-01-23,PENDING
3355,1701,4533.47,2026-08-26,PAID
3356,1700,3667.73,2026-05-01,PAID
3357,1785,663.96,2026-08-29,PAID
3358,1328,2589.89,2026-08-26,PAID
3359,1726,2814.42,2026-06-27,PENDING
3360,1223,570.92,2026-08-04,PAID
3361,1512,1180.49,2026-07-07,PAID
3362,1508,540.03,2026-03-19,PENDING
3363,1390,2450.57,2026-03-29,PAID
3364,1705,3603.91,2026-02-13,PAID
3365,1798,3302.28,2026-05-26,PAID
3366,1435,4412.08,2026-02-12,PAID
3367,1551,3399.84,2026-08-13,PAID
3368,1122,4135.70,2026-02-17,PAID
3369,1120,1280.76,2026-02-23,PENDING
3370,1872,1302.90,2026-09-18,PAID
3371,1327,4773.30,2026-09-05,PENDING
3372,1625,,2026-05-26,PAID
3373,1069,942.74,2026-09-30,PENDING
3374,1175,344.92,2026-02-24,PAID
3375,1330,3214.24,2026-04-30,PAID
3376,1459,4535.58,2026-03-16,PAID
3377,1488,4564.87,2026-08-22,PAID
3378,1218,3814.16,2026-06-01,PENDING
3379,1788,3325.85,2026-06-10,PAID
3380,1990,2999.15,2026-03-29,PAID
3381,1180,850.96,2026-09-09,PENDING
3382,1811,3180.98,2026-01-07,PENDING
3383,1098,2054.40,2026-05-17,PAID
3384,1222,4030.70,2026-01-12,PAID
3385,1273,1995.52,2026-06-21,PENDING
3386,1466,4119.04,2026-08-18,CANCELLED
3387,1459,3098.19,2026-03-01,PAID
3388,1630,2769.68,2026-09-01,PAID
3389,1723,2664.23,2026-04-23,PENDING
3390,1551,2170.47,2026-04-16,CANCELLED
3391,1130,4421.64,2026-06-17,PAID
3392,1589,1233.49,2026-01-09,PAID
3393,1075,4303.19,2026-04-18,PAID
3394,1523,3192.99,2026-05-03,PAID
3395,1739,2117.25,2026-07-27,PAID
3396,1964,471.33,2026-09-11,PAID
3397,1740,3977.28,2026-05-04,PAID
3398,1179,2053.97,2026-06-03,PAID
3399,1364,4788.09,2026-08-20,PENDING
3400,1203,2168.13,2026-07-17,PAID
3401,1052,4510.69,2026-09-15,PAID
3402,1043,1381.53,2026-09-10,PAID
3403,1440,2741.01,2026-06-18,PENDING
3404,1363,37.73,2026-04-08,PAID
3405,1199,4238.45,2026-09-26,PENDING
3406,1228,2036.47,2026-03-29,CANCELLED
3407,1074,2885.44,2026-07-16,PAID
3408,1143,1819.59,2026-09-04,CANCELLED
3409,1608,1813.00,2026-08-11,PENDING
3410,1619,721.66,2026-05-03,CANCELLED
3411,1446,2316.14,2026-09-03,PAID
3412,1583,-1606.82,2026-04-24,CANCELLED
3413,1283,1792.59,2026-03-30,PAID
3414,1431,1041.59,2026-09-27,PENDING
3415,1215,1661.83,2026-05-09,PAID
3416,1280,1093.04,2026-06-19,CANCELLED
3417,1969,3313.59,2026-08-24,PAID
3418,1939,1564.93,2026-05-12,PAID
3419,1369,1550.86,2026-07-20,CANCELLED
3420,1161,1393.31,2026-07-10,PAID
3421,1999,2162.26,2026-03-04,PENDING
3422,1816,1770.10,2026-04-13,PAID
3423,1809,4430.77,2026-04-18,PAID
3424,1273,2159.45,2026-05-18,PENDING
3425,1459,2029.34,2026-04-20,PAID
3426,1672,2632.59,2026-09-07,PAID
3427,1962,1040.52,2026-05-30,PENDING
3428,1134,1589.19,2026-04-19,PAID
3429,1596,4335.77,2026-06-14,PENDING
3430,1137,2656.58,2026-05-08,PAID
3431,1984,1763.12,2026-03-31,PAID
3432,1560,4474.89,2026-01-21,PAID
3433,1050,3123.14,2026-06-04,PAID
3434,1169,2971.36,2026-03-01,PAID
3435,1463,3234.23,2026-06-04,PAID
3436,1940,3297.13,2026-08-21,PAID
3437,1583,3172.98,2026-05-19,PENDING
3438,1294,79.02,2026-09-02,PAID
3439,1091,993.27,2026-03-01,PAID
3440,1208,1323.53,2026-07-17,PAID
3441,1645,33.48,2026-07-21,PENDING
3442,1036,3521.42,2026-07-10,PAID
3443,1792,2439.62,2026-01-19,PAID
3444,1800,1510.92,2026-09-20,PAID
3445,1933,83.09,2026-08-21,PAID
3446,1990,508.19,2026-03-24,PAID
3447,1002,884.95,2026-06-27,PAID
3448,1771,1911.54,2026-09-08,CANCELLED
3449,1865,4294.22,2026-09-16,PENDING
3450,1972,1543.68,2026-06-02,CANCELLED
3451,1352,260.03,2026-01-28,PENDING
3452,1286,-3131.32,2026-02-26,PENDING
3453,1107,3924.71,2026-03-22,CANCELLED
3454,1624,569.71,2026-05-23,PAID
3455,1651,4785.61,2026-09-28,PAID
3456,1916,863.20,2026-07-29,PAID
3457,1241,4715.77,2026-09-16,PAID
3458,1895,4560.83,2026-07-04,PENDING
3459,1346,4106.24,2026-09-24,PENDING
3460,1722,4832.02,2026-05-10,PENDING
3461,1166,4887.30,2026-03-30,PAID
3462,1012,3007.70,2026-05-11,PAID
3463,1107,4149.15,2026-08-25,PAID
3464,1918,2105.85,2026-08-25,PENDING
3465,1990,3519.09,2026-04-20,PENDING
3466,1105,3865.93,2026-02-20,PENDING
3467,1529,4362.63,2026-08-04,PAID
3468,1102,591.84,2026-09-23,PENDING
3469,1528,1294.65,2026-06-23,CANCELLED
3470,1259,2251.06,2026-07-26,PAID
3471,1281,1603.29,2026-01-27,PAID
3472,1063,630.25,2026-01-11,PAID
3473,1097,4388.78,2026-03-26,PENDING
3474,1722,3023.98,2026-01-17,CANCELLED
3475,1908,3300.65,2026-05-07,PAID
3476,1768,1107.85,2026-04-12,CANCELLED
3477,1464,4204.41,2026-07-24,PAID
3478,1224,4235.78,2026-07-04,PAID
3479,1215,3992.00,2026-09-16,PENDING
3480,1774,4130.88,2026-02-09,PAID
3481,1060,1543.60,2026-05-23,PAID
3482,1229,907.31,2026-03-20,PAID
3483,1977,4041.03,2026-09-18,PAID
3484,1748,1461.95,2026-02-07,PAID
3485,1083,611.58,2026-01-26,PAID
3486,1080,4197.84,2026-09-02,PAID
3487,1269,581.48,2026-01-07,PAID
3488,1678,1771.97,2026-02-11,PAID
3489,1574,2719.93,2026-02-25,PAID
3490,1043,4997.10,2026-02-24,PAID
3491,1681,3676.30,2026-04-06,CANCELLED
3492,1641,2340.70,2026-03-18,CANCELLED
3493,1180,321.96,2026-03-05,PENDING
3494,1834,3674.20,2026-06-29,CANCELLED
3495,1122,3673.95,2026-05-26,PAID
3496,1147,3133.83,2026-01-07,PENDING
3497,1815,2906.39,2026-01-21,PAID
3498,1038,2611.58,2026-03-24,PAID
3499,1051,3787.89,2026-03-19,CANCELLED
3500,1457,1812.13,2026-04-01,PAID
3501,1066,2386.30,2026-08-28,PENDING
3502,1691,4605.28,2026-07-30,PENDING
3503,1601,4300.61,2026-01-20,PAID
3504,1638,93.20,2026-08-06,PAID
3505,1542,3992.33,2026-06-16,PAID
3506,1294,1642.06,2026-05-01,PAID
3507,1459,876.37,2026-04-16,PAID
3508,1175,1995.61,2026-09-07,PAID
3509,1124,3382.42,2026-03-16,PENDING
3510,1782,2371.93,2026-08-28,PAID
3511,1385,664.24,2026-02-24,PAID
3512,1199,525.40,2026-06-08,PAID
3513,1065,3988.75,2026-05-15,CANCELLED
3514,1738,417.13,2026-08-19,PAID
3515,1620,556.67,2026-06-18,PAID
3516,1400,2514.70,2026-07-04,PAID
3517,1654,4298.86,2026-06-09,PAID
3518,1159,4633.89,2026-08-17,PAID
3519,1205,4074.90,2026-05-09,PAID
3520,1157,2299.26,2026-04-21,PAID
3521,1034,540.14,2026-02-19,CANCELLED
3522,1550,1887.12,2026-09-05,CANCELLED
3523,1826,4980.76,2026-08-09,PENDING
3524,1579,3437.76,2026-05-21,PAID
3525,1164,3197.03,2026-06-26,PENDING
3526,1955,4898.88,2026-03-28,PAID
3527,1160,4506.63,2026-01-19,PAID
3528,1994,3914.00,2026-02-16,PAID
3529,1641,3679.77,2026-01-18,PAID
3530,1020,3805.44,2026-03-13,PENDING
3531,1569,868.15,2026-07-09,PAID
3532,1381,809.39,2026-05-31,PAID
3533,1579,4525.26,2026-03-09,PAID
3534,1024,4312.84,2026-01-16,PAID
3535,1640,3985.66,2026-02-07,PAID
3536,1973,4200.61,2026-01-17,PAID
3537,1209,4581.22,2026-01-01,PENDING
3538,1305,4374.14,2026-06-17,PENDING
3539,1833,1598.56,2026-06-27,PAID
3540,1629,900.59,2026-07-17,PAID
3541,1262,239.30,2026-03-23,PENDING
3542,1637,1659.32,2026-05-18,PAID
3543,1904,3411.23,2026-01-13,PENDING
3544,1867,2123.33,2026-03-27,PAID
3545,1934,3418.57,2026-06-11,PAID
3546,1111,4971.21,2026-09-22,PAID
3547,1142,3556.09,2026-05-10,PAID
3548,1979,2457.66,2026-08-31,PENDING
3549,1322,938.42,2026-05-05,PAID
3550,1477,119.31,2026-01-24,PENDING
3551,1101,3907.01,2026-05-06,CANCELLED
3552,1752,460.11,2026-09-15,PAID
3553,1457,4472.02,2026-08-06,CANCELLED
3554,1715,2486.95,2026-06-18,PAID
3555,1363,3595.57,2026-06-12,PENDING
3556,1882,4419.32,2026-04-25,PENDING
3557,1430,4165.89,2026-06-19,PENDING
3558,1343,2227.21,2026-01-02,PENDING
3559,1312,920.30,2026-07-18,PENDING
3560,1870,-2545.32,2026-03-27,PAID
3561,1350,2989.70,2026-02-17,PAID
3562,1462,2374.01,2026-01-15,PAID
3563,1092,2807.06,2026-03-17,PAID
3564,1963,4897.03,2026-08-14,PENDING
3565,1173,4326.94,2026-06-20,PAID
3566,1092,3610.51,2026-07-18,PENDING
3567,1239,3669.67,2026-03-23,PENDING
3568,1196,2418.12,2026-03-30,PAID
3569,1583,373.64,2026-04-26,PENDING
3570,1799,3630.62,2026-03-27,PAID
3571,1076,1269.09,2026-06-21,PAID
3572,1548,2657.51,2026-05-22,PAID
3573,1646,2861.93,2026-09-26,PAID
3574,1579,3917.36,2026-03-02,PAID
3575,1493,1455.68,2026-07-06,PAID
3576,1517,1101.81,2026-07-10,PAID
3577,1876,1224.33,2026-03-21,PAID
3578,1344,853.17,2026-09-04,PAID
3579,1887,1314.10,2026-03-16,PENDING
3580,1716,4818.79,2026-06-29,PENDING
3581,1913,160.52,2026-08-10,PAID
3582,1608,998.41,2026-09-02,CANCELLED
3583,1914,,2026-06-25,CANCELLED
3584,1183,2350.34,2026-02-09,PAID
3585,1507,3747.67,2026-06-20,PAID
3586,1847,1719.35,2026-03-25,PAID
3587,1750,2480.61,2026-08-12,PENDING
3588,1570,2675.10,2026-05-08,PENDING
3589,1082,69.65,2026-08-06,PAID
3590,1989,4367.05,2026-05-10,PENDING
3591,1655,1938.80,2026-06-05,PAID
3592,1158,1620.53,2026-09-10,PAID
3593,1926,1860.81,2026-03-22,CANCELLED
3594,1679,4181.27,2026-05-05,PAID
3595,1638,274.97,2026-05-15,PAID
3596,1514,3711.84,2026-08-11,PAID
3597,1002,4091.05,2026-09-24,PENDING
3598,1635,2375.34,2026-03-27,PAID
3599,1353,2691.40,2026-07-15,PENDING
3600,1396,2860.46,2026-01-14,CANCELLED
3601,1151,887.19,2026-01-08,PAID
3602,1900,396.83,2026-01-05,PAID
3603,1693,2057.64,2026-04-26,PAID
3604,1054,515.36,2026-08-23,PAID
3605,1720,3382.04,2026-08-10,PAID
3606,1064,3565.67,2026-03-04,PAID
3607,1554,500.35,2026-05-18,PAID
3608,1763,3389.78,2026-03-12,PAID
3609,1689,1158.11,2026-09-23,PAID
3610,1670,4468.98,2026-09-05,PAID
3611,1362,2446.68,2026-01-05,PAID
3612,1749,3200.33,2026-07-12,PAID
3613,1187,2904.96,2026-04-03,PAID
3614,1455,1273.31,2026-08-03,CANCELLED
3615,1917,4518.95,2026-03-28,PENDING
3616,1855,3994.38,2026-06-03,PENDING
3617,1319,,2026-02-09,PAID
3618,1485,4138.91,2026-09-25,PAID
3619,1089,3344.05,2026-07-01,CANCELLED
3620,1687,1737.18,2026-05-28,CANCELLED
3621,1525,128.10,2026-05-23,PAID
3622,1162,2351.45,2026-02-17,PENDING
3623,1987,1627.29,2026-01-28,PAID
3624,1326,1912.50,2026-01-27,PENDING
3625,1384,2335.40,2026-03-09,PENDING
3626,1587,2637.35,2026-03-26,PAID
3627,1927,65.46,2026-06-28,PENDING
3628,1258,4096.90,2026-07-31,PAID
3629,1345,3634.91,2026-03-17,PAID
3630,1986,3446.34,2026-07-20,PAID
3631,1875,1558.90,2026-01-20,PAID
3632,1878,2672.26,2026-02-18,PAID
3633,1519,1215.57,2026-05-19,PAID
3634,1364,3302.99,2026-07-22,PAID
3635,1518,1535.16,2026-02-16,CANCELLED
3636,1545,188.55,2026-09-08,PAID
3637,1397,1195.04,2026-08-01,CANCELLED
3638,1077,1028.45,2026-02-10,PENDING
3639,1553,680.26,2026-04-30,CANCELLED
3640,1820,2513.09,2026-05-31,PAID
3641,1662,3396.13,2026-04-23,PENDING
3642,1137,1215.78,2026-05-15,PENDING
3643,1712,1753.73,2026-08-01,CANCELLED
3644,1592,2418.14,2026-01-08,PAID
3645,1726,2773.10,2026-09-24,PAID
3646,1490,416.69,2026-01-16,PENDING
3647,1238,2429.63,2026-08-23,PAID
3648,1733,392.76,2026-09-09,PAID
3649,1053,2651.18,2026-04-17,PAID
3650,1906,2553.40,2026-02-17,PAID
3651,1498,408.64,2026-02-20,PENDING
3652,1464,949.44,2026-03-03,PAID
3653,1470,3396.82,2026-07-19,PAID
3654,1100,806.46,2026-06-23,PENDING
3655,1501,1533.94,2026-02-07,PENDING
3656,1854,4147.87,2026-06-28,PENDING
3657,1400,3507.92,2026-02-08,CANCELLED
3658,1469,4276.29,2026-03-28,PENDING
3659,1837,3492.98,2026-07-28,CANCELLED
3660,1223,2090.42,2026-05-16,PENDING
3661,1657,3235.22,2026-05-13,PAID
3662,1463,1743.04,2026-03-07,PAID
3663,1023,4730.58,2026-03-22,PAID
3664,1234,4915.51,2026-07-17,PAID
3665,1323,2638.31,2026-06-19,PAID
3666,1236,3448.30,2026-02-03,PAID
3667,1281,3873.66,2026-04-23,PENDING
3668,1340,2836.41,2026-09-11,PAID
3669,1858,1728.66,2026-06-29,PAID
3670,1648,2276.02,2026-01-12,PENDING
3671,1913,477.74,2026-08-26,PENDING
3672,1507,4582.29,2026-08-29,PENDING
3673,1166,3772.80,2026-04-13,PENDING
3674,1646,4829.26,2026-09-25,PAID
3675,1092,4321.24,2026-02-20,PENDING
3676,1745,1579.03,2026-08-26,PAID
3677,1233,4444.65,2026-04-07,PAID
3678,1202,4209.42,2026-01-02,PENDING
3679,1551,2764.93,2026-05-16,PAID
3680,1910,393.17,2026-01-25,CANCELLED
3681,1196,4333.99,2026-06-11,CANCELLED
3682,1198,4851.01,2026-08-23,PENDING
3683,1530,1079.84,2026-06-10,PAID
3684,1078,3495.03,2026-08-15,PAID
3685,1242,259.85,2026-04-08,PENDING
3686,1882,2893.21,2026-04-01,PAID
3687,1087,1018.66,2026-03-21,PAID
3688,1087,1926.56,2026-01-24,CANCELLED
3689,1910,146.32,2026-07-31,PAID
3690,1685,3317.11,2026-09-09,PAID
3691,1714,4340.46,2026-02-23,PENDING
3692,1659,4746.10,2026-05-12,PENDING
3693,1513,3221.32,2026-02-24,PAID
3694,1323,3663.68,2026-09-27,paid
3695,1860,4994.93,2026-06-09,PAID
3696,1654,4452.27,2026-03-11,PAID
3697,1738,2365.04,2026-08-08,PENDING
3698,1754,3402.08,2026-09-17,PAID
3699,1024,1736.93,2026-08-08,PAID
3700,1514,,2026-06-29,PAID
3701,1826,1421.42,2026-07-10,PAID
3702,1598,3265.18,2026-03-10,CANCELLED
3703,1475,3253.77,2026-06-20,PENDING
3704,1699,233.59,2026-08-06,CANCELLED
3705,1751,3850.99,2026-09-01,PAID
3706,1233,4684.66,2026-07-29,PAID
3707,1973,2049.89,2026-04-21,PAID
3708,1466,2712.86,2026-03-03,PAID
3709,1342,315.58,2026-03-05,PAID
3710,1815,1877.11,2026-02-19,PAID
3711,1592,404.74,2026-06-12,PAID
3712,1211,3592.17,2026-02-03,CANCELLED
3713,1391,3439.13,2026-06-17,PENDING
3714,1589,833.63,2026-06-21,PAID
3715,1174,4443.66,2026-01-22,PAID
3716,1353,1961.20,2026-08-21,PAID
3717,1301,2930.67,2026-05-23,PAID
3718,1782,3391.96,2026-08-06,PENDING
3719,1755,4334.32,2026-08-28,PENDING
3720,1546,1371.37,2026-07-23,CANCELLED
3721,1707,4366.82,2026-02-15,PENDING
3722,1482,3016.68,2026-06-15,PAID
3723,1208,3667.08,2026-08-29,PENDING
3724,1278,599.25,2026-01-09,PAID
3725,1789,3973.26,2026-07-28,paid
3726,1081,3683.18,2026-07-14,PAID
3727,1876,1204.70,2026-05-20,PAID
3728,1725,22.22,2026-06-14,PAID
3729,1699,2590.29,2026-05-23,PAID
3730,1554,396.60,2026-09-17,PAID
3731,1156,812.23,2026-06-11,CANCELLED
3732,1788,2567.67,2026-06-17,PENDING
3733,1826,4660.35,2026-04-29,PAID
3734,1721,204.10,2026-07-08,PENDING
3735,1886,4722.28,2026-04-11,PAID
3736,1938,730.68,2026-07-07,CANCELLED
3737,1663,4204.56,2026-05-15,PAID
3738,1020,4209.82,2026-07-03,PAID
3739,1303,4532.51,2026-09-07,PAID
3740,1408,820.00,2026-09-01,PAID
3741,1148,,2026-06-10,PENDING
3742,1346,4071.99,2026-05-28,PAID
3743,1967,3070.57,2026-05-30,PAID
3744,1280,1637.31,2026-09-20,PAID
3745,1774,4648.06,2026-07-14,PENDING
3746,1080,1241.97,2026-08-22,PAID
3747,1929,428.08,2026-02-18,CANCELLED
3748,1080,3837.18,2026-08-04,PAID
3749,1269,4261.71,2026-01-24,PAID
3750,1346,2340.07,2026-05-08,PAID
3751,1830,,2026-03-18,PAID
3752,1492,3099.43,2026-05-15,PAID
3753,1815,3528.83,2026-08-10,PENDING
3754,1039,2662.06,2026-01-28,PENDING
3755,1861,4841.16,2026-07-30,PAID
3756,1915,2739.84,2026-01-14,PAID
3757,1205,4998.31,2026-07-31,PAID
3758,1001,769.33,2026-08-07,PENDING
3759,1508,1191.43,2026-03-03,PAID
3760,1279,4541.21,2026-02-07,PAID
3761,1026,1843.15,2026-03-21,PENDING
3762,1716,3758.91,2026-08-24,CANCELLED
3763,1720,1516.80,2026-02-28,PAID
3764,1174,4953.08,2026-09-20,PAID
3765,1140,1946.92,2026-04-03,PAID
3766,1620,2723.78,2026-06-13,PAID
3767,1416,3062.55,2026-02-25,PENDING
3768,1182,1532.56,2026-04-25,PENDING
3769,1777,3879.87,2026-04-08,PAID
3770,1639,1687.63,2026-07-19,PAID
3771,1205,3808.42,2026-04-25,PENDING
3772,1175,-1362.90,2026-02-20,CANCELLED
3773,1490,2961.37,2026-07-04,CANCELLED
3774,1480,4801.58,2026-06-16,PENDING
3775,1485,4342.53,2026-07-13,PENDING
3776,1496,2535.94,2026-08-24,PAID
3777,1592,2594.69,2026-05-26,PAID
3778,1487,4832.59,2026-03-13,PENDING
3779,1718,2850.23,2026-06-11,PENDING
3780,1277,4122.49,2026-06-23,PAID
3781,1551,354.86,2026-02-26,PENDING
3782,1060,860.37,2026-08-25,PAID
3783,1323,401.86,2026-04-08,PAID
3784,1091,4410.52,2026-02-26,PAID
3785,1390,3935.59,2026-08-14,PAID
3786,1087,489.99,2026-04-27,PAID
3787,1030,4362.31,2026-06-22,CANCELLED
3788,1896,1729.97,2026-05-13,PAID
3789,1619,2431.07,2026-07-17,PENDING
3790,1257,101.37,2026-04-15,PENDING
3791,1679,2932.15,2026-07-15,PAID
3792,1349,3146.26,2026-04-28,CANCELLED
3793,1477,3158.07,2026-05-28,PAID
3794,1840,1849.11,2026-03-12,PAID
3795,1149,4003.75,2026-01-08,CANCELLED
3796,1181,603.45,2026-06-16,PENDING
3797,1981,3123.13,2026-09-20,PAID
3798,1527,1147.50,2026-02-06,PAID
3799,1553,4023.79,2026-03-16,PAID
3800,1902,1800.08,2026-09-16,PENDING
3801,1444,1201.93,2026-06-27,PENDING
3802,1659,570.24,2026-06-05,PENDING
3803,1574,971.20,2026-03-16,PAID
3804,1705,3528.12,2026-07-03,PAID
3805,1815,2950.11,2026-09-17,PAID
3806,1344,4019.96,2026-01-07,PAID
3807,1444,615.71,2026-08-09,CANCELLED
3808,1575,2151.27,2026-08-27,PAID
3809,1327,3848.04,2026-09-16,CANCELLED
3810,1417,2577.52,2026-04-14,PAID
3811,1715,4069.42,2026-01-08,PENDING
3812,1779,3574.25,2026-03-04,PAID
3813,1527,4674.31,2026-09-10,PENDING
3814,1927,4276.41,2026-02-07,PENDING
3815,1088,4076.17,2026-06-10,PAID
3816,1948,170.37,2026-04-23,CANCELLED
3817,1030,302.31,2026-08-30,PAID
3818,1837,4988.66,2026-06-10,PAID
3819,1059,183.31,2026-09-12,PENDING
3820,1492,4346.15,2026-09-28,PAID
3821,1362,2826.73,2026-04-27,CANCELLED
3822,1141,4754.79,2026-09-14,PENDING
3823,1861,959.09,2026-04-07,PAID
3824,1464,877.50,2026-03-29,PAID
3825,1070,747.87,2026-02-09,PENDING
3826,1390,4598.26,2026-07-03,PENDING
3827,1398,274.61,2026-03-05,PENDING
3828,1485,1904.06,2026-09-01,PAID
3829,1015,2728.93,2026-07-20,CANCELLED
3830,1562,4640.21,2026-06-24,PENDING
3831,1463,1473.56,2026-07-12,PAID
3832,1409,563.12,2026-01-05,PENDING
3833,1290,2556.94,2026-08-08,PAID
3834,1724,3214.95,2026-09-22,PAID
3835,1548,305.68,2026-03-12,PAID
3836,1162,4451.29,2026-05-16,PAID
3837,1201,351.47,2026-05-08,PAID
3838,1497,3547.71,2026-07-02,PAID
3839,1950,2078.56,2026-05-01,CANCELLED
3840,1545,660.15,2026-03-22,PAID
3841,1725,1280.43,2026-08-17,PAID
3842,1506,2500.66,2026-08-19,PAID
3843,1256,2500.33,2026-04-19,PENDING
3844,1732,1536.11,2026-01-30,PAID
3845,1555,4721.78,2026-04-02,PAID
3846,1762,2839.87,2026-06-14,PAID
3847,1081,4739.92,2026-06-02,PENDING
3848,1309,2950.44,2026-08-07,PAID
3849,1364,3620.93,2026-04-04,PAID
3850,1325,1898.22,2026-09-24,PAID
3851,1683,1835.50,2026-05-26,PENDING
3852,1621,348.60,2026-06-29,PAID
3853,1874,3499.37,2026-07-02,PAID
3854,1754,4123.02,2026-08-30,PAID
3855,1007,621.35,2026-08-22,PENDING
3856,1917,2063.52,2026-05-21,PAID
3857,1582,4256.52,2026-01-11,PAID
3858,1748,4297.82,2026-09-26,PAID
3859,1443,2791.48,2026-09-17,PAID
3860,1886,409.50,2026-03-04,PAID
3861,1609,3404.43,2026-04-10,PAID
3862,1310,4280.13,2026-01-20,PAID
3863,1413,2913.08,2026-09-11,PENDING
3864,1446,391.04,2026-02-09,PAID
3865,1694,871.51,2026-09-22,PAID
3866,1233,4038.49,2026-02-19,PENDING
3867,1670,4075.32,2026-07-14,PENDING
3868,1204,713.18,2026-09-20,PAID
3869,1907,1018.77,2026-04-04,PAID
3870,1532,1188.01,2026-06-27,PENDING
3871,1954,2532.74,2026-05-18,PENDING
3872,1312,2844.19,2026-04-03,PAID
3873,1551,428.60,2026-03-13,PAID
3874,1159,1277.66,2026-07-10,CANCELLED
3875,1443,2946.86,2026-01-04,PAID
3876,1431,1862.27,2026-08-01,PAID
3877,1963,327.34,2026-07-04,PAID
3878,1954,2295.87,2026-05-12,PENDING
3879,1719,3719.97,2026-02-07,PAID
3880,1432,4665.21,2026-09-07,PENDING
3881,1238,3649.40,2026-07-24,PAID
3882,1221,1503.90,2026-04-26,PAID
3883,1847,1153.00,2026-06-20,CANCELLED
3884,1753,287.28,2026-09-21,PAID
3885,1363,4606.92,2026-02-12,PENDING
3886,1463,762.87,2026-04-14,PENDING
3887,1574,3224.70,2026-02-03,UNKNOWN
3888,1559,3884.52,2026-03-27,PAID
3889,1686,4540.16,2026-03-06,PAID
3890,1731,2639.12,2026-08-02,PAID
3891,1581,3827.64,2026-09-19,PAID
3892,1674,1614.39,2026-06-11,PAID
3893,1572,3344.91,2026-03-02,CANCELLED
3894,1691,93.62,2026-01-06,PENDING
3895,1709,2608.95,2026-05-25,PENDING
3896,1814,488.24,2026-07-11,CANCELLED
3897,1733,3189.78,2026-01-03,PAID
3898,1805,1663.53,2026-04-12,PAID
3899,1462,3253.18,2026-02-12,PAID
3900,1472,828.52,2026-05-31,PAID
3901,1996,1881.30,2026-02-19,PAID
3902,1978,4831.18,2026-03-21,CANCELLED
3903,1101,1390.88,2026-06-05,PAID
3904,1064,2788.59,2026-05-24,PAID
3905,1345,2753.44,2026-08-15,PAID
3906,1546,2460.53,2026-07-19,PAID
3907,1418,4458.24,2026-03-30,PAID
3908,1647,1281.81,2026-07-28,PAID
3909,1769,2489.74,2026-02-04,PAID
3910,1755,807.73,2026-04-30,PAID
3911,1983,2147.68,2026-01-10,CANCELLED
3912,1111,438.83,2026-03-01,CANCELLED
3913,1198,246.64,2026-06-16,PAID
3914,1002,2952.95,2026-08-28,PENDING
3915,1405,3538.33,2026-02-05,PAID
3916,1743,1725.58,2026-05-16,PAID
3917,1610,1281.51,2026-05-13,PENDING
3918,1395,1655.71,2026-04-08,PAID
3919,1210,892.90,2026-02-14,PAID
3920,1039,3491.98,2026-04-25,CANCELLED
3921,1473,1618.04,2026-02-09,CANCELLED
3922,1843,1821.05,2026-01-16,PAID
3923,1188,1852.09,2026-02-08,CANCELLED
3924,1261,3152.11,2026-05-22,PAID
3925,1744,3831.41,2026-04-22,PAID
3926,1417,3406.06,2026-07-06,PENDING
3927,1950,703.30,2026-09-19,PAID
3928,1650,3986.32,2026-09-10,PAID
3929,1519,3259.38,2026-04-10,CANCELLED
3930,1022,3933.57,2026-01-27,PAID
3931,1568,1358.90,2026-05-31,CANCELLED
3932,1351,3174.52,2026-02-21,PAID
3933,1579,606.82,2026-06-04,PAID
3934,1238,3906.70,2026-07-15,CANCELLED
3935,1213,2223.43,2026-01-18,PAID
3936,1260,2681.54,2026-08-29,PAID
3937,1115,2899.81,2026-01-17,PAID
3938,1975,1888.09,2026-09-09,PAID
3939,1397,698.82,2026-03-22,PENDING
3940,1053,389.66,2026-02-25,PAID
3941,1848,4241.09,2026-06-03,PENDING
3942,1798,1446.41,2026-09-18,PAID
3943,1388,3884.32,2026-08-17,PENDING
3944,1376,2771.21,2026-06-08,PAID
3945,1691,2150.95,2026-03-10,PAID
3946,1132,2741.91,2026-09-15,PAID
3947,1160,658.21,2026-04-25,PAID
3948,1563,4268.04,2026-09-30,PAID
3949,1878,4263.98,2026-08-21,PENDING
3950,1123,1320.71,2026-02-10,PAID
3951,1826,1433.64,2026-06-12,PAID
3952,1901,289.61,2026-08-07,PAID
3953,1459,4099.33,2026-06-06,PAID
3954,1890,4339.58,2026-05-16,PAID
3955,1182,4718.66,2026-01-29,PAID
3956,1179,4418.20,2026-06-14,PAID
3957,1584,1773.01,2026-02-14,PAID
3958,1460,1844.09,2026-05-15,PAID
3959,1756,3431.00,2026-03-04,PAID
3960,1183,1665.68,not-a-date,PAID
3961,1396,1884.09,2026-09-29,PAID
3962,1885,1077.68,2026-03-29,PAID
3963,1344,312.76,2026-04-17,PAID
3964,1307,2293.85,2026-08-01,PAID
3965,1633,2296.25,2026-03-09,PENDING
3966,1253,4069.68,2026-07-31,PAID
3967,1925,2013.99,2026-05-08,PAID
3968,1176,3836.75,2026-05-25,PAID
3969,1701,3026.40,2026-01-28,PAID
3970,1904,801.63,2026-07-26,PAID
3971,1559,381.20,2026-08-09,PAID
3972,1828,2893.42,2026-06-15,PENDING
3973,1849,2250.79,2026-08-14,PENDING
3974,1954,1202.96,2026-04-04,PAID
3975,1600,28.22,2026-09-22,PENDING
3976,1388,322.41,2026-03-09,PENDING
3977,1507,3854.57,2026-08-14,PENDING
3978,1452,3698.26,2026-07-08,PENDING
3979,1389,1327.19,2026-06-23,PAID
3980,1396,1458.48,2026-02-30,PAID
3981,1045,4584.68,2026-06-17,PENDING
3982,1197,4341.74,2026-03-01,PAID
3983,1704,1115.04,2026-07-16,CANCELLED
3984,1988,1289.03,2026-05-24,CANCELLED
3985,1856,1003.21,2026-01-11,PAID
3986,1562,4831.75,2026-06-26,PAID
3987,1439,2933.08,2026-03-31,PAID
3988,1254,2449.79,2026-01-07,PAID
3989,1176,4737.68,2026-07-28,PENDING
3990,1221,2826.54,2026-07-29,PAID
3991,1412,1165.48,2026-06-10,PAID
3992,1762,4492.24,2026-02-14,PAID
3993,1087,4020.71,2026-04-07,PAID
3994,1444,2116.52,2026-04-21,PAID
3995,1753,1483.28,2026-06-22,PAID
3996,1634,2786.26,2026-08-11,PAID
3997,1681,399.93,2026-05-20,PAID
3998,1811,312.26,2026-08-12,PENDING
3999,1260,4871.17,2026-03-13,PAID
4000,1816,4492.83,2026-05-25,PAID
4001,1164,719.29,2026-07-14,CANCELLED
4002,1390,2140.59,2026-09-07,PAID
4003,1388,2838.18,2026-05-28,PAID
4004,1217,1360.57,2026-04-09,PAID
4005,1078,1755.95,2026-05-10,PENDING
4006,1616,4640.92,2026-04-14,PAID
4007,1184,2454.55,2026-06-09,PAID
4008,1939,1945.93,2026-02-16,PAID
4009,1960,2867.66,2026-07-29,PENDING
4010,1963,4381.50,2026-07-28,PAID
4011,1056,1743.04,2026-01-09,PAID
4012,1127,4263.44,2026-06-20,PENDING
4013,1126,964.49,2026-08-06,PAID
4014,1753,129.86,2026-02-10,PAID
4015,1501,1623.57,2026-03-02,PENDING
4016,1497,1451.69,2026-03-26,PENDING
4017,1823,4760.14,2026-03-10,PAID
4018,1645,4580.01,2026-01-03,PENDING
4019,1116,1072.65,2026-03-16,PENDING
4020,1677,699.41,2026-07-19,PAID
4021,1168,4725.39,2026-06-14,PAID
4022,1897,2856.36,2026-04-12,PAID
4023,1982,1596.35,2026-02-04,PENDING
4024,1059,2572.70,2026-04-12,PAID
4025,1047,4118.60,2026-04-20,CANCELLED
4026,1445,1099.73,2026-09-08,PAID
4027,1211,2784.54,2026-01-01,PAID
4028,1442,3682.94,2026-02-01,PAID
4029,1988,3629.08,2026-05-01,PAID
4030,1764,4716.48,2026-02-13,PAID
4031,1832,2080.01,2026-03-27,PAID
4032,1657,1206.87,2026-02-19,PAID
4033,1125,4278.10,2026-07-25,PAID
4034,1382,1807.15,2026-07-31,PAID
4035,1178,130.50,2026-08-10,PAID
4036,1752,1125.70,2026-05-18,PAID
4037,1991,115.93,2026-02-16,PAID
4038,1658,1247.97,2026-02-13,PAID
4039,1280,4417.27,2026-01-28,PENDING
4040,1861,1463.59,2026-03-28,PAID
4041,1631,1664.48,2026-05-27,PAID
4042,1354,903.64,2026-03-02,PAID
4043,1417,372.97,2026-06-30,
4044,1226,61.07,2026-07-29,PENDING
4045,1803,4757.57,2026-01-22,PENDING
4046,1208,1104.81,2026-01-05,PENDING
4047,1830,2932.22,2026-06-27,PAID
4048,1556,2161.84,2026-01-08,PAID
4049,1687,4161.36,2026-07-09,PAID
4050,1651,1943.92,2026-02-16,PAID
4051,1870,3846.57,2026-04-18,PENDING
4052,1248,825.55,2026-03-06,PENDING
4053,1735,3272.72,2026-04-05,PAID
4054,1747,1251.27,2026-01-13,PAID
4055,1669,-710.56,2026-03-14,PAID
4056,1514,2880.25,2026-04-02,CANCELLED
4057,1489,269.56,2026-07-19,PAID
4058,1067,2019.23,2026-07-10,CANCELLED
4059,1091,1916.82,2026-04-24,PAID
4060,1571,4910.31,2026-08-20,PAID
4061,1534,133.12,2026-08-17,PENDING
4062,1358,86.97,2026-07-26,PAID
4063,1471,2919.51,2026-02-10,PAID
4064,1407,1481.43,2026-05-15,PENDING
4065,1978,47.07,2026-04-24,PAID
4066,1103,686.22,2026-03-25,CANCELLED
4067,1434,3131.61,2026-09-04,PENDING
4068,1716,3306.40,2026-02-03,PAID
4069,1010,2144.46,2026-09-23,PAID
4070,1074,4739.57,2026-04-02,PENDING
4071,1336,1215.29,2026/13/45,CANCELLED
4072,1403,2500.54,2026-05-02,PENDING
4073,1636,89.42,2026-05-20,PENDING
4074,1532,3024.06,2026-04-15,PENDING
4075,1513,3498.76,2026-03-20,PAID
4076,1081,2584.10,2026-02-17,PAID
4077,1120,1485.56,2026-03-05,PENDING
4078,1237,2798.43,2026-05-03,PAID
4079,1310,2106.61,2026-05-17,PENDING
4080,1665,3417.58,2026-03-07,PAID
4081,1295,4464.80,2026-09-25,CANCELLED
4082,1321,4712.92,2026-05-17,PAID
4083,1112,1435.86,2026-04-14,PAID
4084,1752,4625.03,2026-05-16,PAID
4085,1322,2530.88,2026-04-16,PENDING
4086,1175,2287.99,2026-04-26,PAID
4087,1522,4069.40,2026-04-09,PENDING
4088,1414,1612.04,2026-04-03,PAID
4089,1734,4026.60,2026-02-20,PAID
4090,1639,3408.14,2026-02-16,PAID
4091,1381,2988.16,2026-04-09,PAID
4092,1863,259.20,2026-09-11,PENDING
4093,1164,369.21,2026-03-25,PAID
4094,1353,4186.50,2026-07-15,PENDING
4095,1364,3705.77,2026-07-09,PAID
4096,1834,4960.71,2026-06-05,PENDING
4097,1245,2138.98,2026-02-30,PAID
4098,1715,558.44,2026-02-13,PAID
4099,1323,4086.70,2026-05-26,PAID
4100,1405,918.04,2026-09-25,PAID
4101,1612,3847.52,2026-09-29,CANCELLED
4102,1856,3095.04,2026-06-30,PAID
4103,1070,1437.04,2026-03-09,CANCELLED
4104,1394,943.39,2026-01-13,PAID
4105,1297,1965.40,2026-08-15,PAID
4106,1697,3715.61,2026-03-31,PAID
4107,1759,4429.37,2026-09-27,CANCELLED
4108,1350,1261.82,2026-05-17,PAID
4109,1607,3930.86,2026-03-04,PENDING
4110,1443,1948.55,2026-06-16,PAID
4111,1386,1299.22,2026-04-05,PENDING
4112,1444,2935.32,2026-02-15,PAID
4113,1901,1204.06,2026-04-05,PAID
4114,1805,1049.14,2026-08-06,PAID
4115,1839,3562.09,2026-03-05,PAID
4116,1061,2192.98,2026-06-18,PAID
4117,1588,3589.82,2026-09-19,PAID
4118,1238,2106.85,2026-07-21,PENDING
4119,1528,4434.66,2026-07-29,PENDING
4120,1333,333.81,2026-07-06,PENDING
4121,1102,1542.59,2026-04-27,PAID
4122,1651,2458.77,2026-08-21,PAID
4123,1686,1448.81,2026-07-26,PAID
4124,1040,4252.32,2026-05-02,PAID
4125,1179,4105.92,2026-01-13,PAID
4126,1708,4526.97,2026-03-05,PENDING
4127,1572,3362.93,2026-09-10,PAID
4128,1362,1875.06,2026-05-05,CANCELLED
4129,1454,1873.05,2026-05-31,PAID
4130,1176,955.73,2026-08-20,PAID
4131,1142,3727.78,2026-04-05,PAID
4132,1770,3171.17,2026-08-22,PENDING
4133,1635,4486.88,2026-02-15,CANCELLED
4134,1581,2763.67,2026-01-29,PAID
4135,1585,4851.98,2026-03-15,PAID
4136,1283,3686.69,2026-04-16,PAID
4137,1940,663.35,2026-09-03,PENDING
4138,1970,3052.58,2026-02-13,PAID
4139,1711,3550.43,2026-01-20,PAID
4140,1305,2798.98,2026-01-24,CANCELLED
4141,1667,1958.54,2026-08-04,PAID
4142,1146,54.32,2026-02-06,PAID
4143,1479,779.75,2026-07-10,PAID
4144,1753,,2026-08-28,PENDING
4145,1956,2728.41,2026-02-24,PAID
4146,1998,3068.50,2026-01-23,PAID
4147,1040,4052.08,2026-04-17,PAID
4148,1908,2111.13,2026-05-29,PAID
4149,1757,510.37,2026-05-28,PENDING
4150,1475,4983.62,2026-09-10,PENDING
4151,1057,4711.36,2026-02-07,PAID
4152,1269,4505.66,2026-06-17,PAID
4153,1105,2176.10,2026-03-12,PAID
4154,1686,2884.78,2026-05-04,PENDING
4155,1764,327.87,2026-03-24,PAID
4156,1031,2659.45,2026-04-29,PAID
4157,1201,1671.09,2026-01-13,CANCELLED
4158,1911,334.24,2026-03-07,CANCELLED
4159,1458,2436.12,2026-02-28,PENDING
4160,1269,827.19,2026-02-12,PAID
4161,1396,1356.73,2026-03-04,PAID
4162,1522,2084.57,2026-08-04,PAID
4163,1869,780.25,2026-03-13,PENDING
4164,1959,1558.05,2026-06-21,PAID
4165,1058,776.01,2026-08-03,PAID
4166,1407,35.95,2026-08-03,PENDING
4167,1114,1674.32,2026-05-07,PAID
4168,1987,2417.30,2026-02-28,PAID
4169,1928,4737.44,2026-02-27,PAID
4170,1158,2747.78,2026-04-07,PAID
4171,1763,1753.83,2026-06-07,PAID
4172,1451,538.36,2026-07-04,PENDING
4173,1472,2940.89,2026-05-24,PAID
4174,1582,985.11,2026-03-05,PAID
4175,1658,3743.18,2026-03-24,PENDING
4176,1365,3129.56,2026-06-08,PAID
4177,1433,4201.50,2026-09-21,CANCELLED
4178,1130,168.56,2026-04-11,PAID
4179,1165,4726.65,2026-06-12,PAID
4180,1739,78.30,2026-03-05,PAID
4181,1629,1819.15,2026-04-30,PAID
4182,1392,484.93,2026-01-28,PAID
4183,1171,2834.35,2026-06-08,PAID
4184,1691,1998.54,2026-06-20,PENDING
4185,1456,2696.09,2026-06-01,PAID
4186,1429,3821.22,2026-08-12,PAID
4187,1705,4806.56,2026-06-28,PAID
4188,1000,753.41,2026-09-18,PAID
4189,1715,1201.23,2026-09-03,PENDING
4190,1563,204.43,2026-02-10,PENDING
4191,1301,565.29,2026-03-31,PAID
4192,1915,2830.97,2026-02-11,PAID
4193,1613,3948.34,2026-08-11,PENDING
4194,1856,4716.02,2026-09-21,PAID
4195,1943,89.39,2026-01-25,PAID
4196,1504,4264.70,2026-08-22,PENDING
4197,1141,1858.33,2026-04-22,PAID
4198,1742,2832.24,2026-07-02,PAID
4199,1838,1299.93,2026-09-19,PENDING
4200,1210,4980.32,2026-04-20,PAID
4201,1340,520.76,2026-02-11,PAID
4202,1373,2619.34,2026-01-29,PAID
4203,1178,4979.12,2026-08-29,PENDING
4204,1497,4817.59,2026-02-17,PAID
4205,1121,4409.94,2026-01-16,PAID
4206,1655,531.86,2026-05-05,PAID
4207,1346,2615.99,2026-02-18,PAID
4208,1908,1774.77,2026-04-26,PENDING
4209,1713,2858.46,2026-08-13,CANCELLED
4210,1753,2115.75,2026-02-18,PAID
4211,1002,4909.81,2026-09-26,PAID
4212,1067,1195.85,2026-07-12,PENDING
4213,1016,3395.02,2026-09-10,PENDING
4214,1716,235.06,2026-06-13,PENDING
4215,1537,4563.17,2026-05-07,PENDING
4216,1617,4242.90,2026-03-10,PENDING
4217,1515,4632.37,2026-01-04,PAID
4218,1889,243.20,2026-09-18,PAID
4219,1273,2538.78,2026-03-25,PENDING
4220,1789,2129.08,2026-01-10,PAID
4221,1277,2441.11,2026-06-19,PENDING
4222,1516,823.89,2026-01-26,PENDING
4223,1848,1956.37,2026-01-14,PAID
4224,1999,4795.42,2026-05-03,PAID
4225,1898,780.31,2026-02-23,PAID
4226,1470,25.51,2026-01-06,PAID
4227,1724,4882.87,2026-09-19,CANCELLED
4228,1682,1712.75,2026-04-27,PAID
4229,1143,4198.84,2026-09-27,CANCELLED
4230,1871,4807.78,2026-07-17,PAID
4231,1352,1487.52,2026-04-11,PAID
4232,1158,372.92,2026-08-12,PAID
4233,1969,2327.91,2026-02-04,PENDING
4234,1138,2402.96,2026-03-27,PAID
4235,1933,1679.29,2026-05-14,PENDING
4236,1980,876.68,2026-08-25,PENDING
4237,1576,1530.68,2026-04-29,PENDING
4238,1123,1599.73,2026-04-25,PAID
4239,1025,2304.22,2026-07-19,PENDING
4240,1329,2357.61,2026-01-20,PENDING
4241,1214,140.94,2026-04-07,PAID
4242,1698,3424.88,2026-03-30,PAID
4243,1528,916.32,2026-07-08,PENDING
4244,1982,4129.13,2026-06-13,PENDING
4245,1068,3339.88,2026-03-11,PAID
4246,1535,193.81,2026-05-15,PAID
4247,1689,2609.85,2026-09-19,PAID
4248,1520,4672.95,2026-01-18,PAID
4249,1838,2801.16,2026-07-08,PENDING
4250,1689,3181.60,2026-02-05,CANCELLED
4251,1088,2431.18,2026-04-14,PAID
4252,1112,3036.56,2026-05-14,PENDING
4253,1830,3076.16,2026-08-17,PAID
4254,1068,2339.47,2026-06-27,PENDING
4255,1518,889.48,2026-04-19,PAID
4256,1844,4945.75,2026-01-17,PENDING
4257,1849,2851.01,2026-09-02,PAID
4258,1906,548.69,2026-05-31,PAID
4259,1713,4252.15,2026-03-20,PAID
4260,1453,971.14,2026-04-18,CANCELLED
4261,1964,1605.59,2026-06-30,CANCELLED
4262,1077,3615.88,2026-07-16,PENDING
4263,1485,2158.09,2026-08-12,PAID
4264,1506,3877.56,2026-03-02,CANCELLED
4265,1134,797.17,2026-08-02,PENDING
4266,1560,1709.62,2026-06-07,PENDING
4267,1712,2327.54,2026-05-24,CANCELLED
4268,1600,1323.72,2026-03-17,PAID
4269,1873,4318.25,2026-02-16,CANCELLED
4270,1316,87.43,2026-02-02,PENDING
4271,1137,3401.02,2026-08-18,PAID
4272,1935,1484.75,2026-06-09,PAID
4273,1075,2972.91,2026-06-23,PENDING
4274,1674,3070.24,2026-01-31,PENDING
4275,1931,1135.42,2026-07-05,PAID
4276,1497,1321.22,2026-08-14,PAID
4277,1753,4824.94,2026-03-14,PAID
4278,1748,711.71,2026-04-13,PAID
4279,1646,2419.57,2026-01-05,CANCELLED
4280,1824,3716.74,2026-04-09,PAID
4281,1017,563.07,2026-04-30,PAID
4282,1535,2608.87,2026-06-08,PAID
4283,1854,3304.84,2026-03-19,PAID
4284,1441,3857.52,2026-03-28,PAID
4285,1337,819.63,2026-01-20,PENDING
4286,1394,556.49,2026-03-16,PAID
4287,1744,578.40,2026-02-14,PAID
4288,1182,961.74,2026-04-07,PAID
4289,1613,3318.96,2026-04-03,PAID
4290,1587,2954.95,2026-07-18,PENDING
4291,1130,2138.99,2026-06-28,PAID
4292,1377,124.88,2026-03-15,PAID
4293,1757,2068.91,2026-02-16,PENDING
4294,1735,4585.78,2026-04-24,PENDING
4295,1138,600.37,2026-05-12,CANCELLED
4296,1778,4647.15,2026-02-18,PENDING
4297,1267,2270.39,2026-01-31,PAID
4298,1874,2915.65,2026-05-05,PENDING
4299,1886,2266.55,2026-04-10,PAID
4300,1659,1875.36,2026-05-24,PAID
4301,1562,2010.45,2026-01-22,PAID
4302,1513,1754.96,2026-01-02,PAID
4303,1936,2947.28,2026-08-28,PENDING
4304,1978,568.51,2026-03-06,PAID
4305,1313,1025.97,2026-04-10,PAID
4306,1728,786.85,2026-09-10,PAID
4307,1028,4586.72,2026-08-22,PAID
4308,1499,1504.00,2026-02-20,PAID
4309,1789,4891.49,2026-08-18,PAID
4310,1050,3281.67,2026-09-17,PENDING
4311,1921,847.40,2026-06-19,PAID
4312,1620,4501.19,2026-01-29,PENDING
4313,1795,4488.33,2026-07-24,PAID
4314,1639,4534.91,2026-03-09,PAID
4315,1431,2621.54,2026-04-26,PAID
4316,1432,670.90,2026-09-02,PAID
4317,1933,856.61,2026-04-10,PAID
4318,1464,1025.00,2026-05-16,PENDING
4319,1640,1176.71,2026-03-05,CANCELLED
4320,1300,925.71,2026-03-09,PENDING
4321,1541,3693.63,2026-02-02,PAID
4322,1041,4165.04,2026-08-22,PAID
4323,1278,3022.07,2026-09-25,PAID
4324,1676,1997.75,2026-08-31,PAID
4325,1567,1289.59,2026-02-15,PAID
4326,1862,2855.49,2026-07-19,PAID
4327,1987,4638.01,2026-05-30,PAID
4328,1455,2195.66,2026-02-26,PENDING
4329,1015,4871.10,2026-05-30,PENDING
4330,1064,1174.09,2026-07-15,PAID
4331,1093,3416.03,2026-06-09,PAID
4332,1193,1926.55,2026-08-30,PAID
4333,1568,2265.21,2026-02-22,PAID
4334,1406,2015.22,2026-01-02,PAID
4335,1686,3333.30,2026-01-26,PAID
4336,1506,3694.79,2026-02-15,PAID
4337,1389,2674.20,2026-06-15,PAID
4338,1919,1083.52,2026-05-28,PAID
4339,1244,2448.86,2026-02-06,PAID
4340,1598,3163.03,2026-03-21,CANCELLED
4341,1571,3765.48,2026-09-28,PENDING
4342,1156,3366.81,2026-03-24,PAID
4343,1822,3488.08,2026-02-26,PENDING
4344,1093,2921.50,2026-08-07,PAID
4345,1034,3472.65,2026-04-12,CANCELLED
4346,1467,2689.95,2026-04-20,PENDING
4347,1646,1862.58,2026-04-04,PAID
4348,1991,2246.04,2026-05-03,PAID
4349,1863,397.24,2026-09-01,PAID
4350,1242,4203.79,2026-09-19,PAID
4351,1710,1211.40,2026-04-28,PENDING
4352,1867,52.70,2026-05-12,PAID
4353,1957,3293.82,2026-07-22,PAID
4354,1509,996.92,2026-06-04,PAID
4355,1078,1407.82,2026-02-03,PENDING
4356,1607,2752.25,2026-02-11,PENDING
4357,1867,2519.54,2026-08-01,PENDING
4358,1117,115.93,2026-09-11,PENDING
4359,1919,2542.56,2026-01-30,PENDING
4360,1943,2750.16,2026-03-04,PAID
4361,1741,3625.27,2026-02-23,PENDING
4362,1413,3519.25,2026-04-20,PAID
4363,1722,475.22,2026-07-13,PENDING
4364,1266,1892.93,2026-05-09,PAID
4365,1170,4459.83,2026-02-28,PAID
4366,1284,2504.97,2026-07-30,PAID
4367,1273,1601.44,2026-08-27,PAID
4368,1573,3088.42,2026-04-16,PAID
4369,1784,3994.96,2026-01-06,PAID
4370,1359,1105.62,2026-01-27,PENDING
4371,1825,3323.49,2026-08-11,PAID
4372,1782,,2026-01-09,PAID
4373,1329,1777.41,2026-09-02,PAID
4374,1780,4218.39,2026-07-06,PAID
4375,1310,2464.23,2026-05-05,PENDING
4376,1594,982.67,2026-06-01,PAID
4377,1465,3077.80,2026-02-14,PAID
4378,1968,2026.12,2026-09-26,PENDING
4379,1689,2964.30,2026-09-14,PAID
4380,1481,617.82,2026-03-14,PAID
4381,1742,537.18,2026-08-02,PAID
4382,1257,2642.28,2026-09-27,PENDING
4383,1960,1224.32,2026-04-20,PENDING
4384,1542,3228.74,2026-09-08,PAID
4385,1891,1733.95,2026-03-11,PAID
4386,1243,4970.72,2026-05-31,PENDING
4387,1958,4102.12,2026-05-13,CANCELLED
4388,1339,2967.43,2026-01-04,PAID
4389,1832,2865.25,2026-08-17,PENDING
4390,1297,4725.33,2026-01-22,PAID
4391,1244,2864.45,2026-09-02,paid
4392,1253,1433.26,2026-04-28,PAID
4393,1042,3506.80,2026-05-27,PAID
4394,1182,4880.54,2026-04-12,PAID
4395,1605,2420.65,2026-01-29,PENDING
4396,1063,4433.25,2026-01-10,PAID
4397,1933,912.06,2026-01-02,PAID
4398,1941,3273.46,2026-01-27,CANCELLED
4399,1764,1067.87,2026-05-23,CANCELLED
4400,1858,332.17,2026-08-28,PAID
4401,1380,2516.11,2026-05-01,PENDING
4402,1592,612.26,2026-05-08,PAID
4403,1548,2555.05,2026-09-13,PAID
4404,1874,1526.78,2026-02-12,PAID
4405,1547,3027.55,2026-05-27,PAID
4406,1571,1934.84,2026-06-14,PENDING
4407,1704,1106.08,2026-05-12,CANCELLED
4408,1361,4327.44,2026-04-25,PENDING
4409,1371,3737.68,2026-02-21,PAID
4410,1924,2395.70,2026-07-22,PAID
4411,1463,1619.63,2026-07-05,PAID
4412,1806,2523.45,2026-06-15,PAID
4413,1369,4426.21,2026-08-14,PAID
4414,1052,891.69,2026-04-21,PENDING
4415,1797,4573.61,2026-02-17,PAID
4416,1936,3941.82,2026-07-19,PAID
4417,1877,1121.61,2026-02-18,PENDING
4418,1622,4278.15,2026-08-25,CANCELLED
4419,1013,4674.60,2026-08-22,PAID
4420,1597,-4466.44,2026-03-25,PENDING
4421,1876,2433.95,2026-03-04,PAID
4422,1036,2840.85,2026-05-15,PAID
4423,1732,4565.81,2026-02-15,PAID
4424,1521,3139.60,2026-06-17,PAID
4425,1185,350.38,2026-08-26,PAID
4426,1056,2421.29,2026-03-26,PAID
4427,1119,1359.85,2026-03-19,PAID
4428,1442,1661.61,2026-01-24,PENDING
4429,1557,2116.68,2026-08-26,CANCELLED
4430,1444,2519.31,2026-01-04,PAID
4431,1106,1778.98,2026-05-31,CANCELLED
4432,1415,141.76,2026-01-26,CANCELLED
4433,1954,2827.40,2026-07-23,PENDING
4434,1372,4674.55,2026-05-04,CANCELLED
4435,1156,273.30,2026-02-18,PENDING
4436,1306,4548.23,2026-08-18,PAID
4437,1972,3912.29,2026-09-26,PAID
4438,1629,820.33,2026-02-06,PAID
4439,1762,4224.23,2026-07-28,PAID
4440,1685,1988.40,2026-06-04,PAID
4441,1411,1680.97,2026-07-03,PENDING
4442,1640,2455.04,2026-04-27,PAID
4443,1878,2109.40,2026-05-06,PENDING
4444,1624,4588.99,2026-07-10,PAID
4445,1098,4509.78,2026-07-31,PAID
4446,1189,2025.29,2026-07-26,PENDING
4447,1993,1675.80,2026-05-21,PENDING
4448,1534,4670.54,2026-05-21,PENDING
4449,1573,2899.59,2026-03-11,PAID
4450,1512,2163.52,2026-03-09,PENDING
4451,1956,3379.31,2026-09-20,PENDING
4452,1100,1469.59,2026-06-16,PENDING
4453,1793,1597.32,2026-08-19,CANCELLED
4454,1060,3193.76,2026-07-18,PAID
4455,1027,1821.69,2026-02-09,PAID
4456,1931,2084.34,2026-05-17,PAID
4457,1572,1110.00,2026-08-26,PAID
4458,1285,2087.08,2026-05-15,PAID
4459,1168,2230.30,2026-08-26,PAID
4460,1841,3250.02,2026-05-18,PAID
4461,1429,3398.48,2026-08-03,PAID
4462,1231,701.61,2026-02-20,PAID
4463,1802,2260.17,2026-09-26,PAID
4464,1471,1537.56,2026-02-10,PAID
4465,1509,2519.60,2026-01-02,PENDING
4466,1084,1886.96,2026-03-01,CANCELLED
4467,1277,3794.95,2026-09-20,CANCELLED
4468,1799,4998.79,2026-09-13,PAID
4469,1479,23.23,2026-07-15,PAID
4470,1551,2664.69,2026-05-16,PENDING
4471,1895,2466.78,2026-04-05,PAID
4472,1276,1195.51,2026-09-13,PAID
4473,1416,3761.10,2026-01-11,PENDING
4474,1775,697.01,2026-06-25,PENDING
4475,1470,4147.40,2026-02-19,PAID
4476,1722,3259.22,2026-07-13,PAID
4477,1298,2812.25,2026-07-10,PAID
4478,1342,1899.93,2026-09-19,CANCELLED
4479,1942,3237.17,2026-03-14,PAID
4480,1083,3926.45,2026-03-23,PAID
4481,1617,1387.69,2026-02-05,PAID
4482,1350,56.32,2026-05-24,CANCELLED
4483,1977,-4085.81,2026-06-08,PENDING
4484,1146,1596.84,2026-06-15,PAID
4485,1717,3244.57,2026-05-09,PENDING
4486,1626,4210.91,2026-01-12,PAID
4487,1633,4298.15,2026-08-27,PAID
4488,1450,2000.36,2026-01-28,PAID
4489,1795,2657.28,2026-08-03,PENDING
4490,1846,1491.60,2026-04-27,PAID
4491,1650,1255.66,2026-08-17,PAID
4492,1010,3021.73,2026-04-09,CANCELLED
4493,1562,1426.30,2026-09-14,PENDING
4494,1362,539.44,2026-01-19,PAID
4495,1145,3592.60,2026-04-28,PAID
4496,1034,4682.12,2026-04-15,PENDING
4497,1924,720.67,2026-07-02,PAID
4498,1622,2160.25,2026-07-18,PAID
4499,1143,524.27,2026-09-01,PAID
4500,1458,257.39,2026-06-30,CANCELLED
4501,1114,3311.84,2026-01-06,PAID
4502,1720,3272.05,2026-05-23,PENDING
4503,1732,448.29,2026-01-28,PAID
4504,1110,623.82,2026-03-09,PAID
4505,1248,4220.11,2026-07-15,PAID
4506,1548,3230.69,2026-07-08,PAID
4507,1372,2608.16,2026-09-16,PAID
4508,1610,1969.61,2026-04-11,PAID
4509,1256,581.32,2026-07-12,PAID
4510,1688,388.52,2026-07-05,PENDING
4511,1559,2653.16,2026-02-02,PAID
4512,1035,1867.20,2026-02-05,PAID
4513,1296,2147.74,2026-05-04,PAID
4514,1687,4835.06,2026-04-24,PAID
4515,1429,479.13,2026-02-06,PENDING
4516,1451,4541.81,2026-04-04,CANCELLED
4517,1732,1872.32,2026-07-31,PENDING
4518,1960,3088.92,2026-08-02,PENDING
4519,1014,816.25,2026-05-12,PAID
4520,1253,2244.43,2026-03-14,PENDING
4521,1762,1538.09,2026-09-25,PENDING
4522,1319,3635.94,2026-09-11,PAID
4523,1312,4181.84,2026-08-30,PAID
4524,1203,1889.92,2026-04-30,PAID
4525,1234,3424.41,2026-05-26,PENDING
4526,1782,3633.25,2026-06-10,CANCELLED
4527,1900,3993.40,2026-01-01,PAID
4528,1876,2863.69,2026-09-06,PAID
4529,1978,1888.81,2026-01-31,PENDING
4530,1792,904.59,2026-06-06,PAID
4531,1176,220.66,2026-01-26,PAID
4532,1327,2837.03,2026-05-24,PAID
4533,1868,4669.18,2026-03-26,PAID
4534,1957,4293.50,2026-04-23,PAID
4535,1624,,2026-04-20,CANCELLED
4536,1046,1744.11,2026-01-29,PAID
4537,1810,4774.54,2026-06-18,CANCELLED
4538,1486,3297.46,2026-01-04,PAID
4539,1651,2920.83,2026-09-18,CANCELLED
4540,1793,163.57,2026-08-03,PENDING
4541,1650,1684.12,2026-02-18,PAID
4542,1163,2637.07,2026-05-12,PENDING
4543,1319,1489.87,2026-04-13,PAID
4544,1757,908.14,2026-08-19,CANCELLED
4545,1577,2032.83,2026-04-23,CANCELLED
4546,1603,2958.66,2026-08-06,PENDING
4547,1314,867.55,2026-03-20,PAID
4548,1746,1324.60,2026-03-21,PENDING
4549,1945,168.24,2026-09-28,PAID
4550,1720,1517.97,2026-02-20,CANCELLED
4551,1663,4442.89,2026-07-09,PAID
4552,1585,2711.46,2026-09-09,PAID
4553,1063,1657.62,2026-01-27,CANCELLED
4554,1766,1164.24,2026-06-20,PAID
4555,1685,1347.18,2026-07-22,PENDING
4556,1379,720.58,2026-04-25,PENDING
4557,1331,1911.07,2026-05-08,PAID
4558,1015,3931.98,2026-03-09,PAID
4559,1085,1805.82,2026-04-23,PENDING
4560,1196,4637.56,2026-05-07,PAID
4561,1626,3296.86,2026-05-24,PAID
4562,1880,4452.69,2026-02-12,PENDING
4563,1071,365.33,2026-03-24,CANCELLED
4564,1964,1161.66,2026-09-04,PENDING
4565,1137,3950.20,2026-01-17,PENDING
4566,1875,4979.08,2026-08-17,PENDING
4567,1525,4497.20,2026-05-27,PAID
4568,1349,2695.78,2026-07-28,PENDING
4569,1565,1106.10,2026-07-31,PENDING
4570,1452,3524.76,2026-05-13,PAID
4571,1299,3425.53,2026-04-18,PAID
4572,1652,1551.24,2026-06-28,PENDING
4573,1035,2674.24,2026-01-04,PENDING
4574,1687,726.40,2026-08-29,PAID
4575,1521,183.42,2026-09-27,PENDING
4576,1070,2281.15,2026-09-11,PAID
4577,1428,3946.98,2026-06-24,PENDING
4578,1782,1299.55,2026-07-16,PENDING
4579,1312,542.80,2026-06-15,PAID
4580,1252,2012.01,2026-03-12,PAID
4581,1876,1804.86,2026-08-11,PAID
4582,1267,501.67,2026-01-11,PAID
4583,1173,1235.95,2026-01-28,PAID
4584,1160,1515.21,2026-08-12,PAID
4585,1205,3642.42,2026-01-19,PAID
4586,1107,1814.43,2026-09-29,PAID
4587,1214,2002.60,2026-08-04,CANCELLED
4588,1488,2676.18,2026-04-22,PENDING
4589,1105,1237.61,2026-04-30,PENDING
4590,1014,1409.11,2026-05-12,PENDING
4591,1054,4040.40,2026-03-19,PAID
4592,1641,3683.65,2026-07-24,PENDING
4593,1327,1105.37,2026-04-08,PAID
4594,1511,2044.80,2026-07-11,PAID
4595,1209,3841.01,2026-06-19,PAID
4596,1050,4473.18,2026-03-23,PAID
4597,1211,3771.63,2026-09-13,PAID
4598,1190,2230.39,2026-01-26,PAID
4599,1495,839.96,2026-08-27,CANCELLED
4600,1531,2931.96,2026-01-03,PAID
4601,1946,4493.78,2026-07-21,PENDING
4602,1560,1709.81,2026-06-16,PAID
4603,1391,2233.98,2026-05-18,CANCELLED
4604,1377,125.12,2026-04-11,PAID
4605,1174,4363.63,2026-09-12,CANCELLED
4606,1290,4529.77,2026-04-18,PAID
4607,1403,2998.69,2026-03-29,PAID
4608,1781,4481.81,2026-03-06,PAID
4609,1017,3428.95,2026-06-10,PAID
4610,1536,4992.10,2026-03-24,PAID
4611,1060,3660.31,2026-01-20,PENDING
4612,1852,4634.99,2026-07-20,PAID
4613,1337,3304.29,2026-03-08,CANCELLED
4614,1819,1391.02,2026-02-15,PAID
4615,1396,4036.59,2026-04-09,PAID
4616,1356,4133.70,2026-04-05,PAID
4617,1787,4615.73,2026-09-26,PAID
4618,1959,632.17,2026-03-28,PAID
4619,1600,3444.22,2026-05-03,PAID
4620,1617,1211.19,2026-02-28,PENDING
4621,1216,244.15,2026-06-03,PENDING
4622,1321,2815.71,2026-02-03,PAID
4623,1091,683.56,2026-05-17,ERROR
4624,1487,3779.06,2026-04-07,PENDING
4625,1581,1447.86,2026-01-20,PAID
4626,1263,368.19,2026-07-06,PENDING
4627,1912,4951.21,2026-05-12,PAID
4628,1273,1319.52,2026-01-20,CANCELLED
4629,1148,2041.97,2026-08-25,PENDING
4630,1103,2837.99,2026-05-14,PAID
4631,1588,1206.18,2026-05-14,PAID
4632,1064,442.97,2026-04-28,PENDING
4633,1741,4967.56,2026-03-20,PENDING
4634,1859,1830.90,2026-02-14,PAID
4635,1109,2991.44,2026-08-05,PAID
4636,1393,2068.57,2026-03-14,PAID
4637,1353,3442.00,2026-01-21,PENDING
4638,1801,4340.19,2026-06-29,PAID
4639,1999,769.64,2026-06-12,PAID
4640,1048,3409.73,2026-07-28,PAID
4641,1878,1962.35,2026-03-30,PAID
4642,1139,1628.04,2026-06-23,PENDING
4643,1164,230.72,2026-05-19,CANCELLED
4644,1870,900.91,2026-02-05,PENDING
4645,1407,1956.48,2026-09-27,PENDING
4646,1360,2364.56,2026-03-28,PENDING
4647,1418,1409.59,2026-06-27,PAID
4648,1801,3859.23,2026-05-05,PENDING
4649,1127,998.75,2026-08-31,CANCELLED
4650,1109,4704.92,2026-02-13,PENDING
4651,1288,3035.13,2026-08-24,PENDING
4652,1959,4230.51,2026-06-27,PAID
4653,1345,1630.17,2026-05-07,PAID
4654,1978,588.39,2026-04-27,CANCELLED
4655,1177,2113.35,2026-08-22,CANCELLED
4656,1379,1929.42,2026-07-13,PAID
4657,1428,1182.60,2026-04-23,PAID
4658,1856,1855.20,2026-07-08,PAID
4659,1679,4239.31,2026-08-13,PAID
4660,1806,1786.75,2026-09-15,PENDING
4661,1161,1046.79,2026-07-17,PAID
4662,1999,320.69,2026-07-25,PAID
4663,1300,1667.34,2026-09-08,PENDING
4664,1226,3598.53,2026-03-20,PAID
4665,1707,4109.28,2026-08-21,PAID
4666,1817,3505.11,2026-03-07,PAID
4667,1074,4480.35,2026-05-12,CANCELLED
4668,1411,2759.08,2026-07-28,PAID
4669,1108,3988.42,2026-05-20,CANCELLED
4670,1653,4740.51,2026-08-15,CANCELLED
4671,1470,1219.65,2026-08-11,PAID
4672,1082,4780.88,2026-07-03,CANCELLED
4673,1560,4915.56,2026-06-24,PAID
4674,1730,1089.61,2026-04-20,PENDING
4675,1240,3618.88,2026-03-01,CANCELLED
4676,1191,180.90,2026-02-26,PENDING
4677,1041,456.97,2026-02-23,CANCELLED
4678,1128,3940.63,2026-08-04,CANCELLED
4679,1782,4452.78,2026-04-14,PAID
4680,1064,1523.60,2026-01-05,PAID
4681,1757,658.97,2026-09-02,PAID
4682,1424,3483.65,2026-05-22,PENDING
4683,1531,910.93,2026-09-01,PAID
4684,1960,1356.76,2026-07-28,PAID
4685,1522,325.91,2026-04-14,PAID
4686,1445,1920.91,2026-06-01,PENDING
4687,1113,1523.64,2026-02-13,PAID
4688,1017,1287.19,2026-03-16,PAID
4689,1993,2184.02,2026-09-30,PENDING
4690,1913,3088.63,2026-02-28,PAID
4691,1784,4790.81,2026-06-19,PENDING
4692,1444,1538.88,2026-08-04,paid
4693,1054,390.94,2026-05-22,PAID
4694,1537,3671.35,2026-06-28,PAID
4695,1134,1218.38,2026-06-29,PAID
4696,1221,1327.78,2026-08-10,PAID
4697,1651,104.46,2026-04-09,PENDING
4698,1255,4046.10,2026-07-14,PENDING
4699,1240,2536.74,2026-08-31,PAID
4700,1331,4973.06,2026-03-25,CANCELLED
4701,1551,4171.41,2026-06-22,PAID
4702,1142,3610.31,2026-08-09,PAID
4703,1988,558.05,2026-04-23,PAID
4704,1312,2515.93,2026-07-14,PAID
4705,1992,1333.18,2026-06-28,PAID
4706,1268,259.76,2026-04-24,PENDING
4707,1718,177.65,2026-07-14,CANCELLED
4708,1965,3513.46,2026-01-14,PAID
4709,1532,4625.97,2026-04-08,PENDING
4710,1500,2167.82,2026-02-10,PAID
4711,1209,305.06,2026-04-04,PAID
4712,1056,452.90,2026-09-02,PAID
4713,1440,1790.97,2026-08-23,PAID
4714,1477,1417.31,2026-04-08,PAID
4715,1202,796.99,2026-09-25,PAID
4716,1052,338.21,2026-07-13,PENDING
4717,1153,2348.26,2026-04-16,PAID
4718,1623,4430.94,2026-03-11,PAID
4719,1677,262.07,2026-02-07,PAID
4720,1063,139.73,2026-03-08,PAID
4721,1984,4749.95,2026-01-23,CANCELLED
4722,1828,4940.85,2026-01-18,CANCELLED
4723,1019,4025.48,2026-08-08,CANCELLED
4724,1692,2115.90,2026-01-16,PAID
4725,1022,670.25,2026-02-06,PAID
4726,1593,3806.73,2026-07-14,CANCELLED
4727,1315,4579.63,2026-04-13,PAID
4728,1988,3721.90,2026-04-24,PAID
4729,1049,1341.42,2026-09-26,PENDING
4730,1436,363.88,2026/13/45,PENDING
4731,1174,4613.27,2026-08-26,PAID
4732,1955,3287.42,2026-03-11,CANCELLED
4733,1160,4043.26,2026-05-26,PAID
4734,1968,3912.26,2026-04-26,CANCELLED
4735,1382,1591.88,2026-01-13,CANCELLED
4736,1745,2697.98,2026-07-14,PAID
4737,1376,4622.20,2026-02-04,PENDING
4738,1989,995.33,2026-07-07,PENDING
4739,1435,1653.11,2026-02-06,PAID
4740,1522,4280.47,2026-04-26,PAID
4741,1108,4522.12,2026-01-24,PAID
4742,1829,1014.73,2026-05-24,PAID
4743,1105,1028.82,2026-05-31,PAID
4744,1937,4365.87,2026-08-29,PAID
4745,1326,2325.56,2026-04-07,PENDING
4746,1073,4869.50,2026-02-28,PENDING
4747,1014,4755.35,2026-06-19,PAID
4748,1633,4159.81,2026-02-16,PAID
4749,1995,4518.46,2026-05-22,CANCELLED
4750,1958,2977.79,2026-02-20,PAID
4751,1874,822.43,2026-08-18,PAID
4752,1349,3745.55,2026-01-31,CANCELLED
4753,1610,1688.74,2026-06-23,PAID
4754,1250,2116.70,2026-06-16,PAID
4755,1812,3718.91,2026-03-08,PAID
4756,1257,329.04,2026-01-05,PAID
4757,1510,2434.23,2026-08-26,PENDING
4758,1917,4593.67,2026-02-20,PENDING
4759,1806,2414.34,2026-05-27,PENDING
4760,1349,4916.75,2026-09-14,PAID
4761,1513,1052.46,2026-03-12,PAID
4762,1109,4604.25,2026-07-26,PAID
4763,1404,3438.88,2026-03-03,PAID
4764,1179,3497.39,2026-01-12,PAID
4765,1212,557.22,2026-02-28,PAID
4766,1477,-2049.66,2026-07-05,PAID
4767,1365,1397.74,2026-05-28,PAID
4768,1901,2644.74,2026-03-24,PAID
4769,1981,3746.96,2026-09-01,PAID
4770,1247,1048.63,2026-02-02,PENDING
4771,1624,4958.80,2026-04-26,PAID
4772,1171,466.99,2026-01-16,CANCELLED
4773,1297,1979.45,2026-08-10,PAID
4774,1428,2162.34,2026-06-07,PAID
4775,1475,4974.29,2026-01-21,PENDING
4776,1421,2097.63,2026-08-16,PAID
4777,1269,4420.90,2026-09-13,PAID
4778,1259,4619.62,2026-04-29,PENDING
4779,1428,1925.31,2026-01-21,PAID
4780,1704,4648.45,2026-04-02,PAID
4781,1114,3792.51,2026-06-05,PAID
4782,1036,1517.78,2026-04-10,PAID
4783,1635,3209.15,2026-01-11,PAID
4784,1721,3902.70,2026-07-25,PENDING
4785,1837,2858.58,2026-01-11,PAID
4786,1230,2287.48,2026-05-17,PENDING
4787,1425,4571.43,2026-01-08,CANCELLED
4788,1124,4580.78,2026-06-18,PENDING
4789,1191,2654.21,2026-02-26,PAID
4790,1249,4708.40,2026-08-15,PAID
4791,1043,2669.51,2026-09-02,CANCELLED
4792,1002,4340.81,2026-04-02,PAID
4793,1615,1241.07,2026-06-16,PAID
4794,1114,4410.31,2026-09-27,PAID
4795,1078,4870.75,2026-03-21,PAID
4796,1073,2907.56,2026-08-27,PAID
4797,1754,2301.52,2026-07-07,PAID
4798,1354,,2026-07-04,PAID
4799,1615,4062.77,2026-01-29,PAID
4800,1441,1024.37,2026-01-05,PAID
4801,1832,778.65,2026-04-10,PAID
4802,1217,3512.47,2026-07-28,PAID
4803,1675,4050.05,2026-04-17,PAID
4804,1235,4196.65,2026-09-08,PENDING
4805,1627,2104.70,2026-01-23,PAID
4806,1937,3947.96,2026-04-27,PENDING
4807,1094,1979.35,2026-03-15,PAID
4808,1940,113.53,2026-02-15,PAID
4809,1636,2792.28,2026-06-13,PAID
4810,1185,196.12,2026-08-27,PAID
4811,1748,986.17,2026-07-26,PAID
4812,1250,4255.06,2026-04-08,PAID
4813,1545,2193.91,2026-07-03,PENDING
4814,1073,1526.46,2026-05-31,PAID
4815,1849,4859.38,2026-06-29,PAID
4816,1273,2388.76,2026-03-18,PENDING
4817,1176,3405.08,2026-05-27,PAID
4818,1598,70.29,2026-01-07,PAID
4819,1439,918.43,2026-02-30,PAID
4820,1982,2467.09,2026-06-21,PENDING
4821,1003,770.14,2026-05-29,PAID
4822,1397,2464.25,2026-09-22,PAID
4823,1106,2681.41,2026-01-11,PENDING
4824,1739,272.92,2026-09-05,PAID
4825,1823,249.83,2026-09-07,PAID
4826,1196,4340.27,2026-01-27,PENDING
4827,1475,1890.92,2026-01-18,PAID
4828,1101,2297.28,2026-06-10,PENDING
4829,1925,2658.05,2026-08-25,PAID
4830,1876,512.99,2026-06-01,PAID
4831,1004,4271.27,2026-01-11,PENDING
4832,1629,689.24,not-a-date,PAID
4833,1525,2640.09,2026-08-14,PAID
4834,1895,818.88,2026-02-10,PAID
4835,1787,4745.73,2026-02-28,PAID
4836,1817,2100.90,2026-01-21,PAID
4837,1181,4429.67,2026-02-26,PAID
4838,1772,1146.38,2026-04-15,PAID
4839,1612,1822.69,2026-01-14,PENDING
4840,1661,1929.23,2026-07-15,PAID
4841,1685,3492.89,2026-06-12,PAID
4842,1860,2743.03,2026-05-28,PAID
4843,1611,2674.96,2026-03-11,CANCELLED
4844,1927,1262.91,2026-03-31,PENDING
4845,1469,1706.85,2026-09-04,PAID
4846,1081,1452.57,2026-09-03,PAID
4847,1579,4205.53,2026-08-04,PENDING
4848,1132,3639.45,2026-01-14,PAID
4849,1488,357.31,2026-09-22,PAID
4850,1290,3027.41,2026-04-14,CANCELLED
4851,1783,4640.18,2026-03-24,PAID
4852,1712,90.63,2026-03-28,PAID
4853,1690,2464.84,2026-02-26,PAID
4854,1171,1559.19,2026-03-31,PAID
4855,1895,2094.92,2026-03-06,PAID
4856,1680,4092.10,2026-08-15,PAID
4857,1495,2738.46,2026-07-26,PAID
4858,1213,456.96,2026-06-02,CANCELLED
4859,1715,3902.35,2026-03-16,PAID
4860,1209,4020.43,2026-08-16,PAID
4861,1513,2844.27,2026-05-13,PAID
4862,1927,965.97,2026-06-30,CANCELLED
4863,1280,3689.59,2026-07-30,PENDING
4864,1385,4886.52,2026-04-28,PENDING
4865,1549,4401.37,2026-05-16,PENDING
4866,1435,2443.53,2026-02-08,PAID
4867,1406,2167.11,2026-06-30,PENDING
4868,1810,3254.54,2026-08-24,PAID
4869,1012,1361.68,2026-04-23,PAID
4870,1905,4547.76,2026-02-22,PAID
4871,1974,3733.39,2026-02-15,PAID
4872,1326,2541.00,2026-06-05,PENDING
4873,1153,2868.16,2026-01-19,CANCELLED
4874,1179,2030.42,2026-02-17,PAID
4875,1101,3647.86,2026-04-02,PAID
4876,1722,673.59,2026-07-25,PAID
4877,1656,1085.84,2026-06-12,CANCELLED
4878,1009,4785.45,2026-03-12,PENDING
4879,1902,4930.07,2026-04-25,PAID
4880,1121,1081.21,2026-02-06,PENDING
4881,1554,1209.21,2026-02-18,PENDING
4882,1110,889.07,2026-02-23,PENDING
4883,1302,2904.76,2026-04-24,PAID
4884,1465,2461.25,2026-03-18,PAID
4885,1079,4684.13,2026-04-17,PAID
4886,1924,597.60,2026-04-21,PAID
4887,1107,3667.27,2026-05-12,PAID
4888,1011,3527.21,2026-08-21,PAID
4889,1520,4085.78,2026-02-19,PAID
4890,1834,3735.05,2026-03-19,PAID
4891,1227,1969.90,2026-09-11,PAID
4892,1860,715.65,2026-06-04,PAID
4893,1377,1483.87,2026-03-05,PENDING
4894,1365,1258.75,2026-04-02,PENDING
4895,1046,1117.50,2026-05-05,PAID
4896,1590,186.63,2026-09-22,PENDING
4897,1444,4013.57,2026-06-27,PAID
4898,1259,970.72,2026-05-20,PAID
4899,1985,4181.70,2026-06-17,CANCELLED
4900,1594,4138.63,2026-02-04,PENDING
4901,1634,431.52,2026-03-14,PAID
4902,1821,531.93,2026-03-30,PAID
4903,1426,4403.89,2026-08-27,PAID
4904,1712,4725.66,2026-06-22,PENDING
4905,1291,2452.60,2026-04-15,PENDING
4906,1138,3507.77,2026-02-13,PAID
4907,1778,4168.79,2026-01-17,PAID
4908,1601,704.48,2026-07-17,CANCELLED
4909,1556,2391.83,2026-08-04,PAID
4910,1539,2112.73,2026-01-14,PAID
4911,1277,3005.88,2026-06-19,PAID
4912,1916,1148.82,2026-04-18,PENDING
4913,1601,1352.75,2026-05-12,PAID
4914,1681,1743.89,2026-06-08,PENDING
4915,1602,3536.68,2026-08-01,PAID
4916,1740,1994.95,2026-01-11,CANCELLED
4917,1723,4455.55,2026-09-01,PAID
4918,1943,944.34,2026-01-31,PENDING
4919,1405,1837.16,2026-07-05,PAID
4920,1744,2027.58,2026-03-20,CANCELLED
4921,1885,1326.99,2026-02-06,CANCELLED
4922,1502,2421.63,2026-09-27,PAID
4923,1127,2815.53,2026-07-24,PAID
4924,1785,1133.32,2026-03-25,PAID
4925,1601,352.50,2026-02-11,PAID
4926,1652,3961.38,2026-02-12,PAID
4927,1232,3823.84,2026-02-13,PENDING
4928,1157,2272.90,2026-04-27,PENDING
4929,1542,4149.78,2026-09-25,PENDING
4930,1308,4119.63,2026-03-15,PAID
4931,1450,4544.90,2026-05-12,PAID
4932,1004,4824.06,2026-04-13,PAID
4933,1014,4268.41,2026-09-09,PENDING
4934,1050,2257.17,2026-05-31,PAID
4935,1670,4434.24,2026-08-03,PAID
4936,1619,953.57,2026-08-23,PAID
4937,1826,3177.56,2026-08-31,PENDING
4938,1565,1209.60,2026-07-28,PENDING
4939,1219,2594.75,2026-03-25,PAID
4940,1742,4364.03,2026-07-14,PAID
4941,1942,3606.88,2026-05-12,PAID
4942,1397,4238.58,2026-09-23,PAID
4943,1757,912.16,2026-01-08,PAID
4944,1141,1131.07,2026-03-03,PAID
4945,1632,986.43,2026-03-25,PAID
4946,1629,2402.40,2026-04-18,PAID
4947,1391,1036.73,2026-06-07,PAID
4948,1079,3763.33,2026-02-28,PENDING
4949,1547,3842.56,2026-07-21,PAID
4950,1651,1261.27,2026-05-10,PENDING
4951,1351,1377.14,2026-07-18,PAID
4952,1196,1068.55,2026-08-14,CANCELLED
4953,1700,131.86,2026-02-25,PAID
4954,1558,1868.22,2026-03-09,PAID
4955,1866,3868.90,2026-09-19,PAID
4956,1879,1288.58,2026-08-06,CANCELLED
4957,1616,1231.73,2026-01-16,PENDING
4958,1108,1977.72,2026-05-07,PAID
4959,1200,2232.07,2026-09-25,PAID
4960,1792,3811.59,2026-01-11,PAID
4961,1366,1904.91,2026-06-05,PAID
4962,1359,3896.31,2026-09-18,PAID
4963,1591,163.94,2026-06-10,PENDING
4964,1618,2401.68,2026-08-01,PAID
4965,1181,269.75,2026-05-30,PAID
4966,1727,1171.39,2026-09-16,PAID
4967,1873,4850.30,2026-07-11,CANCELLED
4968,1655,3109.24,2026-06-06,PENDING
4969,1553,2479.18,2026-08-09,PENDING
4970,1151,3912.34,2026-03-04,PENDING
4971,1971,2300.29,2026-01-10,PENDING
4972,1916,3384.66,2026-01-19,PAID
4973,1665,4876.38,2026-02-07,PAID
4974,1245,3252.57,2026-06-09,PAID
4975,1548,2150.98,2026-06-28,PAID
4976,1503,968.87,2026-05-10,PENDING
4977,1769,2979.22,2026-02-19,PENDING
4978,1009,633.42,2026-06-26,PAID
4979,1641,1348.46,2026-09-20,PAID
4980,1530,1256.19,2026-04-27,PENDING
4981,1986,616.61,2026-08-12,PAID
4982,1620,412.32,2026-02-10,PAID
4983,1766,397.73,2026-06-05,PAID
4984,1945,3582.55,2026-07-19,PAID
4985,1022,3430.00,2026-08-25,PAID
4986,1812,715.27,2026-03-21,PAID
4987,1010,262.76,2026-09-04,CANCELLED
4988,1082,2723.73,2026-09-20,PENDING
4989,1742,919.56,2026-09-28,PAID
4990,1196,348.61,2026-01-27,PENDING
4991,1046,3494.38,2026-03-05,PENDING
4992,1758,1055.68,2026-05-30,CANCELLED
4993,1745,4547.97,2026-04-08,PAID
4994,1936,906.16,2026-05-11,PAID
4995,1133,3107.22,2026-03-20,UNKNOWN
4996,1052,1982.60,2026-09-03,PAID
4997,1163,4579.26,2026-01-09,PENDING
4998,1923,3859.21,2026-04-12,PAID
4999,1839,3079.48,2026-04-14,PENDING
5000,1528,652.42,2026-03-31,PAID
5001,1821,3440.34,2026-09-17,PAID
5002,1259,1982.57,2026-05-18,PAID
5003,1948,4511.87,2026-03-25,CANCELLED
5004,1774,2761.28,2026-01-14,PAID
5005,1873,120.17,2026-03-30,CANCELLED
5006,1728,3345.08,2026-05-23,PAID
5007,1903,1103.08,2026-02-24,PAID
5008,1757,2980.45,2026-07-29,PAID
5009,1204,4945.69,2026-01-27,PENDING
5010,1698,3230.82,2026-06-12,PAID
5011,1348,1702.44,2026-01-15,CANCELLED
5012,1876,2371.40,2026-04-01,PENDING
5013,1756,347.45,2026-01-17,PAID
5014,1751,3733.66,2026-02-25,PAID
5015,1852,2425.56,2026-02-07,PENDING
5016,1845,4619.41,2026-01-15,PAID
5017,1365,226.11,2026-06-18,PENDING
5018,1723,1842.02,2026-04-13,PAID
5019,1487,3596.41,2026-09-17,CANCELLED
5020,1137,2935.95,2026-04-10,PENDING
5021,1088,2020.85,2026-01-04,CANCELLED
5022,1974,3195.86,2026-09-30,PENDING
5023,1184,776.25,2026-09-21,PENDING
5024,1644,4900.45,2026-01-05,PAID
5025,1486,3533.33,2026-04-24,PENDING
5026,1963,3605.23,2026-06-09,PAID
5027,1428,880.64,2026-08-25,CANCELLED
5028,1847,4732.12,2026-03-29,PENDING
5029,1362,4913.93,2026-05-07,PAID
5030,1239,4858.05,2026-07-25,PAID
5031,1903,78.84,2026-01-09,PAID
5032,1202,4677.65,2026-05-10,PAID
5033,1311,1439.15,2026-05-13,PAID
5034,1186,4841.15,2026-04-17,PENDING
5035,1173,2063.58,2026-05-11,CANCELLED
5036,1821,2011.29,2026-01-29,PAID
5037,1253,536.67,2026-08-10,CANCELLED
5038,1925,266.89,2026-09-15,PAID
5039,1973,3379.02,2026-04-07,PENDING
5040,1718,2867.42,2026-03-01,PENDING
5041,1031,1714.23,2026-04-13,PAID
5042,1277,1697.85,2026-09-14,PAID
5043,1861,5.96,2026-02-21,PENDING
5044,1110,4314.23,2026-02-20,PENDING
5045,1925,1888.38,2026-01-06,PAID
5046,1913,4971.92,2026-06-22,PENDING
5047,1388,4305.91,2026-06-08,PENDING
5048,1412,1454.80,2026-03-31,PAID
5049,1513,4168.29,2026-03-23,PAID
5050,1002,1398.19,2026-07-12,PAID
5051,1110,877.14,2026-02-19,CANCELLED
5052,1630,3324.52,2026-01-18,PAID
5053,1102,1305.24,2026-03-06,PAID
5054,1831,569.88,2026-03-12,PAID
5055,1701,165.40,2026-09-08,PAID
5056,1609,4761.15,2026-06-17,CANCELLED
5057,1582,1808.90,2026-02-22,PAID
5058,1665,250.96,2026-07-10,PAID
5059,1308,4002.55,2026-03-25,PENDING
5060,1482,2549.97,2026-03-19,PENDING
5061,1079,616.40,2026-09-08,PAID
5062,1319,4440.82,2026-05-17,PENDING
5063,1709,2818.00,2026-05-23,PAID
5064,1152,2144.86,2026-04-15,CANCELLED
5065,1252,1146.83,2026-05-08,PENDING
5066,1548,528.19,2026-04-25,PENDING
5067,1530,2509.07,2026-08-25,PAID
5068,1640,192.16,2026-03-07,PAID
5069,1982,3031.76,2026-03-14,PAID
5070,1641,3566.08,2026-06-03,PAID
5071,1721,3711.48,2026-01-30,PAID
5072,1543,2070.05,2026-02-20,PAID
5073,1566,1103.51,2026-05-24,PAID
5074,1100,1765.36,2026-06-01,PAID
5075,1426,4777.18,2026-02-15,PAID
5076,1699,623.85,2026-07-29,PAID
5077,1369,2199.06,2026/13/45,PAID
5078,1695,1087.44,2026-01-07,PAID
5079,1191,2511.53,2026-01-11,PENDING
5080,1260,3826.92,2026-06-26,PENDING
5081,1336,4482.83,2026-09-25,PAID
5082,1998,3069.05,2026-08-17,PAID
5083,1953,3073.56,2026-01-19,PAID
5084,1443,2002.57,2026-03-24,CANCELLED
5085,1226,607.37,2026-06-04,PAID
5086,1467,4296.27,2026-02-26,PENDING
5087,1781,3041.61,2026-06-30,CANCELLED
5088,1030,3812.36,2026-07-06,PAID
5089,1073,788.86,2026-02-30,PAID
5090,1723,3839.13,2026-02-27,PAID
5091,1524,4612.88,2026-03-19,PAID
5092,1873,149.80,2026-05-12,PAID
5093,1339,2516.17,2026-05-16,PAID
5094,1343,4555.57,2026-09-15,PAID
5095,1979,2169.91,2026-09-07,CANCELLED
5096,1380,3384.43,2026-02-30,PENDING
5097,1187,-3809.51,2026-02-14,PENDING
5098,1166,4717.68,2026-05-01,PAID
5099,1916,4437.40,2026-01-08,PENDING
5100,1377,2915.44,2026-01-16,PENDING
5101,1552,2784.29,2026-01-07,PENDING
5102,1949,3082.42,2026-02-22,PENDING
5103,1619,1446.92,2026-06-29,PAID
5104,1237,3355.42,2026-05-03,PAID
5105,1742,1550.79,2026-03-28,CANCELLED
5106,1440,4660.96,2026-03-26,CANCELLED
5107,1133,3069.66,2026-08-14,PAID
5108,1205,3869.73,2026-05-07,PENDING
5109,1108,224.62,2026-02-21,PAID
5110,1727,4748.72,2026-05-01,PAID
5111,1273,4487.59,2026-02-01,PENDING
5112,1436,1420.09,2026-04-26,PAID
5113,1728,4089.16,2026-05-02,PAID
5114,1186,974.57,2026-05-12,PAID
5115,1367,4915.99,2026-07-22,PENDING
5116,1224,4357.40,2026-06-29,PAID
5117,1804,4147.23,2026-05-03,PAID
5118,1781,2372.55,2026-04-16,PAID
5119,1311,4656.25,2026-08-15,PAID
5120,1671,1813.21,2026-07-29,CANCELLED
5121,1994,73.59,2026-08-05,PAID
5122,1437,1534.12,2026-07-31,PAID
5123,1996,1730.55,2026-01-04,PENDING
5124,1151,589.79,2026-06-07,PAID
5125,1154,866.54,2026-09-26,PAID
5126,1454,3800.58,2026-05-13,PENDING
5127,1106,-1972.28,2026-09-21,PAID
5128,1438,201.92,2026-09-22,paid
5129,1930,4881.84,2026-01-28,PAID
5130,1415,2261.41,2026-09-06,PAID
5131,1635,573.99,2026-04-09,PAID
5132,1718,1071.16,2026-09-17,PAID
5133,1395,829.41,2026-04-21,PAID
5134,1406,3250.73,2026-06-13,PAID
5135,1131,2813.79,2026-01-23,PAID
5136,1359,674.95,2026-09-28,PENDING
5137,1382,424.64,2026-07-10,PENDING
5138,1423,,2026-01-18,PAID
5139,1520,367.72,2026-07-19,
5140,1591,4489.48,2026-01-15,PAID
5141,1816,1808.37,2026-07-17,PAID
5142,1182,1269.62,2026-08-15,PAID
5143,1870,4013.88,2026-02-21,CANCELLED
5144,1211,2849.30,2026-07-23,PAID
5145,1817,3896.12,2026-02-27,PAID
5146,1517,3770.06,2026-07-12,PAID
5147,1608,2311.13,2026-09-04,PAID
5148,1983,1413.05,2026-02-25,CANCELLED
5149,1653,4482.00,2026-05-15,PAID
5150,1097,3128.42,2026-02-07,PENDING
5151,1791,2504.35,2026-03-15,PENDING
5152,1379,4969.46,2026-05-03,PAID
5153,1112,3691.27,2026-01-09,PAID
5154,1979,439.91,2026-08-17,PAID
5155,1120,2364.51,2026-06-29,PAID
5156,1710,-4875.03,2026-03-18,PAID
5157,1464,3509.87,2026-01-04,PAID
5158,1014,1523.22,2026-08-05,PAID
5159,1921,282.00,2026-08-13,PENDING
5160,1957,1269.83,2026-06-13,PAID
5161,1091,3373.09,2026-04-19,PENDING
5162,1757,4090.55,2026-02-20,PAID
5163,1124,620.81,2026-02-16,PENDING
5164,1157,2148.89,2026-01-08,PAID
5165,1328,2296.81,2026-09-13,PENDING
5166,1633,4531.91,2026-07-10,PAID
5167,1932,2027.74,2026-05-29,PAID
5168,1053,143.20,2026-03-04,PENDING
5169,1270,3993.13,2026-02-10,PAID
5170,1452,905.89,2026-09-24,PENDING
5171,1990,2062.29,2026-09-10,PAID
5172,1160,1929.21,2026-07-17,PAID
5173,1770,4859.13,2026-08-31,PAID
5174,1777,792.74,2026-06-29,PENDING
5175,1140,2299.46,not-a-date,CANCELLED
5176,1951,3103.97,2026-02-16,PAID
5177,1086,294.53,2026-01-28,PENDING
5178,1778,2552.61,2026-09-02,PAID
5179,1184,1764.58,2026-06-28,PAID
5180,1794,1947.82,2026-09-18,PAID
5181,1596,384.64,2026-06-17,PAID
5182,1057,4337.64,2026-04-20,PAID
5183,1045,2109.31,2026-07-12,PAID
5184,1909,631.87,2026-04-24,PAID
5185,1164,1423.26,2026-07-03,PAID
5186,1444,4808.75,2026-09-10,PAID
5187,1268,3705.26,2026-04-06,PAID
5188,1096,,2026-03-25,PAID
5189,1592,4501.58,2026-08-20,PENDING
5190,1341,3775.71,2026-01-31,PAID
5191,1539,813.81,2026-05-21,PENDING
5192,1002,44.67,2026-08-08,PENDING
5193,1796,4928.58,2026-01-20,CANCELLED
5194,1958,3381.94,2026-04-05,CANCELLED
5195,1750,3037.36,2026-01-19,PAID
5196,1511,2822.35,2026-04-09,PAID
5197,1272,2005.05,2026-02-05,PAID
5198,1997,2569.58,2026-04-03,PAID
5199,1173,1887.19,2026-01-11,CANCELLED
5200,1947,2913.68,2026-01-18,CANCELLED
5201,1733,4086.13,2026-09-13,PENDING
5202,1100,4705.66,2026-04-11,PAID
5203,1105,1667.58,2026-02-05,PENDING
5204,1553,1074.43,2026-09-10,PAID
5205,1641,2173.80,2026-06-14,PENDING
5206,1791,638.19,2026-01-12,PAID
5207,1822,303.72,2026-05-14,PAID
5208,1547,567.83,2026-01-21,PENDING
5209,1720,2487.57,2026-04-16,PENDING
5210,1831,2891.83,2026-09-17,PAID
5211,1626,1140.19,2026-09-28,PENDING
5212,1351,3018.64,2026-05-13,PAID
5213,1009,4847.14,2026-09-15,PAID
5214,1333,479.85,2026-04-17,PAID
5215,1647,3338.11,2026-09-19,PAID
5216,1033,4299.14,2026-07-29,PAID
5217,1518,2397.45,2026-07-02,PAID
5218,1789,1573.66,2026-02-09,PAID
5219,1495,717.82,2026-01-19,PAID
5220,1359,2278.40,2026-02-17,PAID
5221,1522,2912.13,2026-07-19,PAID
5222,1082,3709.82,2026-06-02,PAID
5223,1934,754.82,2026-02-24,PAID
5224,1359,2972.99,2026-01-10,PAID
5225,1956,1777.34,2026-07-15,PENDING
5226,1270,735.11,2026-02-19,PENDING
5227,1687,84.31,2026-05-18,PENDING
5228,1484,2092.75,2026-05-07,CANCELLED
5229,1675,3929.63,2026-01-26,PAID
5230,1399,3803.49,2026-03-22,PENDING
5231,1960,2198.34,2026-05-09,CANCELLED
5232,1099,1375.82,2026-06-04,PENDING
5233,1945,1193.07,2026-08-23,PENDING
5234,1062,734.51,2026-05-06,PAID
5235,1872,438.02,2026-09-22,PENDING
5236,1279,1263.75,2026-06-11,PAID
5237,1430,3173.61,2026-02-08,PAID
5238,1186,3287.03,2026-06-05,PAID
5239,1334,2437.33,2026-01-19,PAID
5240,1600,3542.77,2026-01-12,PAID
5241,1151,-744.38,2026-02-04,PAID
5242,1446,2996.16,2026-07-20,PENDING
5243,1200,20.34,2026-01-10,PAID
5244,1016,1346.74,2026-08-30,PAID
5245,1650,3157.02,2026-01-26,CANCELLED
5246,1608,2198.81,2026-04-23,CANCELLED
5247,1386,1169.21,2026-03-25,PAID
5248,1256,2885.83,2026-02-17,PAID
5249,1849,3917.79,2026-05-20,PAID
5250,1518,4040.44,2026-09-08,PENDING
5251,1333,3933.11,2026-09-19,PAID
5252,1614,1259.84,2026-07-11,PAID
5253,1280,769.60,2026-03-02,PAID
5254,1708,2974.91,2026-09-22,PAID
5255,1002,2831.21,2026-04-07,PENDING
5256,1150,1094.02,2026-01-24,PENDING
5257,1147,3572.52,2026-05-16,PENDING
5258,1488,170.96,2026-07-11,PENDING
5259,1436,440.24,2026-02-28,PENDING
5260,1772,2159.86,2026-04-12,PAID
5261,1526,4354.67,2026-05-28,PENDING
5262,1929,1296.63,2026-09-03,PAID
5263,1153,677.96,2026-07-11,PAID
5264,1133,2913.39,2026-04-17,PENDING
5265,1735,2402.41,2026-08-01,CANCELLED
5266,1323,1799.57,2026-02-11,PAID
5267,1772,2458.44,2026-03-11,PAID
5268,1902,774.67,2026-04-27,PENDING
5269,1504,4028.30,2026-01-19,CANCELLED
5270,1020,965.72,2026-02-28,PAID
5271,1968,109.55,2026-05-11,PAID
5272,1589,1796.93,2026-02-07,PAID
5273,1494,1183.83,2026-03-07,CANCELLED
5274,1041,340.24,2026-06-07,PAID
5275,1718,1193.90,2026-07-14,PAID
5276,1165,2204.45,2026-07-07,PAID
5277,1507,4187.56,2026-07-13,PAID
5278,1121,3168.37,2026-02-19,PAID
5279,1397,431.04,2026-07-07,PENDING
5280,1565,844.84,2026-04-02,CANCELLED
5281,1422,1439.07,not-a-date,PAID
5282,1587,2372.80,2026-01-26,PAID
5283,1997,3705.89,2026-05-30,PAID
5284,1504,409.71,2026-04-13,PENDING
5285,1760,851.31,2026-04-10,PAID
5286,1133,3519.25,2026-07-18,PAID
5287,1992,3668.86,2026-05-09,PAID
5288,1998,2187.94,2026-08-01,CANCELLED
5289,1996,3716.78,2026-07-24,PAID
5290,1336,4433.38,2026-06-01,PAID
5291,1662,689.97,2026-03-23,PAID
5292,1915,4681.54,2026-04-24,PAID
5293,1615,3723.08,2026-09-16,PAID
5294,1815,562.29,2026-07-05,PAID
5295,1719,2117.34,2026-06-11,PAID
5296,1705,3539.40,2026-06-10,PAID
5297,1274,4453.61,2026-06-25,CANCELLED
5298,1601,1633.05,2026-06-12,PAID
5299,1055,2776.98,2026-01-15,PAID
5300,1276,1491.20,2026-04-30,PAID
5301,1479,309.46,2026-09-24,PAID
5302,1723,3378.90,2026-07-10,PAID
5303,1815,322.73,2026-01-28,PENDING
5304,1963,3713.32,2026-04-20,PAID
5305,1445,2024.31,2026-04-07,PAID
5306,1708,766.33,2026-08-21,PENDING
5307,1424,3762.19,2026-08-30,PAID
5308,1262,3453.51,2026-04-03,PAID
5309,1796,227.45,2026-08-14,PENDING
5310,1856,1750.95,2026-04-11,
5311,1917,3683.01,2026-01-16,PAID
5312,1314,4651.86,2026-04-06,PAID
5313,1244,4011.42,2026-03-28,PENDING
5314,1662,1087.96,2026-02-01,PENDING
5315,1631,1982.77,2026-05-20,PENDING
5316,1052,3814.55,2026-08-10,PAID
5317,1097,3130.81,2026-08-16,PAID
5318,1600,572.69,2026-03-15,PAID
5319,1140,3874.06,2026-04-06,PAID
5320,1368,4568.52,2026-04-09,PAID
5321,1764,4857.15,2026-06-13,PENDING
5322,1649,3241.67,2026-05-08,PAID
5323,1513,751.07,2026-04-12,PENDING
5324,1725,821.50,2026-01-12,PAID
5325,1391,733.93,2026-08-26,PAID
5326,1873,1233.04,2026-06-24,PENDING
5327,1243,3210.87,2026-02-28,PAID
5328,1232,1662.38,2026-05-24,PAID
5329,1311,770.39,2026-07-24,CANCELLED
5330,1441,2971.97,2026-01-01,PENDING
5331,1531,1956.74,2026-05-02,PAID
5332,1075,1644.18,2026-03-21,PAID
5333,1687,1837.59,2026-02-20,PAID
5334,1984,2666.05,2026-07-01,PAID
5335,1982,3800.51,2026-07-11,PAID
5336,1340,2555.02,2026-02-12,PENDING
5337,1995,,2026-07-10,PENDING
5338,1813,4207.16,2026-09-26,PENDING
5339,1997,986.28,2026-08-22,CANCELLED
5340,1285,1706.43,2026-03-07,CANCELLED
5341,1038,4476.18,2026-07-14,PAID
5342,1317,1639.01,2026-03-20,PAID
5343,1949,3360.36,2026-09-29,PAID
5344,1884,2425.65,2026-02-03,PAID
5345,1405,4305.18,2026-09-20,PAID
5346,1835,4068.86,2026-09-20,PENDING
5347,1389,3595.91,2026-02-10,PENDING
5348,1951,3494.50,2026-09-03,PAID
5349,1245,1113.59,2026-02-05,PENDING
5350,1379,4641.71,2026-09-15,PAID
5351,1403,2762.48,2026-08-13,PAID
5352,1838,3416.57,2026-07-06,PENDING
5353,1106,1616.09,2026-08-12,PENDING
5354,1061,1419.97,2026-05-19,CANCELLED
5355,1607,1201.05,2026-06-30,PAID
5356,1030,4878.59,2026-02-10,PAID
5357,1179,1187.77,2026-04-11,CANCELLED
5358,1987,2607.00,2026-09-05,PENDING
5359,1199,1736.99,2026-04-25,PAID
5360,1721,2710.78,2026-08-19,PENDING
5361,1573,3335.95,2026-03-04,PAID
5362,1210,3040.55,2026-09-06,PAID
5363,1368,2218.93,2026-08-01,PENDING
5364,1801,2575.97,2026-07-04,PAID
5365,1285,4432.02,2026-06-19,PENDING
5366,1407,4036.22,2026-09-26,PAID
5367,1050,1266.14,2026-06-11,CANCELLED
5368,1656,2072.46,2026-05-04,PAID
5369,1650,836.21,2026-06-28,PENDING
5370,1433,2065.29,2026-03-26,PAID
5371,1963,3702.42,2026-08-12,PAID
5372,1005,3260.82,2026-02-27,PENDING
5373,1504,2168.54,2026-02-23,PENDING
5374,1903,2736.38,2026-02-10,PAID
5375,1844,4420.01,2026-08-09,PAID
5376,1368,1821.87,2026-03-19,PENDING
5377,1223,2466.41,2026-02-30,PAID
5378,1639,161.11,2026-07-30,PAID
5379,1413,616.62,2026-06-21,PAID
5380,1271,2938.05,2026-01-16,PAID
5381,1904,4543.65,2026-07-29,PAID
5382,1241,1719.97,2026-09-12,PENDING
5383,1941,3259.57,2026-06-07,PAID
5384,1962,2178.89,2026-09-16,PAID
5385,1890,2636.75,2026-01-31,PAID
5386,1643,2635.21,2026-01-08,PAID
5387,1537,443.74,2026-04-01,CANCELLED
5388,1414,4047.06,2026-08-18,PAID
5389,1981,4258.22,2026-01-09,PAID
5390,1178,3431.06,2026-06-16,PENDING
5391,1969,1433.83,2026-09-17,PAID
5392,1666,1005.12,2026-03-08,PAID
5393,1923,3783.36,2026-01-19,PAID
5394,1311,1171.49,2026-03-04,CANCELLED
5395,1626,1298.05,2026-01-21,PAID
5396,1787,2466.55,2026-01-22,PAID
5397,1666,2458.07,2026-02-04,PAID
5398,1878,2035.60,2026-09-02,CANCELLED
5399,1893,2587.31,2026-06-22,PENDING
5400,1599,1095.50,2026-07-10,PAID
5401,1874,1136.15,2026-05-17,PAID
5402,1132,3104.21,2026-05-15,PAID
5403,1096,451.22,2026-01-17,PENDING
5404,1989,225.91,2026-01-21,PAID
5405,1929,1949.87,2026-05-19,PENDING
5406,1870,1469.08,2026-04-07,PAID
5407,1406,3603.71,2026-03-21,PAID
5408,1635,151.03,2026-08-21,CANCELLED
5409,1402,591.57,2026-04-15,PAID
5410,1589,2533.30,2026-03-24,PAID
5411,1622,1626.95,2026-04-23,PAID
5412,1668,2490.52,2026-02-23,PENDING
5413,1943,2895.66,2026-07-23,PAID
5414,1233,2995.23,2026-09-15,PAID
5415,1744,2575.61,2026-02-23,PAID
5416,1665,2615.26,2026-06-17,PAID
5417,1879,4730.33,2026-03-21,PAID
5418,1991,3774.36,2026-07-25,PENDING
5419,1843,4258.44,2026-03-12,PAID
5420,1904,825.61,2026-09-04,CANCELLED
5421,1370,949.55,2026-03-13,PAID
5422,1838,4900.24,2026-07-05,PAID
5423,1397,110.87,2026-04-15,PENDING
5424,1559,4488.32,2026-02-03,PAID
5425,1754,672.96,2026-08-29,PAID
5426,1556,162.71,2026-09-21,CANCELLED
5427,1567,2286.47,2026-04-12,PAID
5428,1726,1226.58,2026-03-04,PENDING
5429,1410,322.97,2026-07-02,PAID
5430,1936,412.27,2026-02-13,PENDING
5431,1068,4212.34,2026-08-05,PENDING
5432,1668,911.89,2026-07-01,PAID
5433,1261,1705.74,2026-02-20,CANCELLED
5434,1954,7.55,2026-01-16,PAID
5435,1139,1237.23,2026-06-03,PAID
5436,1177,997.36,2026-08-22,PENDING
5437,1735,2360.69,2026-03-01,CANCELLED
5438,1930,4201.74,2026-06-18,PENDING
5439,1510,3740.04,2026-04-26,CANCELLED
5440,1994,3383.01,2026-03-27,PENDING
5441,1734,2054.43,2026-04-25,PAID
5442,1621,329.41,2026-04-11,PAID
5443,1108,1230.77,2026-01-20,PENDING
5444,1782,2257.87,2026-07-22,PAID
5445,1610,2114.08,2026-09-19,PAID
5446,1218,2662.50,2026-02-25,PENDING
5447,1318,375.79,2026-07-18,PAID
5448,1233,562.74,2026-08-18,PENDING
5449,1623,2139.57,2026-09-26,PAID
5450,1757,3569.04,2026-07-06,PENDING
5451,1672,617.94,2026-06-09,PAID
5452,1075,605.68,2026-04-13,CANCELLED
5453,1463,3471.18,2026-01-26,PAID
5454,1945,1870.07,2026-08-26,PAID
5455,1260,1251.76,2026-06-30,PAID
5456,1123,3340.99,2026-03-25,PAID
5457,1265,2971.78,2026-01-06,PAID
5458,1764,3599.38,2026-09-08,PAID
5459,1738,203.88,2026-04-14,PAID
5460,1519,662.64,2026-06-12,PENDING
5461,1116,943.86,2026-04-11,PAID
5462,1870,4370.60,2026-08-27,PENDING
5463,1330,4404.42,2026-01-20,PAID
5464,1720,1625.13,2026-08-17,PENDING
5465,1835,1319.99,2026-07-29,PAID
5466,1955,4478.71,2026-09-24,PAID
5467,1369,1856.96,2026-06-18,PAID
5468,1854,3831.09,2026-09-06,PAID
5469,1010,2814.18,2026-02-26,PAID
5470,1712,1462.65,2026-09-22,CANCELLED
5471,1147,4035.90,2026-05-12,PAID
5472,1900,3756.19,2026-05-08,PENDING
5473,1106,4703.93,2026-09-23,PAID
5474,1591,2607.28,2026-03-04,PAID
5475,1628,616.37,2026-03-28,CANCELLED
5476,1663,3543.15,2026-08-08,PENDING
5477,1452,1563.95,2026-06-22,PAID
5478,1887,3464.81,2026-08-07,PAID
5479,1877,1935.36,2026-01-26,PAID
5480,1212,3394.30,2026-05-20,PAID
5481,1454,4346.12,2026-09-08,PAID
5482,1815,587.58,2026-02-12,PAID
5483,1992,208.19,2026-01-30,PAID
5484,1875,3617.71,2026-03-29,PAID
5485,1218,1679.95,2026-09-17,CANCELLED
5486,1590,2457.03,2026-07-13,PAID
5487,1648,1875.53,2026-03-26,PAID
5488,1255,3609.11,2026-06-01,PAID
5489,1539,792.21,2026-06-10,PENDING
5490,1876,4245.18,2026-01-22,PENDING
5491,1692,1461.68,2026-01-06,PENDING
5492,1966,3358.93,2026-03-01,PAID
5493,1109,3995.01,2026-02-23,CANCELLED
5494,1618,2901.50,2026-07-11,PAID
5495,1037,2742.91,2026-06-07,PAID
5496,1098,19.79,2026-02-02,PAID
5497,1632,2016.53,2026-04-08,CANCELLED
5498,1871,954.19,2026-01-27,PAID
5499,1949,230.88,2026-08-26,PAID
5500,1593,1636.81,2026-01-13,PENDING
5501,1613,4724.64,2026-04-22,PAID
5502,1603,1285.60,2026-01-27,PAID
5503,1113,1539.86,2026-07-21,PAID
5504,1039,1053.79,2026-06-17,PENDING
5505,1540,901.80,2026-05-10,CANCELLED
5506,1244,4438.96,2026-07-05,PENDING
5507,1875,8.89,2026-05-02,PAID
5508,1528,2539.69,2026-07-26,PAID
5509,1889,1228.44,2026-03-16,PAID
5510,1204,4131.58,2026-05-16,CANCELLED
5511,1181,3962.41,2026-07-01,PENDING
5512,1623,914.08,2026-02-03,PAID
5513,1376,50.73,2026-07-30,PAID
5514,1408,501.61,2026-05-21,PAID
5515,1932,1924.07,2026-01-18,CANCELLED
5516,1283,4480.17,2026-02-08,PAID
5517,1316,2490.80,2026-03-10,PENDING
5518,1043,4750.31,2026-03-28,CANCELLED
5519,1448,304.20,2026-08-19,PAID
5520,1790,3570.00,2026-01-04,PAID
5521,1528,4624.57,2026-06-02,PENDING
5522,1571,3717.86,2026-01-22,PAID
5523,1460,3510.02,2026-05-25,PENDING
5524,1979,4407.96,2026-03-05,PENDING
5525,1347,3728.03,2026-06-07,PENDING
5526,1328,3592.05,2026-02-21,PAID
5527,1508,1353.99,2026-04-28,PENDING
5528,1856,2216.63,2026-09-03,PAID
5529,1476,3164.29,2026-07-06,PAID
5530,1629,2946.46,2026-05-04,PAID
5531,1638,247.59,2026-02-25,PAID
5532,1832,1180.87,2026-04-29,PENDING
5533,1390,4257.75,2026-03-22,PAID
5534,1243,1764.98,2026-02-16,PAID
5535,1471,104.15,2026-04-23,PAID
5536,1701,1775.25,2026-07-14,PAID
5537,1377,66.25,2026-01-27,PAID
5538,1251,713.95,2026-09-08,PAID
5539,1776,3419.82,2026-07-09,PAID
5540,1933,2468.19,2026-07-15,PAID
5541,1924,3125.64,2026-06-07,PAID
5542,1325,67.99,2026-04-01,PAID
5543,1948,211.49,2026-07-04,CANCELLED
5544,1671,4004.52,2026-03-29,PENDING
5545,1481,1210.43,2026-03-01,PAID
5546,1588,1596.74,2026-07-08,PAID
5547,1536,3151.16,2026-07-23,PAID
5548,1869,1123.76,2026-09-18,PAID
5549,1597,184.57,2026-01-22,PENDING
5550,1754,1801.52,2026-07-26,PAID
5551,1036,2932.89,2026-09-14,PAID
5552,1725,3550.11,2026-03-07,PAID
5553,1763,422.22,2026-06-04,PENDING
5554,1671,2784.00,2026-03-23,PAID
5555,1129,260.63,2026-09-05,PAID
5556,1118,2582.07,2026-05-24,PAID
5557,1007,87.94,2026-02-28,PAID
5558,1024,2537.72,2026-07-05,PAID
5559,1595,2093.32,2026-03-21,PAID
5560,1755,4247.81,2026-05-02,PENDING
5561,1361,1338.07,2026-02-08,PENDING
5562,1852,1509.19,2026-03-17,PAID
5563,1687,1768.21,2026-08-14,CANCELLED
5564,1150,2586.82,2026-04-16,PAID
5565,1941,3819.13,2026-07-08,CANCELLED
5566,1177,2885.40,2026-04-24,PENDING
5567,1652,2299.08,2026-05-26,PENDING
5568,1671,355.25,2026-07-10,CANCELLED
5569,1707,3982.37,2026-04-14,PAID
5570,1985,-2052.03,2026-02-26,PENDING
5571,1609,8.33,2026-08-12,PAID
5572,1539,3389.63,2026-05-22,PAID
5573,1383,2881.68,2026-01-19,PENDING
5574,1251,3831.86,2026-05-18,PAID
5575,1171,1854.59,2026-09-20,CANCELLED
5576,1430,1943.36,2026-05-04,PAID
5577,1829,3744.98,2026-02-22,CANCELLED
5578,1816,2329.84,2026-08-28,PENDING
5579,1836,1870.13,2026-01-12,PAID
5580,1144,2264.33,2026-02-10,PENDING
5581,1994,3399.11,2026-09-14,PAID
5582,1877,3532.60,2026-07-15,PAID
5583,1723,887.71,2026-04-17,PAID
5584,1322,4282.54,2026-05-01,PAID
5585,1377,1847.62,2026-04-15,PAID
5586,1891,799.49,2026-02-18,PAID
5587,1226,1232.64,2026-06-13,PENDING
5588,1499,2664.65,2026-09-07,PENDING
5589,1301,2237.35,2026-03-15,PENDING
5590,1127,3815.98,2026-07-19,PAID
5591,1050,2333.89,2026-07-30,PAID
5592,1143,4790.17,2026-02-30,PAID
5593,1920,4923.98,2026-04-21,PAID
5594,1458,3802.41,2026-04-27,PENDING
5595,1508,4940.66,2026-01-20,PENDING
5596,1606,2672.22,2026-03-25,CANCELLED
5597,1877,950.98,2026-04-29,PAID
5598,1045,3343.74,2026-05-07,PAID
5599,1344,2775.19,2026-04-28,PENDING
5600,1566,1068.42,2026/13/45,PENDING
5601,1870,1478.50,2026-08-16,PENDING
5602,1336,4945.42,2026-02-14,PAID
5603,1933,4765.58,2026-02-18,CANCELLED
5604,1043,2157.60,2026-06-23,CANCELLED
5605,1700,780.87,2026-08-30,PENDING
5606,1121,1117.06,2026-04-14,PAID
5607,1121,1488.99,2026-01-23,PENDING
5608,1760,3686.88,2026-01-31,CANCELLED
5609,1285,3423.05,2026-01-10,PAID
5610,1585,235.90,2026-02-05,PENDING
5611,1314,2991.13,2026-07-22,PAID
5612,1929,3650.49,2026-06-02,PAID
5613,1058,4796.50,2026-09-22,PAID
5614,1330,4235.27,2026-05-08,PAID
5615,1030,3384.56,2026-01-03,PAID
5616,1935,1655.23,2026-04-23,PENDING
5617,1708,92.73,2026-01-05,PENDING
5618,1792,2558.70,2026-08-10,PENDING
5619,1905,2572.34,2026-01-16,PENDING
5620,1605,1027.95,2026-01-10,PAID
5621,1699,1743.07,2026-04-26,PENDING
5622,1353,3166.33,2026-05-18,PAID
5623,1182,2936.48,2026-08-13,PENDING
5624,1345,1954.55,2026-04-19,CANCELLED
5625,1237,4103.23,2026-01-19,PAID
5626,1612,4879.54,2026-01-11,PENDING
5627,1358,3592.60,2026-04-04,PAID
5628,1050,528.96,2026-05-14,PAID
5629,1135,1169.14,2026-08-05,PAID
5630,1463,1905.74,2026-04-18,PAID
5631,1121,1004.17,2026-02-26,PAID
5632,1693,982.68,2026-08-07,PAID
5633,1359,4913.91,2026-05-11,CANCELLED
5634,1311,506.14,2026-01-14,PENDING
5635,1404,4133.38,2026-03-12,PENDING
5636,1294,1285.63,2026-06-10,PAID
5637,1305,4720.37,2026-09-11,CANCELLED
5638,1591,2465.54,2026-09-03,PENDING
5639,1159,900.55,2026-09-20,PENDING
5640,1555,908.98,2026-02-23,PENDING
5641,1377,4936.70,2026-02-03,PENDING
5642,1383,3308.40,2026-02-14,PENDING
5643,1552,4522.42,2026-08-13,PENDING
5644,1879,3732.67,2026-01-27,PAID
5645,1683,4324.05,2026-04-01,PENDING
5646,1863,313.57,2026-06-30,PAID
5647,1619,439.85,2026-07-11,PENDING
5648,1873,2764.94,2026-06-10,PAID
5649,1202,1883.05,2026-01-01,CANCELLED
5650,1341,4259.15,2026-09-04,PAID
5651,1576,3305.32,2026-05-18,PAID
5652,1516,2154.30,2026-06-06,PENDING
5653,1394,643.13,2026-01-15,CANCELLED
5654,1878,4344.65,2026-06-02,PAID
5655,1715,1461.27,2026-09-25,PENDING
5656,1916,929.45,2026-05-29,PAID
5657,1847,2378.49,2026-04-30,PAID
5658,1510,3311.02,2026-01-05,PAID
5659,1879,3277.56,2026-09-28,PAID
5660,1759,4206.14,2026-09-13,PAID
5661,1401,936.54,2026-05-28,PAID
5662,1200,2880.47,2026-09-27,PAID
5663,1654,906.26,2026-01-24,PENDING
5664,1451,3657.58,2026-02-17,PAID
5665,1618,3498.41,2026-05-26,PAID
5666,1340,2948.12,2026-05-05,PAID
5667,1501,2797.55,2026-05-20,PAID
5668,1110,2691.68,2026-06-12,PENDING
5669,1355,2487.29,2026-05-09,PAID
5670,1721,-2614.41,2026-08-19,PAID
5671,1947,3604.05,2026-05-07,UNKNOWN
5672,1430,4572.72,2026-04-28,CANCELLED
5673,1737,2514.13,2026-01-30,CANCELLED
5674,1152,120.68,2026-01-29,PAID
5675,1436,184.42,2026-04-15,PAID
5676,1664,3403.60,2026-09-07,PENDING
5677,1478,2299.89,2026-08-27,PAID
5678,1043,1269.00,2026-07-20,CANCELLED
5679,1042,4030.73,2026-05-21,PAID
5680,1531,4325.75,2026-08-14,PENDING
5681,1855,2102.63,2026-09-19,PENDING
5682,1512,3420.13,2026-03-21,PAID
5683,1329,4949.60,2026-04-06,PENDING
5684,1937,942.28,2026-05-20,PAID
5685,1039,1133.16,2026-01-18,CANCELLED
5686,1980,4162.36,2026-04-08,PAID
5687,1891,1090.36,2026-02-04,PAID
5688,1679,753.91,2026-09-01,PENDING
5689,1951,1756.35,2026-02-16,PAID
5690,1897,2358.58,2026-01-24,PENDING
5691,1028,3212.10,2026-02-24,CANCELLED
5692,1138,4573.01,2026-02-23,PAID
5693,1546,1453.94,2026-04-30,CANCELLED
5694,1049,4857.32,2026-06-10,PAID
5695,1354,3602.17,2026-06-18,PENDING
5696,1014,2545.12,2026-07-24,PAID
5697,1762,4134.33,2026-08-21,PAID
5698,1621,3203.91,2026-02-16,PAID
5699,1142,2709.99,2026-07-13,PAID
5700,1395,2175.72,2026-09-01,PAID
5701,1944,1751.94,2026-08-22,PENDING
5702,1116,3829.14,2026-02-10,PENDING
5703,1247,450.09,2026-03-21,PAID
5704,1175,4941.59,2026-03-01,PENDING
5705,1633,4417.11,2026-05-12,PAID
5706,1587,4780.66,2026-02-04,PAID
5707,1802,,2026-08-11,PAID
5708,1926,2170.90,2026-05-10,PAID
5709,1033,2662.71,2026-05-26,PENDING
5710,1765,450.99,2026-03-30,PAID
5711,1582,736.25,2026-03-15,PAID
5712,1857,3048.68,2026-07-15,PAID
5713,1411,1778.82,2026-02-23,CANCELLED
5714,1046,2511.07,2026-03-18,PENDING
5715,1907,3927.04,2026-02-25,PAID
5716,1583,4671.22,2026-02-10,PAID
5717,1052,3868.95,2026-04-30,PAID
5718,1628,3778.67,2026-09-23,PAID
5719,1225,3420.07,2026-02-18,PAID
5720,1380,4031.27,2026-02-07,PAID
5721,1482,4257.55,2026-09-06,PAID
5722,1784,3633.97,2026-09-20,PENDING
5723,1015,2459.33,2026-09-10,PAID
5724,1087,4472.61,2026-07-30,PAID
5725,1404,2554.28,2026-03-25,PAID
5726,1321,191.46,2026-09-26,PENDING
5727,1168,3269.96,2026-07-10,PENDING
5728,1984,4545.74,2026-02-01,PAID
5729,1781,1769.81,2026-09-23,PENDING
5730,1820,3729.67,2026-07-21,PAID
5731,1354,4884.72,2026-05-01,PAID
5732,1683,2644.34,2026-06-26,PENDING
5733,1370,1835.01,2026-02-09,PAID
5734,1941,1418.46,2026-02-09,PAID
5735,1860,1266.02,2026-02-14,PENDING
5736,1518,3435.42,2026-04-03,PAID
5737,1482,3370.41,2026-08-17,PAID
5738,1757,2600.02,2026-06-12,PENDING
5739,1913,2208.88,2026-09-24,PENDING
5740,1417,1314.02,2026-02-16,PAID
5741,1212,2333.87,2026-02-26,PAID
5742,1344,206.85,2026-01-01,PENDING
5743,1723,1543.76,2026-02-22,PAID
5744,1473,3072.16,2026-09-13,PAID
5745,1123,2507.75,2026-01-23,PENDING
5746,1600,1661.53,2026-07-15,PAID
5747,1461,1771.08,2026-09-26,PAID
5748,1399,1923.62,2026-08-01,PAID
5749,1300,4254.58,2026-06-23,PAID
5750,1096,391.36,2026-01-16,PENDING
5751,1450,3147.60,2026-09-14,PAID
5752,1662,2388.88,2026-07-03,PENDING
5753,1754,2153.83,2026-02-21,CANCELLED
5754,1503,748.22,2026-08-17,PAID
5755,1924,2140.33,2026-06-28,PAID
5756,1663,4121.15,2026-01-24,PAID
5757,1885,4772.89,2026-05-28,PENDING
5758,1746,981.62,2026-07-05,PAID
5759,1714,1778.69,2026-09-30,PAID
5760,1384,695.15,2026-08-20,PAID
5761,1332,2061.21,2026-09-16,PENDING
5762,1873,213.40,2026-03-10,PENDING
5763,1543,1942.01,2026-02-06,CANCELLED
5764,1282,1252.27,2026-02-15,PENDING
5765,1383,382.64,2026-05-20,PAID
5766,1003,4384.61,2026-06-09,PAID
5767,1525,3794.17,2026-04-27,PAID
5768,1968,734.86,2026-01-06,PAID
5769,1040,1947.40,2026-09-03,PAID
5770,1542,1992.57,2026-05-07,CANCELLED
5771,1562,1879.50,2026-09-20,PAID
5772,1852,4407.21,2026-01-25,CANCELLED
5773,1774,692.72,2026-05-26,PAID
5774,1680,3842.07,2026-04-13,PAID
5775,1086,4266.53,2026-07-22,PAID
5776,1245,2946.02,2026-04-22,PENDING
5777,1262,3150.57,2026-09-09,CANCELLED
5778,1971,4350.17,2026-02-22,PENDING
5779,1410,230.94,2026-05-14,PAID
5780,1364,3586.38,2026-03-19,PAID
5781,1011,3034.33,2026-06-02,PAID
5782,1386,2542.40,2026-01-17,PENDING
5783,1548,253.66,2026-06-13,PAID
5784,1657,4071.19,2026-07-11,CANCELLED
5785,1757,,2026-01-06,PAID
5786,1286,4147.10,2026-04-26,PAID
5787,1518,3666.00,2026-03-06,CANCELLED
5788,1879,19.82,2026-06-02,PAID
5789,1405,1305.95,2026-03-27,PAID
5790,1996,4359.34,2026-08-01,PAID
5791,1547,3763.65,2026-01-22,PENDING
5792,1565,3244.25,2026-02-14,PAID
5793,1536,2003.47,2026-07-01,CANCELLED
5794,1656,4258.39,2026-04-10,PAID
5795,1481,4556.96,2026-02-22,PAID
5796,1427,2376.39,2026-09-23,PENDING
5797,1760,4211.72,2026-03-09,PAID
5798,1634,2640.26,2026-04-27,PAID
5799,1675,4406.14,2026-05-10,PAID
5800,1614,3499.39,2026-04-02,PAID
5801,1210,4859.75,2026-02-18,PAID
5802,1970,3116.51,2026-03-14,PAID
5803,1714,2082.21,2026-03-25,CANCELLED
5804,1300,1034.89,2026-09-02,PAID
5805,1006,4799.25,2026-01-28,PAID
5806,1083,4375.54,2026-01-08,PAID
5807,1336,2579.33,2026-01-21,PAID
5808,1047,120.56,2026-06-18,PAID
5809,1808,845.23,2026-03-30,PENDING
5810,1354,1815.43,2026-04-06,PAID
5811,1441,2618.67,2026-05-20,PAID
5812,1968,3724.79,2026-04-10,PENDING
5813,1840,1958.90,2026-04-30,PAID
5814,1952,4997.42,2026-06-16,PAID
5815,1237,592.03,2026-05-20,PENDING
5816,1394,2210.90,2026-02-18,PAID
5817,1676,3311.07,2026-02-01,PAID
5818,1362,259.21,2026-01-30,PAID
5819,1635,3124.16,2026-02-01,PENDING
5820,1417,3228.63,2026-04-26,PENDING
5821,1417,1122.22,2026-06-14,PAID
5822,1228,2374.40,2026-08-31,PAID
5823,1431,3393.14,2026-07-03,PAID
5824,1429,947.80,2026-04-08,PAID
5825,1366,1500.69,2026-08-27,PENDING
5826,1660,3847.34,2026-08-21,CANCELLED
5827,1940,3728.12,2026-01-28,PAID
5828,1943,4375.78,2026-07-20,PAID
5829,1699,2578.94,2026-08-26,PAID
5830,1236,617.63,2026-01-13,PAID
5831,1553,650.21,2026-08-19,CANCELLED
5832,1468,3864.07,2026-01-03,PAID
5833,1087,883.77,2026-06-17,PENDING
5834,1129,2553.75,2026-08-20,PAID
5835,1982,302.92,2026-06-06,PENDING
5836,1896,4534.59,2026-01-22,PENDING
5837,1388,4897.17,2026-04-14,PAID
5838,1668,4431.74,2026-02-12,PENDING
5839,1010,263.08,2026-03-11,PAID
5840,1002,426.37,2026-08-15,PAID
5841,1927,182.82,2026-08-29,ERROR
5842,1992,2078.89,2026-08-01,PAID
5843,1690,2962.56,2026-06-20,PAID
5844,1084,1550.85,2026-06-18,PAID
5845,1563,1887.89,2026-06-18,PAID
5846,1219,4536.31,2026-05-11,PENDING
5847,1994,3653.82,2026-02-26,PAID
5848,1707,4622.59,2026-09-07,PENDING
5849,1563,3907.75,2026-02-23,PAID
5850,1812,4467.19,2026-02-07,PAID
5851,1205,4147.08,2026-03-22,PENDING
5852,1766,3115.06,2026-06-04,PENDING
5853,1379,3461.10,2026-03-13,PAID
5854,1153,2975.24,2026-07-11,PAID
5855,1838,850.24,2026-09-30,PAID
5856,1877,1858.34,2026-01-08,PENDING
5857,1622,4612.25,2026-03-17,PENDING
5858,1278,704.98,2026-06-11,CANCELLED
5859,1399,833.32,2026-09-29,PAID
5860,1133,299.11,2026-05-13,PAID
5861,1199,23.72,2026-02-13,PAID
5862,1849,285.63,2026-07-28,PAID
5863,1561,4692.43,2026-03-06,PAID
5864,1801,2118.56,2026-03-18,PAID
5865,1364,4600.00,2026-09-07,PENDING
5866,1128,1020.95,2026-01-19,PAID
5867,1774,896.09,2026-03-04,PAID
5868,1496,2296.94,2026-03-12,PENDING
5869,1199,1727.72,2026-06-04,PAID
5870,1897,1430.97,2026-01-08,PAID
5871,1144,2672.68,2026-09-01,PAID
5872,1108,2498.47,2026-04-02,PAID
5873,1425,2274.23,2026-05-23,PAID
5874,1599,2997.57,2026-09-19,CANCELLED
5875,1840,1138.34,2026-09-08,PAID
5876,1176,4206.86,2026-08-01,PENDING
5877,1691,607.07,2026-04-20,PAID
5878,1649,933.74,2026-08-08,CANCELLED
5879,1213,2371.66,2026-03-08,PAID
5880,1311,2978.34,2026-09-07,PENDING
5881,1920,1151.40,2026-09-10,PAID
5882,1874,4057.33,2026-08-16,CANCELLED
5883,1290,1690.24,2026-01-09,PAID
5884,1008,4810.68,2026-08-21,PAID
5885,1911,232.24,2026-03-08,CANCELLED
5886,1651,1278.33,2026-03-23,
5887,1818,4381.38,2026-05-08,PAID
5888,1192,2601.99,2026-03-07,PENDING
5889,1275,1452.83,2026-06-30,PAID
5890,1659,4807.35,2026-03-05,PAID
5891,1173,929.97,2026-01-07,PAID
5892,1340,987.13,2026-05-28,PENDING
5893,1328,458.52,2026-05-09,PENDING
5894,1984,3253.40,2026-07-24,PAID
5895,1227,4077.85,2026-02-17,PENDING
5896,1103,1775.75,2026-09-07,PENDING
5897,1807,3333.00,2026-06-27,PAID
5898,1665,2543.15,2026-06-13,PAID
5899,1015,657.92,2026-05-27,PENDING
5900,1621,1587.86,2026-07-02,CANCELLED
5901,1051,3851.92,2026-06-07,CANCELLED
5902,1748,372.80,2026-09-17,PAID
5903,1297,1163.73,2026-04-15,PAID
5904,1743,4216.94,2026-08-08,PAID
5905,1384,102.71,2026-08-03,PAID
5906,1301,2113.13,2026-08-02,PAID
5907,1045,4892.24,2026-06-01,PAID
5908,1346,4503.93,2026-09-17,PENDING
5909,1334,1189.06,2026-05-11,PAID
5910,1838,4631.54,2026-01-12,PAID
5911,1602,4693.34,2026-02-14,PENDING
5912,1277,4227.35,2026-09-23,CANCELLED
5913,1803,1562.65,2026-07-08,CANCELLED
5914,1274,2434.13,2026-06-14,CANCELLED
5915,1646,505.34,2026-04-10,PAID
5916,1170,3637.38,2026-03-21,PAID
5917,1282,4397.03,2026-09-13,PAID
5918,1796,4442.28,2026-01-28,PAID
5919,1361,2507.76,2026-02-07,PENDING
5920,1302,3931.56,2026-08-25,PENDING
5921,1363,1993.13,2026-03-28,PAID
5922,1596,4170.49,2026-05-26,CANCELLED
5923,1358,2178.53,2026-01-26,paid
5924,1829,3868.17,2026-05-14,PAID
5925,1476,2496.27,2026-07-18,PAID
5926,1299,815.13,2026-08-01,PAID
5927,1483,2465.41,2026-07-18,PAID
5928,1858,1839.80,2026-08-22,CANCELLED
5929,1825,3930.28,2026-08-18,PAID
5930,1723,4359.96,2026-06-12,PAID
5931,1218,3726.04,2026-05-17,PAID
5932,1150,-1308.47,2026-07-19,PAID
5933,1223,2975.72,2026-07-26,PENDING
5934,1755,3653.57,2026-01-04,PAID
5935,1604,2304.18,2026-07-12,PAID
5936,1669,4779.13,2026-05-07,CANCELLED
5937,1844,2081.62,2026-09-20,PAID
5938,1039,3968.92,2026-01-23,PAID
5939,1868,3486.84,2026-05-16,PENDING
5940,1040,1709.94,2026-06-06,PAID
5941,1841,2659.53,2026-01-20,PENDING
5942,1642,3648.78,2026-01-06,PAID
5943,1689,2140.55,2026-03-22,CANCELLED
5944,1392,1873.67,2026-02-11,PENDING
5945,1858,4982.46,2026-04-12,PENDING
5946,1542,1598.25,2026-08-19,PAID
5947,1802,4396.90,2026-01-27,PAID
5948,1118,1676.35,2026-06-04,PENDING
5949,1102,3449.18,2026-08-17,PAID
5950,1211,2610.00,2026-07-25,PAID
5951,1236,771.54,2026-01-20,PAID
5952,1705,3413.34,2026-06-10,PAID
5953,1164,2241.30,2026-04-09,PAID
5954,1621,3327.29,2026-06-11,PAID
5955,1410,1892.62,2026-04-03,PAID
5956,1857,170.64,2026-04-04,PENDING
5957,1056,4023.19,2026-03-03,PAID
5958,1902,2554.77,2026-05-14,PAID
5959,1319,1900.03,2026-07-09,CANCELLED
5960,1509,2885.94,2026-01-31,PAID
5961,1008,2702.28,2026-08-30,PAID
5962,1158,4696.52,2026-08-22,CANCELLED
5963,1509,3003.32,2026-05-10,PENDING
5964,1604,2508.31,2026-01-01,PAID
5965,1375,757.30,2026-08-05,PAID
5966,1220,4203.89,2026-05-05,PAID
5967,1916,4362.67,2026-01-12,CANCELLED
5968,1151,3574.73,2026-05-12,PAID
5969,1371,4281.20,2026-09-09,PENDING
5970,1490,-2790.85,2026-02-26,PAID
5971,1155,2778.45,2026-03-19,PAID
5972,1887,3756.33,2026-08-05,PAID
5973,1108,323.34,2026-06-28,CANCELLED
5974,1847,3761.21,2026-07-06,PAID
5975,1847,3904.94,2026-09-16,PENDING
5976,1500,2824.55,2026-01-12,CANCELLED
5977,1620,2919.10,2026-01-08,PAID
5978,1363,3842.37,2026-03-31,PENDING
5979,1033,1511.16,2026-07-03,PENDING
5980,1806,4927.16,2026-07-23,PAID
5981,1935,2972.73,2026-08-08,PENDING
5982,1807,100.57,2026-09-13,PENDING
5983,1484,1472.68,2026-08-30,PENDING
5984,1865,1846.56,2026-04-22,PAID
5985,1509,1098.50,2026-04-15,PAID
5986,1731,3413.03,2026-06-13,PAID
5987,1092,3785.85,2026-08-14,PAID
5988,1608,1606.61,2026-02-15,PAID
5989,1170,3370.86,2026-08-29,PAID
5990,1766,2705.62,2026-02-26,PAID
5991,1722,3248.59,2026-03-26,PAID
5992,1168,694.73,2026-07-08,PAID
5993,1921,3574.96,2026-07-31,CANCELLED
5994,1974,1739.22,2026-09-16,PAID
5995,1309,4586.54,2026-07-29,PENDING
5996,1401,828.67,2026-03-26,PAID
5997,1956,3321.28,2026-06-21,PAID
5998,1926,3590.89,2026-02-25,PENDING
5999,1361,4331.18,2026-09-18,PAID
6000,1467,1875.10,2026-01-19,PENDING
6001,1456,4730.03,2026-06-24,PAID
6002,1408,3180.72,2026-08-27,PAID
6003,1209,2793.93,2026-06-18,PAID
6004,1028,4976.20,2026-08-15,PAID
6005,1850,3714.15,2026-08-08,PENDING
6006,1627,404.82,2026-08-16,PENDING
6007,1168,1892.27,2026-03-04,CANCELLED
6008,1349,4651.03,2026-05-25,PAID
6009,1487,1301.70,2026-07-02,PAID
6010,1284,1975.34,2026-04-29,PENDING
6011,1051,14.57,2026-04-28,PAID
6012,1876,820.03,2026-06-22,PAID
6013,1093,3601.83,2026-01-07,PAID
6014,1225,3910.25,2026-02-22,PENDING
6015,1580,3028.91,2026-02-19,PAID
6016,1885,2853.14,2026-05-13,PAID
6017,1711,1983.14,2026-01-18,PENDING
6018,1240,1849.00,2026-01-26,PAID
6019,1562,1001.76,2026-03-19,PAID
6020,1685,3196.86,2026-06-13,PAID
6021,1903,405.14,2026-08-16,PAID
6022,1433,3354.58,2026-05-11,PAID
6023,1601,3805.86,2026-08-06,PAID
6024,1211,4382.25,2026-02-15,PENDING
6025,1393,2075.06,2026-09-22,PENDING
6026,1739,3117.21,2026-06-08,PAID
6027,1230,2626.46,2026-07-24,PAID
6028,1484,3325.56,2026-05-28,PAID
6029,1364,2828.06,2026-09-18,PENDING
6030,1853,2384.12,2026-08-26,PENDING
6031,1050,2169.63,2026-09-09,PAID
6032,1866,3870.48,2026-04-01,PAID
6033,1705,1219.81,2026-09-12,PAID
6034,1787,4259.45,2026-06-22,PAID
6035,1419,3476.90,2026-06-29,CANCELLED
6036,1080,3526.48,2026-05-03,PAID
6037,1246,4162.13,2026-05-24,PENDING
6038,1851,1607.34,2026-07-21,PAID
6039,1466,2608.23,2026-07-29,PAID
6040,1480,2879.51,2026-01-19,PAID
6041,1121,615.82,2026-01-13,PAID
6042,1330,2176.32,2026-01-14,PENDING
6043,1966,3706.89,2026-05-11,CANCELLED
6044,1824,4610.98,2026-03-08,CANCELLED
6045,1930,1426.84,2026-03-30,PAID
6046,1284,3148.80,2026-05-20,PAID
6047,1123,692.96,2026-01-27,PAID
6048,1955,1396.29,2026-06-24,PENDING
6049,1551,1894.63,2026-08-01,PAID
6050,1378,3177.92,2026-09-04,CANCELLED
6051,1941,341.08,2026-03-07,PENDING
6052,1637,884.45,2026-04-30,CANCELLED
6053,1511,1838.94,2026-07-05,PAID
6054,1698,4519.04,2026-03-11,PAID
6055,1949,2472.22,2026-02-14,PENDING
6056,1196,1639.34,2026-03-27,PAID
6057,1748,4216.76,2026-03-31,PENDING
6058,1503,1693.04,2026-08-06,PAID
6059,1996,781.61,2026-05-23,PAID
6060,1475,2100.49,2026-08-20,PAID
6061,1075,2307.00,2026-03-07,PAID
6062,1710,3250.42,2026-09-06,PAID
6063,1106,2883.91,2026-07-23,CANCELLED
6064,1556,3229.34,2026-08-30,PAID
6065,1592,3736.56,2026-04-09,PAID
6066,1926,4569.10,2026-07-31,PAID
6067,1512,1064.76,2026-05-03,PAID
6068,1744,4307.05,2026-04-16,PAID
6069,1749,4088.18,2026-07-26,PAID
6070,1362,2548.75,2026-03-13,PENDING
6071,1818,2069.14,2026-01-05,PENDING
6072,1091,3728.38,2026-04-15,PAID
6073,1357,3005.86,2026-09-27,PAID
6074,1360,1139.28,2026-08-31,PAID
6075,1248,784.61,2026-09-29,PAID
6076,1757,4074.78,2026-05-26,PAID
6077,1795,4333.11,2026-06-27,PAID
6078,1364,879.47,2026-06-18,PAID
6079,1766,1260.79,2026-05-22,PAID
6080,1232,1602.71,2026-06-05,PENDING
6081,1511,60.82,2026-09-06,PENDING
6082,1223,2129.85,2026-09-18,PAID
6083,1754,2789.70,2026-06-19,CANCELLED
6084,1592,3797.87,2026-05-29,PAID
6085,1017,4354.75,2026-02-23,PAID
6086,1298,1047.05,2026-08-25,CANCELLED
6087,1099,3453.75,2026-04-14,PAID
6088,1610,1895.19,2026-04-16,PAID
6089,1354,585.96,2026-08-20,PAID
6090,1756,2344.17,2026-07-26,PAID
6091,1567,3469.30,2026-09-21,PENDING
6092,1340,106.89,2026-06-04,PENDING
6093,1071,1068.76,2026-08-04,PENDING
6094,1508,3057.67,2026-01-07,PAID
6095,1488,4461.20,2026-01-14,PAID
6096,1984,4148.05,2026-08-31,PENDING
6097,1882,390.15,2026-02-11,PAID
6098,1438,1337.36,2026-07-22,CANCELLED
6099,1987,1683.37,2026-04-21,PENDING
6100,1030,4650.44,2026-05-19,PAID
6101,1180,4369.04,2026-06-28,PAID
6102,1722,4394.83,2026-09-08,PENDING
6103,1183,4509.81,2026-02-10,PAID
6104,1873,2561.09,2026-05-22,PENDING
6105,1231,2013.44,2026-07-04,PAID
6106,1228,2424.03,2026-01-07,CANCELLED
6107,1175,2107.26,2026-06-05,PAID
6108,1790,4312.48,2026-03-02,PAID
6109,1613,4377.80,2026-03-14,PAID
6110,1977,3888.15,2026-05-30,PAID
6111,1579,,2026-09-10,CANCELLED
6112,1414,4625.38,2026-01-21,PAID
6113,1523,4292.80,2026-02-14,PENDING
6114,1309,164.16,2026-02-26,PAID
6115,1598,4717.09,2026-07-18,PAID
6116,1999,1703.52,2026-02-19,PENDING
6117,1538,3483.36,2026-08-08,PENDING
6118,1959,1618.40,2026-04-12,PAID
6119,1182,2046.41,2026-03-07,PAID
6120,1278,4798.67,2026-05-11,PENDING
6121,1112,2646.06,2026-04-29,PENDING
6122,1365,1176.92,2026-05-08,PAID
6123,1242,2457.15,2026-05-25,PAID
6124,1430,4682.31,2026-01-02,PAID
6125,1359,1555.94,2026-05-01,PENDING
6126,1209,3529.94,2026-06-30,PENDING
6127,1588,4333.72,2026-03-01,PAID
6128,1945,4453.28,2026-03-08,PAID
6129,1491,2702.79,2026-06-24,PAID
6130,1912,2322.45,2026-07-22,PAID
6131,1519,3075.60,2026-09-22,PENDING
6132,1627,4152.90,2026-09-27,PENDING
6133,1833,2332.75,2026-08-14,PAID
6134,1024,1143.06,2026-06-18,PENDING
6135,1825,916.36,2026-02-16,PAID
6136,1450,3779.94,2026-06-24,PAID
6137,1735,373.70,2026-01-02,PAID
6138,1886,4695.46,2026-08-09,CANCELLED
6139,1431,304.51,2026-01-15,PAID
6140,1933,1220.99,2026-05-31,PENDING
6141,1291,1329.29,2026-03-19,PAID
6142,1466,739.24,2026-08-02,PAID
6143,1340,3541.60,2026-06-24,PENDING
6144,1969,1457.09,2026-01-08,PAID
6145,1631,748.08,2026-04-12,CANCELLED
6146,1388,1166.81,2026-04-08,PENDING
6147,1438,2775.38,2026-06-06,PENDING
6148,1028,2133.42,2026-03-13,PENDING
6149,1365,4483.82,2026-09-04,PAID
6150,1784,2624.19,2026-07-08,PAID
6151,1143,1179.87,2026-07-01,PAID
6152,1570,556.34,2026-01-05,PAID
6153,1969,395.44,2026-02-18,PAID
6154,1833,260.44,2026-02-11,PAID
6155,1395,4773.19,2026-07-14,PAID
6156,1538,3752.50,2026-02-20,PENDING
6157,1202,2666.78,2026-05-04,PENDING
6158,1500,4425.31,2026-04-20,PAID
6159,1231,975.25,2026-09-23,PAID
6160,1198,1927.00,2026-04-19,PENDING
6161,1289,1254.58,2026-04-14,PAID
6162,1500,2854.37,2026-07-10,PENDING
6163,1362,4786.60,2026-01-20,PAID
6164,1881,2326.89,2026-03-15,PAID
6165,1257,3165.70,2026-06-16,PAID
6166,1037,2213.73,2026-07-08,PAID
6167,1001,2528.56,2026-08-18,PENDING
6168,1759,4428.70,2026-01-06,CANCELLED
6169,1817,543.73,2026-01-30,PAID
6170,1326,4338.91,2026-05-13,CANCELLED
6171,1283,4512.06,2026-03-16,PAID
6172,1026,4241.09,2026-04-17,PAID
6173,1444,4944.99,2026-07-27,PAID
6174,1045,1271.83,2026-01-08,PAID
6175,1085,4037.15,2026-07-31,PAID
6176,1636,2241.58,2026-08-11,PAID
6177,1363,954.96,2026-05-17,PAID
6178,1909,3686.39,2026-03-27,PAID
6179,1747,4778.25,2026-09-23,PAID
6180,1329,833.65,2026-04-11,CANCELLED
6181,1484,2386.77,2026-01-22,PAID
6182,1819,214.36,2026-09-07,PAID
6183,1578,2118.93,2026-09-01,PAID
6184,1117,2929.58,2026-01-13,PAID
6185,1516,4193.11,2026-06-16,CANCELLED
6186,1037,4944.82,2026-08-25,PENDING
6187,1837,2947.54,2026-07-02,CANCELLED
6188,1273,1063.28,2026-03-28,PAID
6189,1601,3881.68,2026-05-28,PENDING
6190,1438,1658.47,2026-09-09,PENDING
6191,1076,437.66,2026-04-16,PAID
6192,1637,857.55,2026-07-04,PAID
6193,1930,4572.51,2026-09-18,PENDING
6194,1040,709.21,2026-01-03,PENDING
6195,1725,1794.17,2026-05-12,PAID
6196,1725,4145.59,2026-01-22,PAID
6197,1947,1752.23,2026-09-07,CANCELLED
6198,1599,1194.76,2026-01-29,PAID
6199,1913,4467.33,2026-08-23,PAID
6200,1727,4287.04,2026-08-24,paid
6201,1778,1198.35,2026-05-04,PENDING
6202,1653,2433.79,2026-05-19,PAID
6203,1567,2568.52,2026-08-03,PENDING
6204,1316,3435.96,2026-08-29,PAID
6205,1612,326.78,2026-01-04,PAID
6206,1061,3913.01,2026-01-09,PAID
6207,1317,4251.54,2026-03-26,PAID
6208,1041,645.14,2026-06-19,PAID
6209,1986,4674.41,2026-01-22,PAID
6210,1877,3396.60,2026-02-27,PAID
6211,1614,463.06,2026-07-27,PENDING
6212,1773,3729.30,2026-02-13,PAID
6213,1503,1664.41,2026-03-23,PENDING
6214,1901,2978.85,2026-03-22,PAID
6215,1343,4475.81,2026-07-17,PAID
6216,1147,4625.57,2026-01-22,PAID
6217,1282,3423.29,2026-09-21,PAID
6218,1310,4681.92,2026-05-30,CANCELLED
6219,1761,364.58,2026-05-21,PAID
6220,1938,31.20,2026-08-11,PAID
6221,1756,493.30,2026-03-06,CANCELLED
6222,1780,1685.54,2026-04-09,PENDING
6223,1552,485.60,2026-07-21,PAID
6224,1341,4534.77,2026-05-01,PAID
6225,1829,2865.19,2026-09-12,CANCELLED
6226,1687,967.36,2026-06-08,PAID
6227,1655,1244.83,2026-06-27,PENDING
6228,1482,1499.23,2026-08-20,PAID
6229,1316,4968.91,2026-03-06,PAID
6230,1525,2242.06,2026-01-16,PAID
6231,1065,3895.16,2026-08-21,PENDING
6232,1320,1777.55,2026-02-07,PAID
6233,1161,967.74,2026-05-25,PENDING
6234,1144,1836.29,2026-08-21,PENDING
6235,1604,1707.33,2026-02-18,CANCELLED
6236,1642,2532.96,2026-02-22,PAID
6237,1275,42.96,2026-07-14,PAID
6238,1853,986.28,2026-07-25,PAID
6239,1255,2895.81,2026-05-12,PENDING
6240,1530,597.84,2026-04-15,PAID
6241,1073,4265.60,2026-09-30,PAID
6242,1846,1791.00,2026-08-23,PAID
6243,1757,1536.33,2026-02-27,PAID
6244,1950,4841.62,2026-02-27,PAID
6245,1407,4059.19,2026-09-13,PENDING
6246,1237,2506.07,2026-04-20,PAID
6247,1969,4154.61,2026-04-26,PAID
6248,1981,4155.48,2026-01-25,PAID
6249,1911,1991.96,2026-09-12,PAID
6250,1834,3819.85,2026-03-09,PAID
6251,1019,1762.10,2026-09-17,PAID
6252,1827,631.15,2026-09-16,PAID
6253,1777,555.70,2026-02-22,PAID
6254,1627,4309.63,2026-06-09,PENDING
6255,1297,4576.67,2026-08-16,PAID
6256,1022,609.57,2026-05-03,PAID
6257,1408,298.13,2026-06-27,PAID
6258,1590,3589.49,2026-05-17,PAID
6259,1253,3721.72,2026-01-20,PENDING
6260,1750,121.80,2026-02-28,PAID
6261,1006,684.74,2026-05-05,PAID
6262,1506,2594.84,2026-07-28,PAID
6263,1492,111.46,2026-02-04,CANCELLED
6264,1557,1978.19,2026-07-09,CANCELLED
6265,1792,2341.90,2026-09-17,PAID
6266,1283,4628.80,2026-09-18,PENDING
6267,1352,2506.76,2026-02-08,PAID
6268,1745,-2667.89,2026-08-12,PAID
6269,1379,1251.02,2026-03-06,PAID
6270,1962,473.20,2026-08-23,CANCELLED
6271,1914,1209.35,2026-02-26,PAID
6272,1693,1791.19,2026-09-08,PAID
6273,1541,1714.69,2026-05-20,PAID
6274,1415,1979.76,2026-01-25,PENDING
6275,1580,867.74,2026-05-01,PAID
6276,1987,4428.73,2026-03-20,PAID
6277,1816,1033.19,2026-06-18,PAID
6278,1438,425.55,2026-07-28,PAID
6279,1277,4271.67,2026-08-21,PAID
6280,1768,590.51,2026-09-18,PAID
6281,1223,3009.84,2026-09-20,PAID
6282,1772,4761.14,2026-07-05,PAID
6283,1906,1896.31,2026-02-23,PAID
6284,1847,356.38,2026-06-27,PAID
6285,1420,1543.77,2026-08-02,PENDING
6286,1314,1880.27,2026-06-05,PAID
6287,1252,4602.46,2026-02-19,CANCELLED
6288,1446,1422.53,2026-07-29,PAID
6289,1601,3941.81,2026-06-05,PAID
6290,1550,400.14,2026-03-13,PAID
6291,1646,2522.00,2026-01-31,
6292,1147,4037.66,2026-09-06,PENDING
6293,1291,1357.90,2026/13/45,PENDING
6294,1416,2722.89,2026-03-07,PAID
6295,1854,2171.71,2026-06-30,PAID
6296,1317,3404.34,2026-01-22,CANCELLED
6297,1619,3641.50,2026-03-01,PENDING
6298,1542,4745.29,2026-04-13,PAID
6299,1992,3070.70,2026-01-27,PAID
6300,1471,2845.45,2026-01-05,PAID
6301,1116,4268.95,2026-01-29,PAID
6302,1273,1445.94,2026-06-09,PENDING
6303,1280,643.92,2026-03-01,PAID
6304,1765,2232.90,2026-01-18,PAID
6305,1567,792.56,2026-01-23,PENDING
6306,1926,4561.70,2026-05-08,PENDING
6307,1793,4871.18,2026-02-19,PAID
6308,1337,3463.88,2026-03-31,CANCELLED
6309,1161,2294.02,2026-06-08,PAID
6310,1500,649.37,2026-03-09,CANCELLED
6311,1693,3618.82,2026-02-01,PENDING
6312,1566,1919.61,2026-01-19,CANCELLED
6313,1123,2942.21,2026-05-31,CANCELLED
6314,1443,1786.98,2026-06-02,CANCELLED
6315,1099,4436.73,2026-01-28,PENDING
6316,1014,2838.45,2026-04-14,PAID
6317,1372,4465.39,2026-02-16,PAID
6318,1539,3759.63,2026-07-17,PENDING
6319,1611,1035.53,2026-05-12,PAID
6320,1992,4462.31,2026-02-14,PAID
6321,1647,64.53,2026-05-30,PAID
6322,1278,2186.81,2026-03-27,PAID
6323,1524,651.97,2026-03-09,CANCELLED
6324,1471,3699.93,2026-05-15,PAID
6325,1631,1794.09,2026-06-20,PAID
6326,1597,3814.32,2026-01-29,PAID
6327,1186,4134.13,2026-01-08,PAID
6328,1537,4417.04,2026-07-20,PENDING
6329,1932,4521.42,2026-03-07,CANCELLED
6330,1406,1900.25,2026-09-10,PAID
6331,1969,3596.94,2026-08-25,PAID
6332,1048,4468.92,2026-05-29,PAID
6333,1834,3916.06,2026-06-20,PAID
6334,1361,4257.70,2026-09-05,PAID
6335,1116,1338.84,2026-01-27,PENDING
6336,1499,589.17,2026-04-06,PAID
6337,1704,1709.58,2026-02-05,PAID
6338,1848,4603.09,2026-03-07,PAID
6339,1551,1673.44,2026-08-25,PAID
6340,1505,3981.46,2026-03-18,PAID
6341,1508,1910.63,2026-04-01,PENDING
6342,1629,4299.90,2026-04-05,PENDING
6343,1519,2618.01,2026-02-26,PENDING
6344,1608,789.70,2026-07-02,PAID
6345,1684,3497.80,2026-09-18,PAID
6346,1682,3082.61,2026-08-31,PAID
6347,1292,4965.11,2026-06-23,PAID
6348,1368,1611.11,2026-09-11,PAID
6349,1058,543.12,2026-06-27,CANCELLED
6350,1154,118.36,2026-03-13,PAID
6351,1635,1765.89,2026-06-20,PENDING
6352,1248,1586.16,2026-09-06,PAID
6353,1695,66.53,2026-08-11,PENDING
6354,1494,1401.74,2026-08-04,PAID
6355,1436,2011.91,2026-07-02,PENDING
6356,1968,4205.46,2026-07-02,PAID
6357,1834,279.42,2026-09-27,PAID
6358,1730,3449.61,2026-01-09,PENDING
6359,1669,4056.65,2026-06-29,PAID
6360,1644,4110.55,2026-08-20,PAID
6361,1279,1991.25,2026-02-22,PENDING
6362,1910,3877.13,2026-01-09,PAID
6363,1183,1335.05,2026-06-02,PENDING
6364,1240,261.23,2026-02-26,PENDING
6365,1709,4091.62,2026-06-19,PENDING
6366,1408,2582.91,2026-09-14,PAID
6367,1448,2593.36,2026-03-13,PAID
6368,1836,3819.54,2026-07-26,PAID
6369,1327,225.37,2026-03-15,PAID
6370,1153,3868.61,2026-08-20,PAID
6371,1883,4944.89,2026-01-10,PAID
6372,1197,2163.04,2026-01-17,PAID
6373,1268,374.71,2026-08-30,PAID
6374,1189,4544.04,2026-08-31,PENDING
6375,1560,477.47,2026-04-05,PAID
6376,1745,4717.68,2026-03-11,PAID
6377,1411,2569.95,2026-05-26,PAID
6378,1440,614.45,2026-05-26,PAID
6379,1331,4929.82,2026-07-03,PAID
6380,1493,4941.55,2026-03-06,PENDING
6381,1818,4270.95,2026-06-20,PENDING
6382,1731,706.66,2026-07-08,PAID
6383,1188,4004.08,2026-04-24,PAID
6384,1581,2649.66,2026-06-22,PAID
6385,1455,2669.71,2026-06-16,PAID
6386,1381,4979.00,2026-09-13,PAID
6387,1911,1162.12,2026-05-06,PAID
6388,1221,,2026-08-30,PAID
6389,1853,3667.36,2026-02-07,PENDING
6390,1067,2188.44,2026-06-29,PENDING
6391,1228,3483.20,2026-03-21,PENDING
6392,1546,1734.56,2026-01-07,PAID
6393,1193,1832.25,2026-04-09,PAID
6394,1126,3067.41,2026-06-22,PENDING
6395,1045,2665.74,2026-02-17,PAID
6396,1116,3108.49,2026-03-18,PAID
6397,1556,3256.97,2026-02-17,PAID
6398,1843,3416.90,2026-06-18,PAID
6399,1815,150.61,2026-05-22,PAID
6400,1090,1303.48,2026-02-22,PAID
6401,1353,4755.97,2026-03-29,CANCELLED
6402,1082,536.18,2026-08-27,PAID
6403,1685,767.30,2026-04-13,PENDING
6404,1898,1974.85,2026-06-02,PENDING
6405,1154,261.56,2026-01-17,PAID
6406,1767,281.22,2026-08-24,PAID
6407,1995,2001.43,2026-02-12,PENDING
6408,1380,4769.23,2026-07-13,PAID
6409,1879,2221.71,2026-05-04,CANCELLED
6410,1402,208.33,2026-01-18,PAID
6411,1928,1688.42,2026-06-16,PAID
6412,1944,4136.47,2026-01-01,PAID
6413,1171,2977.82,2026-04-19,PAID
6414,1193,4636.40,2026-03-30,PAID
6415,1439,2017.09,2026-03-23,PENDING
6416,1627,3148.20,2026-07-05,PAID
6417,1936,2298.69,2026-02-20,PENDING
6418,1249,4502.27,2026-01-09,PENDING
6419,1096,2364.02,2026-03-10,PAID
6420,1691,831.67,2026-08-31,PAID
6421,1521,1206.24,2026-05-28,PAID
6422,1797,-4905.00,2026-07-06,PAID
6423,1138,1241.01,2026-08-13,PENDING
6424,1315,4128.74,2026-06-04,PAID
6425,1986,1694.27,2026-05-29,PENDING
6426,1620,71.42,2026-08-27,CANCELLED
6427,1044,3625.13,2026-04-04,CANCELLED
6428,1298,4885.91,2026-05-18,PAID
6429,1539,2286.52,2026-08-20,PAID
6430,1303,2713.78,2026-03-03,CANCELLED
6431,1512,430.18,2026-08-18,CANCELLED
6432,1751,1580.13,2026-05-18,PENDING
6433,1745,3129.47,2026-08-18,PAID
6434,1435,1074.52,2026-07-30,PAID
6435,1827,2661.59,2026-01-22,PAID
6436,1992,2531.18,2026-07-10,CANCELLED
6437,1716,4590.38,2026-09-14,PAID
6438,1527,815.29,2026-07-02,PAID
6439,1404,4386.60,2026-04-07,PAID
6440,1327,2598.27,2026-02-14,PAID
6441,1447,1582.23,2026-09-26,PAID
6442,1351,3043.10,2026-06-14,PAID
6443,1492,3517.05,2026-08-06,PAID
6444,1964,1050.93,2026-08-10,PAID
6445,1301,1924.07,2026-07-19,CANCELLED
6446,1519,402.36,2026-06-28,PAID
6447,1674,3058.62,2026-03-08,PAID
6448,1260,232.35,2026-04-06,PAID
6449,1671,4832.21,2026-01-18,PENDING
6450,1995,1790.56,2026-09-12,PAID
6451,1959,4861.80,2026-01-28,PAID
6452,1279,1833.86,2026-09-26,CANCELLED
6453,1122,3912.08,2026-06-10,PENDING
6454,1480,2598.52,2026-08-13,PENDING
6455,1858,3529.93,2026-07-14,PENDING
6456,1260,2638.53,2026-03-04,CANCELLED
6457,1840,1780.65,2026-09-02,PENDING
6458,1244,65.11,2026-09-15,PAID
6459,1636,4786.79,2026-07-21,PAID
6460,1514,3924.16,2026-07-13,PAID
6461,1219,2049.17,2026-07-15,PAID
6462,1657,1992.31,2026-04-12,PAID
6463,1425,1556.62,2026-03-31,PAID
6464,1293,4809.98,2026-05-29,CANCELLED
6465,1264,4890.04,2026-02-25,PAID
6466,1773,1485.46,2026-05-07,PAID
6467,1402,4607.37,2026-01-31,PAID
6468,1736,1298.44,2026-03-19,PAID
6469,1155,3025.83,2026-02-15,PENDING
6470,1057,1812.99,2026-01-06,PAID
6471,1567,3899.19,2026-02-16,PAID
6472,1462,4641.10,2026-04-06,PAID
6473,1634,4548.80,2026-05-10,PAID
6474,1622,3315.80,2026-08-01,PAID
6475,1428,809.19,2026-06-16,PAID
6476,1193,4542.64,2026-07-27,PAID
6477,1095,1167.67,2026-07-03,PAID
6478,1441,3684.20,2026-02-24,CANCELLED
6479,1838,4334.32,2026-05-20,PENDING
6480,1653,3309.55,2026-01-27,PENDING
6481,1790,1799.35,2026-08-17,PAID
6482,1721,4077.05,2026-07-21,CANCELLED
6483,1640,1311.13,2026-07-25,PAID
6484,1496,149.07,2026-01-13,CANCELLED
6485,1469,1779.96,2026-01-06,PAID
6486,1411,4104.23,2026-07-02,PENDING
6487,1481,43.32,2026-05-27,PENDING
6488,1607,68.18,2026-07-14,PAID
6489,1107,4123.28,2026-08-13,PAID
6490,1919,4609.85,2026-09-12,PAID
6491,1695,1067.13,2026-01-06,PENDING
6492,1756,3058.45,2026-04-24,PAID
6493,1647,1200.50,2026-02-27,PAID
6494,1895,2192.17,2026-08-04,PAID
6495,1726,1826.76,2026-06-25,PENDING
6496,1281,1127.30,2026-07-20,PAID
6497,1164,,2026-05-13,PAID
6498,1921,3280.34,2026-01-15,PAID
6499,1148,4070.87,2026-02-12,PAID
6500,1540,4242.90,2026-04-23,PAID
6501,1745,128.82,2026-03-19,PAID
6502,1750,306.25,2026-05-01,PENDING
6503,1149,643.48,2026-03-08,PENDING
6504,1834,4245.27,2026-05-13,PENDING
6505,1046,19.23,2026-08-19,PENDING
6506,1135,884.89,2026-04-24,PENDING
6507,1195,3414.95,2026-05-09,PAID
6508,1592,4003.53,2026-09-01,PENDING
6509,1307,575.08,2026-07-28,CANCELLED
6510,1047,2654.88,2026-02-10,PENDING
6511,1081,1245.47,2026-04-13,PAID
6512,1308,454.10,2026-07-08,PAID
6513,1198,970.04,2026-02-28,PAID
6514,1956,1777.98,2026-09-24,PAID
6515,1410,4664.41,2026-08-21,CANCELLED
6516,1435,2339.18,2026-09-03,PAID
6517,1509,4963.34,2026-03-09,PENDING
6518,1441,1907.98,2026-07-31,PAID
6519,1007,3768.34,2026-01-21,PENDING
6520,1447,4534.34,2026-02-04,CANCELLED
6521,1763,2809.28,2026-07-10,PAID
6522,1678,3769.82,2026-09-06,PENDING
6523,1051,3366.14,2026-09-20,CANCELLED
6524,1035,2580.60,2026-03-20,PENDING
6525,1644,4056.96,2026-05-14,PAID
6526,1656,1445.30,2026-07-19,PENDING
6527,1716,1471.79,2026-07-17,PENDING
6528,1665,4280.17,2026-02-08,PAID
6529,1690,2241.12,2026-08-21,PENDING
6530,1134,797.32,2026-05-09,PAID
6531,1419,1752.74,2026-02-10,PAID
6532,1307,1986.51,2026-08-09,PAID
6533,1632,4961.65,2026-06-11,PAID
6534,1530,4226.03,2026-04-03,PAID
6535,1404,2171.94,2026-09-03,PAID
6536,1398,3721.50,2026-06-25,PAID
6537,1973,1655.14,2026-04-13,PAID
6538,1011,1816.62,2026-05-13,PAID
6539,1223,2503.02,2026-03-29,PAID
6540,1702,2609.94,2026-01-26,PAID
6541,1740,2767.62,2026-07-04,PAID
6542,1943,4071.99,2026-09-01,PAID
6543,1323,4594.27,2026-06-05,PAID
6544,1890,4291.50,2026-04-26,PAID
6545,1384,151.27,2026-01-24,PAID
6546,1158,4442.86,2026-04-22,PENDING
6547,1222,3741.82,2026-05-12,CANCELLED
6548,1967,8.57,2026-07-01,PAID
6549,1569,1668.43,2026-09-21,PENDING
6550,1525,4591.62,2026-01-04,PENDING
6551,1525,1373.33,2026-03-17,PENDING
6552,1631,3699.67,2026-04-28,PAID
6553,1731,1242.91,2026-01-11,PENDING
6554,1605,4041.25,2026-07-08,CANCELLED
6555,1981,1072.14,2026-08-22,PAID
6556,1977,4732.81,2026-02-09,PAID
6557,1076,4146.94,2026-03-21,PAID
6558,1204,4297.42,2026-04-23,PENDING
6559,1278,3937.52,2026-09-23,PAID
6560,1335,3744.27,2026-04-06,PAID
6561,1501,4745.94,2026-09-29,PAID
6562,1836,2480.99,2026-04-16,CANCELLED
6563,1190,4365.19,2026-05-25,PAID
6564,1378,1575.75,2026-03-30,PAID
6565,1254,849.54,2026-09-16,PAID
6566,1670,1156.50,2026-06-22,PAID
6567,1932,2033.26,2026-02-30,PENDING
6568,1084,1737.77,2026-01-19,PAID
6569,1215,2075.17,2026-06-14,PENDING
6570,1241,349.76,2026-08-22,PAID
6571,1202,49.22,2026-04-15,PENDING
6572,1325,3970.90,2026-06-24,PAID
6573,1864,1913.34,2026-09-23,PENDING
6574,1102,1114.72,2026-02-28,PAID
6575,1560,2810.60,2026-06-14,PAID
6576,1500,1625.21,2026-01-03,PAID
6577,1867,3914.41,2026-08-12,PENDING
6578,1675,1082.66,2026-05-17,PAID
6579,1135,4383.27,2026-02-08,PENDING
6580,1249,-2329.12,2026-02-07,CANCELLED
6581,1317,4872.46,2026-07-21,PAID
6582,1125,1975.15,2026-09-02,PENDING
6583,1886,3437.03,2026-09-02,PAID
6584,1073,215.15,2026-08-22,PAID
6585,1833,1960.77,2026-08-08,PAID
6586,1325,2884.08,2026-01-26,PAID
6587,1821,2500.83,2026-03-06,CANCELLED
6588,1899,1418.28,2026-09-19,PAID
6589,1259,4276.76,2026-03-09,PAID
6590,1424,4337.37,2026-03-14,PENDING
6591,1775,1154.16,2026-03-04,PAID
6592,1842,4718.67,2026-02-11,PENDING
6593,1810,2605.82,2026-07-12,PENDING
6594,1518,2542.35,2026-09-10,PENDING
6595,1367,774.60,2026-05-21,PAID
6596,1069,4963.14,2026-07-12,PAID
6597,1578,2522.66,2026-05-26,PAID
6598,1694,4122.02,2026-01-24,PAID
6599,1874,341.21,2026-06-03,PAID
6600,1387,1338.39,2026-07-12,PAID
6601,1000,479.86,2026-01-27,PAID
6602,1838,625.97,2026-04-17,PAID
6603,1639,4341.61,2026-02-15,PAID
6604,1049,1577.17,2026-08-11,PAID
6605,1863,1192.45,2026-01-01,PENDING
6606,1501,4140.13,2026/13/45,PAID
6607,1758,3387.38,2026-04-21,PAID
6608,1973,1144.69,2026-01-20,CANCELLED
6609,1844,350.61,2026-08-01,PAID
6610,1922,1190.52,2026-01-29,PAID
6611,1683,3281.03,2026-07-26,PAID
6612,1443,3186.02,2026-08-29,PAID
6613,1404,3536.54,2026-06-29,PAID
6614,1714,3478.56,2026-05-02,PAID
6615,1715,1598.75,2026-02-20,PAID
6616,1531,4572.50,2026-01-29,PENDING
6617,1310,1360.18,2026-04-10,PAID
6618,1182,1577.09,2026-07-10,PENDING
6619,1827,3724.44,2026-01-25,PAID
6620,1062,1441.11,2026-01-08,PAID
6621,1256,2255.06,2026-05-15,PAID
6622,1187,1166.40,2026-08-13,PAID
6623,1131,1795.57,2026-01-19,PAID
6624,1420,457.26,2026-01-19,PAID
6625,1021,1242.11,2026-04-03,PENDING
6626,1563,874.24,2026-09-09,PAID
6627,1660,333.96,2026-09-11,CANCELLED
6628,1525,287.91,2026-09-28,PAID
6629,1611,2256.99,2026-01-13,PENDING
6630,1971,2813.18,2026-09-24,CANCELLED
6631,1597,4303.47,2026-08-22,PAID
6632,1018,100.07,2026-04-02,PENDING
6633,1992,1046.48,2026-06-22,PAID
6634,1346,4307.05,2026-05-13,PAID
6635,1712,4028.37,2026-03-16,PAID
6636,1653,4043.91,2026-01-20,PAID
6637,1309,818.31,2026-03-27,PAID
6638,1811,3946.39,2026-07-13,PAID
6639,1318,272.24,2026-07-06,PENDING
6640,1005,3310.54,2026-04-03,PENDING
6641,1616,175.96,2026-09-23,PAID
6642,1168,3990.15,2026-05-12,PENDING
6643,1700,2192.61,2026-03-28,PAID
6644,1763,2999.72,2026-08-17,PAID
6645,1512,493.52,2026-05-01,PENDING
6646,1835,1795.57,2026-04-23,PAID
6647,1370,4923.06,2026-03-20,PAID
6648,1890,233.77,2026-03-15,PAID
6649,1943,189.62,2026-07-01,PAID
6650,1963,3637.93,2026-03-03,CANCELLED
6651,1114,2147.12,2026-04-14,PAID
6652,1752,3602.85,2026-01-15,PENDING
6653,1027,4277.95,2026-03-21,PAID
6654,1534,179.52,2026-02-14,PENDING
6655,1277,933.77,2026-02-20,CANCELLED
6656,1730,2336.30,2026-06-05,PAID
6657,1832,2241.42,2026-07-25,PENDING
6658,1175,773.05,2026-05-29,PAID
6659,1087,4664.60,2026-01-23,PAID
6660,1743,4265.63,2026-09-20,CANCELLED
6661,1049,1603.06,2026-01-08,PENDING
6662,1139,501.76,2026-05-25,PAID
6663,1780,-666.32,2026-04-13,PAID
6664,1238,2711.91,2026-09-11,PAID
6665,1036,1326.08,2026-06-09,CANCELLED
6666,1079,1227.75,2026-07-06,PAID
6667,1633,2841.94,2026-02-10,PAID
6668,1573,3484.51,2026-05-16,PAID
6669,1581,3607.03,2026-09-13,PENDING
6670,1227,1552.91,2026-07-07,PENDING
6671,1824,,2026-05-21,PAID
6672,1497,556.57,2026-04-04,PAID
6673,1219,1196.32,2026-06-16,PAID
6674,1247,4365.56,2026-08-25,PENDING
6675,1303,1367.40,2026-03-20,PENDING
6676,1806,387.72,2026-06-01,PENDING
6677,1522,3464.87,2026-03-01,PAID
6678,1711,2825.09,2026-05-24,PENDING
6679,1484,4695.10,2026-01-13,PAID
6680,1183,1667.30,2026-01-19,PAID
6681,1820,648.51,2026-08-22,PAID
6682,1212,2312.93,2026-08-12,CANCELLED
6683,1515,3710.70,2026-04-09,PAID
6684,1061,2896.51,2026-05-03,PAID
6685,1840,2504.60,2026-06-04,PAID
6686,1523,259.20,2026-07-19,PAID
6687,1476,4921.97,2026-05-12,PAID
6688,1605,4992.05,2026-09-24,PAID
6689,1415,1441.24,2026-05-20,PAID
6690,1956,4038.63,2026-08-22,PAID
6691,1686,730.39,2026-08-16,
6692,1769,4831.16,2026-05-04,PAID
6693,1368,4558.39,2026-06-05,PENDING
6694,1713,86.26,2026-08-03,PAID
6695,1115,3790.87,2026-05-31,CANCELLED
6696,1218,2548.06,2026-07-17,PAID
6697,1544,1274.46,2026-06-01,PAID
6698,1447,914.66,2026-06-21,PAID
6699,1049,2557.28,2026-02-13,PENDING
6700,1421,994.67,2026-06-24,PAID
6701,1998,683.22,2026-02-09,PAID
6702,1613,1400.07,2026-03-13,PENDING
6703,1744,2823.76,2026-03-12,PAID
6704,1567,1226.20,2026-06-28,PENDING
6705,1017,1124.15,2026-05-26,PAID
6706,1809,2921.44,2026-04-15,PAID
6707,1355,819.93,2026-03-07,CANCELLED
6708,1198,3899.76,2026-03-19,PENDING
6709,1616,670.34,2026-05-23,PAID
6710,1379,1850.63,2026-05-16,PAID
6711,1881,896.04,2026-04-18,PAID
6712,1794,4419.69,2026-06-11,PENDING
6713,1686,2915.76,2026-01-21,PAID
6714,1054,2643.86,2026-06-04,PAID
6715,1166,4652.34,2026-05-07,PENDING
6716,1997,3096.18,2026-06-21,PAID
6717,1644,4774.38,2026-07-19,PENDING
6718,1853,4105.63,2026-02-18,PENDING
6719,1989,592.35,2026-03-10,PAID
6720,1177,531.94,2026-05-28,PAID
6721,1216,3547.92,2026-03-27,PAID
6722,1596,245.35,2026-07-16,PAID
6723,1715,3729.48,2026-05-05,PAID
6724,1091,4733.17,2026-08-12,ERROR
6725,1365,3139.65,2026-01-25,PAID
6726,1566,1019.96,2026-03-03,CANCELLED
6727,1609,2124.97,2026-03-01,PAID
6728,1195,367.30,2026-01-18,PAID
6729,1587,1374.08,2026-05-29,PAID
6730,1104,2406.89,2026-01-19,PAID
6731,1040,1026.66,2026-05-04,PAID
6732,1813,3465.65,2026-09-23,PENDING
6733,1778,416.71,2026-06-08,CANCELLED
6734,1320,2943.75,2026-09-14,PAID
6735,1136,2418.77,2026-03-22,PAID
6736,1358,2678.68,2026-03-07,CANCELLED
6737,1992,2499.15,2026-02-19,PAID
6738,1054,3194.81,2026-02-06,PAID
6739,1216,1912.94,2026-08-13,PAID
6740,1441,1381.37,2026-04-03,PAID
6741,1440,-4769.29,2026-09-04,PAID
6742,1148,1024.48,2026-08-11,PAID
6743,1630,277.13,2026-06-17,PAID
6744,1262,4034.68,2026-02-05,PENDING
6745,1436,3743.49,2026-04-18,PENDING
6746,1340,3010.73,2026-08-29,PENDING
6747,1517,2076.93,2026-07-12,PAID
6748,1638,3160.42,2026-05-21,PAID
6749,1772,1986.63,2026-03-17,PENDING
6750,1313,1703.49,2026-03-22,PAID
6751,1543,2563.31,2026-02-16,CANCELLED
6752,1862,3999.09,2026-06-02,PAID
6753,1720,1683.17,2026-01-15,PAID
6754,1726,3029.71,2026-06-26,PAID
6755,1526,131.57,2026-04-23,PAID
6756,1067,2068.90,2026-02-22,PAID
6757,1573,,2026-03-08,PAID
6758,1479,1628.45,2026-02-17,CANCELLED
6759,1484,1288.41,2026-06-07,PAID
6760,1054,1206.51,2026-05-10,PAID
6761,1839,76.38,2026-09-30,PAID
6762,1824,867.28,2026-07-02,PAID
6763,1485,1625.27,2026-09-02,PAID
6764,1322,2949.66,2026-08-21,PENDING
6765,1990,3658.08,2026-04-03,PAID
6766,1376,3791.74,2026-06-28,PAID
6767,1198,896.61,2026-06-18,PENDING
6768,1887,2878.39,2026-05-30,PAID
6769,1408,3347.03,2026-04-29,PAID
6770,1294,2571.24,2026-09-10,PAID
6771,1976,1230.42,2026-07-06,PAID
6772,1387,2222.66,2026-07-11,PAID
6773,1606,1633.54,2026-04-25,CANCELLED
6774,1283,4913.73,2026-04-06,PAID
6775,1026,653.18,2026-05-16,PAID
6776,1432,1710.60,2026-04-23,PAID
6777,1213,1929.84,2026-04-12,PAID
6778,1369,4225.91,2026-06-10,PENDING
6779,1747,3887.61,2026-06-24,PAID
6780,1157,451.50,2026-05-20,PAID
6781,1908,3718.38,2026-04-15,PAID
6782,1045,2739.99,2026-03-20,PENDING
6783,1247,3215.83,2026-03-30,PENDING
6784,1118,998.29,2026-05-18,PAID
6785,1319,730.24,2026-09-14,PENDING
6786,1174,2956.87,2026-05-01,CANCELLED
6787,1932,1619.45,2026-07-19,PAID
6788,1642,1329.64,2026-05-05,CANCELLED
6789,1347,3952.26,2026-06-05,PAID
6790,1127,2413.61,2026-04-13,PENDING
6791,1615,944.78,2026-07-11,PAID
6792,1711,3365.57,2026-05-06,CANCELLED
6793,1070,2534.57,2026-08-03,CANCELLED
6794,1200,1127.05,2026-04-18,CANCELLED
6795,1478,2382.28,2026-08-04,PENDING
6796,1359,822.63,2026-07-05,PAID
6797,1467,1128.72,2026-04-02,PENDING
6798,1388,3933.00,2026-02-21,PAID
6799,1546,4092.18,2026-03-19,PAID
6800,1129,706.67,2026-05-24,PENDING
6801,1344,2831.86,2026-09-03,PAID
6802,1778,3387.61,2026-08-12,PAID
6803,1335,1278.41,2026-07-15,PENDING
6804,1882,3329.36,2026-05-16,PAID
6805,1028,4063.79,2026-08-25,PAID
6806,1344,221.78,2026-09-19,PAID
6807,1499,2947.39,2026-04-02,PENDING
6808,1724,2347.78,2026-02-06,PAID
6809,1193,2152.31,2026-09-07,PENDING
6810,1238,167.36,2026-03-26,PAID
6811,1642,887.51,2026-02-27,PAID
6812,1449,2912.43,2026-04-17,PAID
6813,1712,2624.75,2026-04-20,PENDING
6814,1892,3132.22,2026-07-18,PAID
6815,1920,2591.84,2026-04-19,PENDING
6816,1699,4698.24,2026-01-10,PAID
6817,1412,4788.22,2026-01-16,PAID
6818,1772,863.40,2026-01-15,PAID
6819,1500,4867.91,2026-09-09,PAID
6820,1250,4409.08,2026-01-13,PAID
6821,1316,1364.09,2026-09-02,PENDING
6822,1061,107.25,2026-09-02,PAID
6823,1596,3398.19,2026-03-31,PENDING
6824,1731,584.48,2026-08-05,PAID
6825,1894,4868.33,2026-03-21,CANCELLED
6826,1815,4272.85,2026-08-31,CANCELLED
6827,1457,3729.99,2026-01-31,CANCELLED
6828,1694,1404.61,2026-09-19,CANCELLED
6829,1058,2428.51,2026-03-14,PENDING
6830,1031,445.15,2026-06-30,PAID
6831,1579,713.72,2026-06-25,CANCELLED
6832,1473,4891.81,2026-02-23,PAID
6833,1040,2085.16,2026-08-06,PAID
6834,1131,2814.78,2026-09-22,PENDING
6835,1343,62.09,2026-09-28,PAID
6836,1921,4641.85,2026-04-08,PAID
6837,1176,2189.95,2026-01-10,PAID
6838,1910,444.48,2026-03-16,PAID
6839,1079,825.75,2026-07-21,PAID
6840,1382,1402.04,2026-07-19,PENDING
6841,1742,1723.27,2026-01-12,PENDING
6842,1514,642.06,2026-04-13,PENDING
6843,1204,173.64,2026-08-25,PAID
6844,1070,990.20,2026-02-12,PENDING
6845,1975,4874.71,2026-03-13,PAID
6846,1182,720.12,2026-06-29,PAID
6847,1320,4779.94,2026-01-27,PENDING
6848,1542,2930.78,2026-02-28,CANCELLED
6849,1722,2097.18,2026-09-26,CANCELLED
6850,1349,3737.36,2026-04-10,PAID
6851,1927,910.68,2026-04-25,PAID
6852,1083,1159.70,2026-01-26,CANCELLED
6853,1957,1640.21,2026-07-15,PENDING
6854,1353,3352.91,2026-03-04,PAID
6855,1597,2885.41,2026-03-17,PAID
6856,1215,1595.48,2026-07-31,PAID
6857,1594,4581.46,2026-03-05,PAID
6858,1601,39.80,2026-01-23,CANCELLED
6859,1188,4775.91,2026-07-30,PAID
6860,1097,264.72,2026-01-14,PENDING
6861,1654,2872.87,2026-05-13,PENDING
6862,1661,80.95,2026-04-18,PENDING
6863,1520,3117.69,2026-08-17,PAID
6864,1432,3235.60,2026-06-20,PENDING
6865,1926,4832.39,2026-03-15,PAID
6866,1972,4613.22,2026-02-12,PAID
6867,1027,3879.59,2026-09-22,PENDING
6868,1275,646.83,2026-07-30,PENDING
6869,1961,4984.23,2026-09-07,PENDING
6870,1326,931.12,2026-02-27,PAID
6871,1909,3495.52,2026-02-20,PAID
6872,1804,,2026-04-08,CANCELLED
6873,1525,2704.74,2026-01-25,PAID
6874,1951,1145.41,2026-09-19,PAID
6875,1065,825.58,2026-02-17,PAID
6876,1584,4530.21,2026-07-25,CANCELLED
6877,1033,3833.52,2026-03-25,PAID
6878,1714,1747.70,2026-01-09,PENDING
6879,1214,2323.63,2026-07-05,PAID
6880,1252,1412.23,2026-03-19,PAID
6881,1947,153.95,2026-08-19,PAID
6882,1913,2988.50,2026-07-13,PAID
6883,1676,163.85,2026-09-26,CANCELLED
6884,1694,97.09,2026-03-11,PAID
6885,1356,533.16,2026-01-28,PENDING
6886,1542,1005.32,2026-09-08,PENDING
6887,1237,1182.31,2026-05-21,PAID
6888,1083,763.59,2026-09-05,CANCELLED
6889,1946,3203.93,2026-03-09,PENDING
6890,1170,372.40,2026-08-22,PENDING
6891,1201,4203.11,2026-04-12,PENDING
6892,1520,4978.75,2026-05-19,PAID
6893,1321,44.61,2026-07-09,PENDING
6894,1346,4624.41,2026-03-04,PAID
6895,1195,3523.02,2026-07-08,PENDING
6896,1977,2323.43,2026-08-16,PAID
6897,1591,2446.22,2026-08-07,PAID
6898,1820,4872.49,2026-09-02,PENDING
6899,1631,3934.58,2026-02-19,PAID
6900,1117,1854.19,2026-01-16,PAID
6901,1773,1863.26,2026-09-24,PAID
6902,1206,2783.81,2026-02-21,PENDING
6903,1460,4304.94,2026-03-08,PAID
6904,1392,1059.81,2026-08-24,PAID
6905,1819,4632.01,2026-06-02,PENDING
6906,1626,1756.46,2026-04-26,PENDING
6907,1848,1967.15,2026-03-02,PENDING
6908,1274,2428.88,2026-01-20,PAID
6909,1824,4408.11,2026-04-24,PAID
6910,1088,467.70,2026-07-16,PAID
6911,1951,4996.59,2026-09-27,PAID
6912,1011,3193.16,2026-02-07,PAID
6913,1768,900.31,2026-02-07,PENDING
6914,1009,1613.00,2026-03-17,PAID
6915,1811,2647.30,2026-06-24,PENDING
6916,1188,2213.70,2026-08-25,CANCELLED
6917,1120,1900.36,2026-09-02,CANCELLED
6918,1055,1742.25,2026-01-24,PENDING
6919,1682,364.37,2026-07-04,PAID
6920,1200,2670.87,2026-04-18,PAID
6921,1672,4271.50,2026-05-16,PAID
6922,1959,1933.37,2026-02-23,PAID
6923,1912,2741.62,2026-09-10,PAID
6924,1785,4120.39,2026-04-13,PAID
6925,1134,1073.23,2026-03-23,PENDING
6926,1854,1123.76,2026-01-20,PENDING
6927,1409,2235.89,2026-09-26,PENDING
6928,1267,2742.22,2026-06-09,PAID
6929,1920,3404.07,2026-02-26,CANCELLED
6930,1312,4617.54,2026-09-12,PAID
6931,1775,2477.57,2026-08-24,PENDING
6932,1631,4710.62,2026-05-17,PAID
6933,1876,3775.00,2026-04-27,PAID
6934,1679,3823.33,2026-06-30,PAID
6935,1722,3626.33,2026-09-18,PAID
6936,1810,4487.57,2026-02-13,PAID
6937,1587,1439.36,2026-02-09,PAID
6938,1408,3282.48,2026-02-24,PENDING
6939,1229,1309.98,2026-07-29,PAID
6940,1034,4357.23,2026-02-16,PAID
6941,1905,4330.29,2026-07-02,PAID
6942,1224,2888.63,2026-08-02,PENDING
6943,1525,1319.14,2026-09-19,CANCELLED
6944,1527,1322.27,2026-02-04,PENDING
6945,1270,4144.63,2026-02-27,PAID
6946,1696,4459.48,2026-08-12,PAID
6947,1647,759.50,2026-08-14,PAID
6948,1653,4598.95,2026-09-17,PENDING
6949,1743,1025.80,2026-04-25,CANCELLED
6950,1263,572.82,2026-09-30,PAID
6951,1113,2681.91,2026-09-11,PAID
6952,1122,2409.22,2026-06-08,PENDING
6953,1200,2703.16,2026-09-14,PAID
6954,1704,3233.43,2026-04-01,PENDING
6955,1046,601.50,2026-03-22,PAID
6956,1166,3355.55,2026-01-25,PAID
6957,1736,4972.79,2026-02-02,PAID
6958,1286,1310.17,2026-07-04,PAID
6959,1461,3084.27,2026-05-21,PAID
6960,1326,946.20,2026-07-13,PAID
6961,1010,3072.53,2026-03-19,PAID
6962,1379,4595.15,2026-05-14,PENDING
6963,1300,1463.78,2026-02-25,PENDING
6964,1661,2644.15,2026-06-29,PENDING
6965,1313,2783.33,2026-06-12,CANCELLED
6966,1606,1380.73,2026-08-27,PENDING
6967,1663,3193.40,2026-06-08,PAID
6968,1571,3080.02,2026-06-20,PAID
6969,1055,2631.82,2026-09-08,PAID
6970,1476,1039.43,2026-05-07,PAID
6971,1918,705.84,2026-04-27,PENDING
6972,1573,3550.68,2026-08-06,PAID
6973,1666,4729.56,2026-09-16,PAID
6974,1902,1993.81,2026-05-10,PAID
6975,1351,314.77,2026-06-30,PAID
6976,1882,3795.34,2026-07-04,CANCELLED
6977,1666,31.52,2026-08-08,PENDING
6978,1979,2936.94,2026-08-04,PAID
6979,1246,1275.25,2026-05-16,PENDING
6980,1239,3902.55,2026-03-15,PAID
6981,1881,1969.91,2026-01-09,PAID
6982,1588,2267.87,2026-07-24,PAID
6983,1267,1146.30,2026-07-27,PAID
6984,1220,401.71,2026-03-14,PAID
6985,1629,1520.81,2026-01-19,PAID
6986,1962,3165.08,2026-08-18,PAID
6987,1914,1501.07,2026-02-09,PAID
6988,1063,1051.08,2026-05-26,PAID
6989,1153,2904.66,2026-09-14,PAID
6990,1933,134.21,2026-07-31,PAID
6991,1270,3540.47,2026-05-29,PAID
6992,1727,278.22,2026-02-09,PENDING
6993,1904,1012.82,2026-09-01,PENDING
6994,1982,4795.71,2026-03-28,PENDING
6995,1317,252.42,2026-08-03,PENDING
6996,1541,2481.09,2026-02-02,UNKNOWN
6997,1692,213.38,2026-08-31,PAID
6998,1081,61.33,2026-05-25,PAID
6999,1707,1776.50,2026-02-16,PENDING
7000,1454,2796.78,2026-09-29,CANCELLED
7001,1021,1501.61,2026-06-30,PENDING
7002,1331,740.34,2026-07-29,PAID
7003,1690,620.09,2026-09-02,PAID
7004,1597,4116.14,2026-02-24,PENDING
7005,1090,1144.18,2026-08-03,PAID
7006,1927,1506.10,2026-04-18,PAID
7007,1427,130.30,2026-05-17,PAID
7008,1689,184.61,2026-05-21,PAID
7009,1928,4610.37,2026-02-14,PAID
7010,1809,4667.85,2026-05-10,PENDING
7011,1733,2122.23,2026-06-28,PAID
7012,1544,3267.81,2026-08-09,PAID
7013,1098,4582.55,2026-08-14,PAID
7014,1061,263.89,2026-03-07,PAID
7015,1598,1745.58,2026-08-01,PENDING
7016,1066,64.01,2026-02-21,PAID
7017,1192,2363.16,2026-07-10,PENDING
7018,1025,3864.72,2026-05-27,CANCELLED
7019,1892,4836.52,2026-07-17,PAID
7020,1892,3121.93,2026-03-29,PAID
7021,1710,3520.30,2026-05-14,PAID
7022,1805,2331.27,2026-01-03,PENDING
7023,1822,477.56,2026-03-04,CANCELLED
7024,1952,3305.76,2026-05-04,PENDING
7025,1510,883.02,2026-09-14,PAID
7026,1885,1942.83,2026-04-07,PENDING
7027,1285,3842.70,2026-06-05,PAID
7028,1764,850.00,2026-05-06,PENDING
7029,1397,4565.10,2026-08-18,CANCELLED
7030,1236,539.58,2026-03-09,PENDING
7031,1001,4028.55,2026-02-24,PENDING
7032,1060,3988.34,2026-04-27,PAID
7033,1948,3592.26,2026-07-24,PAID
7034,1504,207.01,2026-04-23,PAID
7035,1016,229.27,2026-03-02,PENDING
7036,1530,3835.12,2026-01-17,PAID
7037,1920,929.46,2026-07-30,PAID
7038,1225,427.95,2026-09-02,PENDING
7039,1939,3085.34,2026-04-08,PAID
7040,1751,258.21,2026-05-03,CANCELLED
7041,1627,4555.32,2026-07-12,PENDING
7042,1172,192.60,2026-08-15,CANCELLED
7043,1495,3950.10,2026-03-14,CANCELLED
7044,1672,55.47,2026-03-16,PENDING
7045,1720,4273.74,2026-03-27,PAID
7046,1250,2830.50,2026-09-28,PAID
7047,1322,1163.88,2026-06-12,PENDING
7048,1753,2142.78,2026-05-07,PENDING
7049,1713,4558.01,2026-04-04,CANCELLED
7050,1196,2871.15,2026-04-05,PAID
7051,1703,2874.28,2026-09-13,CANCELLED
7052,1250,1085.59,2026-06-15,PAID
7053,1180,3164.99,2026-03-07,PAID
7054,1200,2261.32,2026-01-07,PAID
7055,1824,4295.04,2026-01-05,PAID
7056,1098,4407.66,2026-07-14,PAID
7057,1196,1679.98,2026-05-15,PENDING
7058,1906,4881.30,2026-07-23,PENDING
7059,1740,,2026-04-04,PENDING
7060,1257,3777.38,2026-04-20,PAID
7061,1933,4773.52,2026-03-04,PENDING
7062,1831,916.34,2026-05-05,PAID
7063,1744,4529.96,2026-06-17,PAID
7064,1878,2793.86,2026-04-02,CANCELLED
7065,1079,1652.90,2026-04-23,PAID
7066,1385,572.35,2026-09-22,PAID
7067,1637,3277.06,2026-07-29,PENDING
7068,1764,1209.32,2026-05-03,PAID
7069,1162,4382.69,2026-08-12,PAID
7070,1739,2006.08,2026-04-18,PAID
7071,1878,2232.84,2026-08-05,PENDING
7072,1572,2074.85,2026-02-03,PENDING
7073,1901,3036.71,2026-06-09,CANCELLED
7074,1709,1276.04,2026-09-06,CANCELLED
7075,1595,4830.41,2026-05-26,PAID
7076,1788,2444.64,2026-01-27,PENDING
7077,1869,357.79,2026-03-09,PENDING
7078,1069,4914.11,2026-01-16,PAID
7079,1458,4636.78,2026-04-15,PAID
7080,1600,2980.73,2026-05-09,PENDING
7081,1900,3214.31,2026-03-30,PAID
7082,1854,2280.20,2026-05-30,PAID
7083,1516,3281.32,2026-03-17,PAID
7084,1962,3854.49,2026-09-04,PAID
7085,1867,2582.58,2026-05-28,PAID
7086,1766,3119.76,2026-04-25,PAID
7087,1770,2800.12,2026-06-24,PENDING
7088,1010,539.80,2026-06-27,CANCELLED
7089,1484,1309.48,2026-09-21,PENDING
7090,1205,4274.74,2026-07-25,CANCELLED
7091,1530,12.37,2026-04-07,PAID
7092,1136,3966.96,2026-07-13,PAID
7093,1823,682.05,2026-03-06,PAID
7094,1176,1607.45,2026-07-05,PENDING
7095,1145,3660.97,2026-08-25,PAID
7096,1333,3021.32,2026-01-17,PAID
7097,1839,3482.18,2026-04-30,PENDING
7098,1339,983.19,2026-09-27,PAID
7099,1482,4737.23,2026-01-19,PAID
7100,1350,342.39,2026-04-01,PAID
7101,1659,1770.60,2026-03-30,PAID
7102,1782,4710.15,2026-07-31,PAID
7103,1752,3775.39,2026-08-09,PAID
7104,1891,4773.96,2026-09-20,PAID
7105,1137,2786.30,2026-02-05,PAID
7106,1367,2764.93,2026-02-19,PAID
7107,1987,1515.93,2026-02-05,PENDING
7108,1519,4631.78,2026-02-17,PAID
7109,1296,3597.36,2026-04-02,PAID
7110,1540,382.22,2026-04-07,PAID
7111,1898,3827.00,2026-01-13,PAID
7112,1580,2603.32,2026-02-09,PAID
7113,1810,4527.42,2026-06-21,PAID
7114,1760,4834.29,2026-02-24,PAID
7115,1261,3674.95,2026-09-14,PAID
7116,1243,4346.52,2026-05-16,PENDING
7117,1217,2040.05,2026-05-16,CANCELLED
7118,1490,1008.36,2026-08-06,CANCELLED
7119,1277,2838.67,2026-01-26,PAID
7120,1651,3033.98,2026-01-26,PENDING
7121,1575,199.99,2026-03-09,PAID
7122,1549,153.19,2026-09-02,PAID
7123,1891,4210.14,2026-04-29,PENDING
7124,1524,4344.15,2026-01-08,PENDING
7125,1538,3501.63,2026-04-23,PAID
7126,1273,112.82,2026-03-11,PAID
7127,1783,1310.93,2026-01-13,PAID
7128,1134,2399.65,2026-07-08,PAID
7129,1047,2746.27,2026-03-29,CANCELLED
7130,1906,3021.78,2026-01-13,PAID
7131,1175,4410.70,2026-03-24,PAID
7132,1195,3771.64,2026-05-24,PENDING
7133,1995,1013.35,2026-01-13,PAID
7134,1912,3327.10,2026-06-08,PAID
7135,1754,4383.23,2026-03-29,PENDING
7136,1100,959.80,2026-08-18,PENDING
7137,1199,1974.99,2026-06-26,PAID
7138,1244,4079.80,2026-04-04,PAID
7139,1223,883.36,2026-09-01,PAID
7140,1136,3140.33,2026-01-14,CANCELLED
7141,1075,3390.21,2026-02-16,CANCELLED
7142,1175,2902.04,2026-02-26,PAID
7143,1834,4842.50,2026-04-29,PAID
7144,1094,2939.57,2026-09-08,PAID
7145,1330,1400.48,2026-09-30,PAID
7146,1655,4572.53,2026-07-23,PAID
7147,1930,1740.60,2026-03-14,PAID
7148,1756,3493.42,2026-05-19,PENDING
7149,1606,3556.84,2026-03-23,PENDING
7150,1978,596.80,2026-06-30,PAID
7151,1171,3793.29,not-a-date,PAID
7152,1896,909.39,2026-02-28,PENDING
7153,1822,2319.19,2026-09-21,PAID
7154,1526,2896.18,2026-03-15,CANCELLED
7155,1467,4276.60,2026-08-03,PAID
7156,1870,2612.27,2026-09-11,PAID
7157,1554,4892.86,2026-07-11,PAID
7158,1438,2288.40,2026-05-02,PAID
7159,1713,1525.80,2026-08-18,PAID
7160,1692,2686.43,2026-08-21,PENDING
7161,1967,3253.95,2026-08-24,PAID
7162,1626,861.28,2026-07-28,CANCELLED
7163,1132,3750.79,2026-05-13,PAID
7164,1986,3801.53,2026-03-30,PENDING
7165,1554,3336.92,2026-05-27,PAID
7166,1576,925.48,2026-09-28,CANCELLED
7167,1851,1250.81,2026-05-24,PAID
7168,1385,15.83,2026-02-08,PAID
7169,1495,3048.76,2026-07-19,PENDING
7170,1002,4238.75,2026-01-25,PAID
7171,1894,851.20,2026-09-18,PAID
7172,1882,546.58,2026-02-28,PENDING
7173,1111,1611.19,2026-02-20,PAID
7174,1681,1632.36,2026-01-22,PAID
7175,1404,4253.78,2026-09-12,PAID
7176,1098,401.46,2026-08-20,PENDING
7177,1608,3924.08,2026-02-08,PENDING
7178,1467,1606.43,2026-07-16,PAID
7179,1015,1758.39,2026-02-27,PENDING
7180,1475,1470.98,2026-03-29,PAID
7181,1556,2871.31,2026-01-25,CANCELLED
7182,1078,2073.92,2026-04-15,PAID
7183,1237,328.97,2026-06-02,PAID
7184,1780,2497.44,2026-07-29,PAID
7185,1167,1961.74,2026-06-18,CANCELLED
7186,1561,773.08,2026-09-21,CANCELLED
7187,1369,8.41,2026-02-13,PENDING
7188,1934,87.97,2026-08-26,PAID
7189,1173,3794.47,2026-08-02,PENDING
7190,1767,964.75,2026-09-17,PAID
7191,1977,1607.98,2026-06-29,CANCELLED
7192,1816,2900.20,2026-03-19,PAID
7193,1174,1909.71,2026-05-05,PAID
7194,1012,2264.86,2026-09-22,PENDING
7195,1981,1295.52,2026-03-19,PAID
7196,1061,1038.76,2026-06-23,PAID
7197,1806,4767.89,2026-01-03,PAID
7198,1282,4729.68,2026-09-21,PAID
7199,1023,2286.63,2026-03-13,PAID
7200,1149,2393.62,2026-09-02,PAID
7201,1505,4843.02,2026-06-30,PENDING
7202,1485,246.69,2026-03-24,PAID
7203,1225,1516.90,2026-07-04,PAID
7204,1572,327.33,2026-05-17,PAID
7205,1786,789.25,2026-09-22,PAID
7206,1021,4624.99,2026-08-24,CANCELLED
7207,1284,395.96,2026-05-02,PAID
7208,1766,,2026-09-02,PENDING
7209,1063,1737.26,2026-05-27,PAID
7210,1813,2017.54,2026-02-28,PAID
7211,1888,4426.40,2026-08-08,PENDING
7212,1926,1876.60,2026-08-25,PAID
7213,1354,906.27,2026-03-21,PENDING
7214,1022,1908.30,2026-01-30,PAID
7215,1863,497.05,2026-09-05,PAID
7216,1016,1942.36,2026-04-18,PENDING
7217,1100,176.60,2026-08-30,PAID
7218,1732,1541.41,2026-07-16,paid
7219,1544,4575.21,2026-06-10,PENDING
7220,1534,2751.24,2026-02-13,PENDING
7221,1485,1152.05,2026-05-12,PAID
7222,1900,610.24,2026-04-03,PAID
7223,1820,765.65,2026-06-14,PAID
7224,1316,4468.03,2026-04-21,PENDING
7225,1922,2028.02,2026-01-13,PAID
7226,1914,25.70,2026-07-24,PENDING
7227,1756,1760.72,2026-01-16,PAID
7228,1832,439.21,2026-06-15,PAID
7229,1490,2299.53,2026-03-21,PAID
7230,1374,639.33,2026-07-14,PAID
7231,1793,3024.00,2026-01-03,PENDING
7232,1385,3937.34,2026-04-20,PAID
7233,1079,1710.08,2026-05-14,PAID
7234,1516,4439.04,2026-01-05,PENDING
7235,1462,2658.98,2026-01-11,PAID
7236,1196,4105.34,2026-04-22,PAID
7237,1828,2517.23,2026-02-18,PENDING
7238,1499,2406.97,2026-05-20,PAID
7239,1644,2383.81,2026-08-25,PAID
7240,1806,552.45,2026-02-19,PAID
7241,1296,4488.49,2026-07-07,PENDING
7242,1695,215.20,2026-05-03,CANCELLED
7243,1958,423.45,2026-06-08,PENDING
7244,1020,1918.59,2026-04-20,PAID
7245,1482,1210.04,2026-07-31,PENDING
7246,1922,2309.21,2026-06-15,PAID
7247,1365,4749.17,2026-04-12,PENDING
7248,1722,931.71,2026-02-27,PAID
7249,1128,4745.50,2026-02-14,PENDING
7250,1728,4021.88,2026-02-16,PAID
7251,1354,6.24,2026-07-20,PENDING
7252,1994,4601.53,2026-04-07,PAID
7253,1550,23.95,2026-08-08,PAID
7254,1045,1858.31,2026-09-06,CANCELLED
7255,1260,1860.80,2026-06-28,PAID
7256,1045,3902.44,2026-02-12,PAID
7257,1305,2202.23,2026-05-21,CANCELLED
7258,1012,2560.69,2026-01-26,PAID
7259,1357,2054.88,2026-03-16,PENDING
7260,1593,2499.39,2026-04-29,PENDING
7261,1614,2806.92,2026-05-12,PENDING
7262,1013,856.39,2026-08-18,PAID
7263,1845,3644.32,2026-02-02,PAID
7264,1412,4872.23,2026-07-06,PAID
7265,1692,4146.67,2026-08-04,PENDING
7266,1141,4275.14,2026-09-26,PAID
7267,1712,3030.74,2026-06-29,PAID
7268,1680,314.20,2026-09-27,PENDING
7269,1582,3856.31,2026-05-28,PENDING
7270,1097,3537.32,2026-09-19,PENDING
7271,1849,1394.07,2026-09-30,PAID
7272,1134,448.27,2026-07-11,PAID
7273,1105,4689.33,2026-06-17,PAID
7274,1400,350.49,2026-02-20,PAID
7275,1477,607.54,2026-01-19,PAID
7276,1974,1844.46,2026-01-26,CANCELLED
7277,1504,365.42,2026-04-14,PAID
7278,1464,4615.53,2026-07-02,PENDING
7279,1203,3808.33,2026-08-11,PENDING
7280,1992,541.56,2026-02-28,PAID
7281,1617,3419.71,2026-03-27,PAID
7282,1054,829.97,2026-04-02,PAID
7283,1996,2501.24,2026-02-23,PENDING
7284,1341,2128.09,2026-04-21,PAID
7285,1706,3504.57,2026-09-06,PENDING
7286,1357,1789.90,2026-01-09,PAID
7287,1127,2533.61,2026-04-09,PAID
7288,1267,298.38,2026-01-16,PENDING
7289,1702,2635.19,2026-09-13,PAID
7290,1315,3174.48,2026-03-01,PAID
7291,1286,4981.11,2026-09-15,PENDING
7292,1086,742.17,2026-01-08,PAID
7293,1926,930.59,2026-06-22,PAID
7294,1561,2141.99,2026-03-28,PAID
7295,1538,1219.26,2026-09-17,PAID
7296,1200,3284.22,2026-02-02,PAID
7297,1961,1817.98,2026-05-24,PAID
7298,1190,3406.44,2026-03-03,PAID
7299,1472,1071.77,2026-04-06,PENDING
7300,1497,4507.88,2026-03-01,PAID
7301,1389,4723.25,2026-04-17,PAID
7302,1144,307.51,2026-07-10,PAID
7303,1260,3129.45,2026-03-15,PAID
7304,1382,853.61,2026-08-18,PAID
7305,1976,122.69,2026-09-24,PAID
7306,1990,4976.79,2026-07-25,PENDING
7307,1202,4924.51,2026-04-26,PAID
7308,1327,455.77,not-a-date,PENDING
7309,1417,172.61,2026-08-11,PAID
7310,1043,4528.14,2026-09-17,PAID
7311,1409,1195.86,2026-03-09,PENDING
7312,1346,4124.61,2026-04-03,PAID
7313,1931,655.52,2026-03-12,PAID
7314,1693,4408.45,2026-04-28,PAID
7315,1593,3292.46,2026-05-27,PAID
7316,1943,2017.61,2026-09-21,CANCELLED
7317,1313,,2026-03-19,PAID
7318,1876,2721.99,2026-05-26,PAID
7319,1031,761.84,2026-02-19,PENDING
7320,1703,1260.47,2026-04-02,PAID
7321,1723,1862.98,2026-03-04,PAID
7322,1749,3863.09,2026-04-02,PAID
7323,1246,276.36,2026-06-03,PAID
7324,1174,387.64,2026-01-25,PAID
7325,1389,4737.26,2026-04-26,PENDING
7326,1192,4932.22,2026-05-02,PAID
7327,1693,4664.69,2026-04-29,PAID
7328,1886,513.92,2026-01-31,PAID
7329,1256,937.00,2026-08-05,PENDING
7330,1251,2880.83,2026-03-10,PAID
7331,1699,2749.04,2026-01-09,PAID
7332,1608,4620.60,2026-09-29,PAID
7333,1040,3835.35,2026-09-19,PAID
7334,1829,954.67,2026-07-23,PENDING
7335,1240,4048.37,2026-09-30,PENDING
7336,1848,1683.05,2026-07-23,PAID
7337,1627,1949.70,2026-09-23,PAID
7338,1117,698.48,2026-04-19,PAID
7339,1184,2187.31,2026-05-19,PAID
7340,1680,3625.06,2026-01-27,PAID
7341,1023,509.85,2026-05-31,CANCELLED
7342,1649,3390.68,2026-08-16,PAID
7343,1438,1582.60,2026-09-12,PENDING
7344,1046,3263.06,2026-06-24,PAID
7345,1512,3444.27,2026-04-12,PENDING
7346,1421,3418.58,2026-02-05,PAID
7347,1729,3766.64,2026-05-01,PENDING
7348,1876,2107.30,2026-06-23,PAID
7349,1560,2617.04,2026-03-26,PENDING
7350,1331,3255.27,2026-02-14,PAID
7351,1865,4937.79,2026-01-11,PENDING
7352,1157,4140.79,2026-08-02,PAID
7353,1957,2506.07,2026-08-10,PAID
7354,1053,569.59,2026-08-06,PENDING
7355,1610,4841.05,2026-06-04,PAID
7356,1498,252.67,2026-03-16,PAID
7357,1963,1303.39,2026-04-06,PENDING
7358,1581,2356.59,2026-06-15,PENDING
7359,1447,4561.35,2026-03-31,PENDING
7360,1721,3015.96,2026-03-10,CANCELLED
7361,1754,3172.06,2026-07-18,PAID
7362,1088,4928.46,2026-09-22,PAID
7363,1292,646.91,2026-06-27,PAID
7364,1734,1183.59,2026-07-05,PENDING
7365,1743,572.41,2026-03-30,PAID
7366,1488,2767.07,2026-05-20,PENDING
7367,1149,2025.97,2026-07-25,PENDING
7368,1253,1494.11,2026-02-30,PAID
7369,1556,3011.04,2026-05-07,CANCELLED
7370,1855,,2026-09-10,PAID
7371,1593,1216.02,2026-01-28,PAID
7372,1138,4240.79,2026-08-22,PAID
7373,1050,2214.89,2026-05-30,PAID
7374,1986,-1962.18,2026-02-21,PAID
7375,1244,856.01,2026-09-16,PAID
7376,1674,557.95,2026-01-27,PENDING
7377,1123,487.60,2026-01-16,PENDING
7378,1131,747.13,2026-05-04,PAID
7379,1757,219.97,2026-01-19,PENDING
7380,1325,927.00,2026-04-06,PAID
7381,1884,1579.96,2026-05-22,PAID
7382,1682,1974.24,2026-04-22,PAID
7383,1411,4811.16,2026-05-29,PAID
7384,1388,4192.28,2026-04-03,PAID
7385,1396,3503.73,2026-05-10,PAID
7386,1225,4465.34,2026-07-23,PAID
7387,1900,3162.81,2026-01-30,PAID
7388,1533,2498.60,2026-09-22,PAID
7389,1093,1498.61,2026-05-21,PAID
7390,1866,4346.56,2026-04-26,PAID
7391,1983,2257.86,2026-05-12,PAID
7392,1896,415.02,2026-09-25,PAID
7393,1253,1469.95,2026-07-07,PAID
7394,1502,4208.01,2026-03-03,PAID
7395,1892,2575.98,2026-09-19,PAID
7396,1226,4601.16,2026-09-26,PENDING
7397,1104,4647.54,2026-02-10,PENDING
7398,1058,3379.37,2026-02-09,PENDING
7399,1639,1249.43,2026-04-27,PENDING
7400,1582,4658.34,2026-07-22,PAID
7401,1369,4738.12,2026-07-28,PAID
7402,1835,3288.97,2026-03-01,PAID
7403,1915,347.73,2026-08-03,PAID
7404,1457,3122.78,2026-02-27,PENDING
7405,1551,330.28,2026-07-07,PAID
7406,1693,4526.83,2026-06-12,PAID
7407,1646,316.64,2026-08-03,PAID
7408,1111,2376.52,2026-05-18,PAID
7409,1992,4988.24,2026-06-25,PAID
7410,1803,976.63,2026-09-13,PENDING
7411,1554,4956.23,2026-06-27,CANCELLED
7412,1466,3561.05,2026-05-19,CANCELLED
7413,1932,2545.09,2026-07-03,PAID
7414,1050,1966.81,2026-07-11,PAID
7415,1000,4275.22,2026-09-15,PAID
7416,1907,4912.59,2026-01-25,PAID
7417,1957,1464.92,2026-08-09,PAID
7418,1404,4609.92,2026-08-10,PAID
7419,1234,320.07,2026-09-12,PAID
7420,1370,2103.34,2026-06-20,PAID
7421,1674,609.31,2026-08-12,PAID
7422,1071,3914.90,2026-01-27,PAID
7423,1691,749.71,2026-04-16,PAID
7424,1556,3358.13,2026-09-23,PENDING
7425,1379,1575.35,2026-06-10,PAID
7426,1180,3398.23,2026-09-14,PENDING
7427,1185,2570.45,2026-01-07,CANCELLED
7428,1457,2767.81,2026-01-23,PAID
7429,1157,3770.03,2026-06-18,PAID
7430,1521,4894.82,2026-02-13,PAID
7431,1890,2629.45,2026-06-19,PAID
7432,1876,4793.88,2026-03-18,PENDING
7433,1173,4709.58,2026-04-09,PAID
7434,1825,4050.88,2026-07-30,PAID
7435,1157,3459.84,2026-05-21,PAID
7436,1054,2505.12,2026-04-27,PAID
7437,1207,2725.68,2026-09-01,PAID
7438,1017,1374.42,2026-05-30,PAID
7439,1910,4436.39,2026-05-23,PAID
7440,1919,3807.06,2026-02-01,PAID
7441,1548,790.73,2026-05-15,PAID
7442,1373,1549.70,2026-09-15,CANCELLED
7443,1773,418.74,2026-02-30,PENDING
7444,1059,3886.46,2026-01-01,PAID
7445,1139,465.75,2026-06-19,PAID
7446,1976,617.22,2026-08-03,PAID
7447,1453,3346.19,2026-02-30,CANCELLED
7448,1632,1264.71,2026-09-10,PAID
7449,1467,3111.56,2026-07-08,PAID
7450,1439,442.42,2026-07-12,PAID
7451,1101,3080.69,2026-06-03,PAID
7452,1373,667.69,2026-04-30,PAID
7453,1907,378.05,2026-02-03,PAID
7454,1176,2750.70,2026-01-21,PAID
7455,1418,1238.81,2026-03-16,PAID
7456,1434,3968.14,2026-02-20,PENDING
7457,1073,2464.09,2026-04-22,PENDING
7458,1591,1583.57,2026-04-18,PAID
7459,1456,2739.75,2026-05-02,PENDING
7460,1261,2148.25,2026-06-17,PAID
7461,1794,4216.82,2026-05-26,CANCELLED
7462,1099,1820.60,2026-09-07,PAID
7463,1857,4516.39,2026-03-25,PAID
7464,1311,2071.92,2026-02-13,PAID
7465,1675,3176.70,2026-05-11,PAID
7466,1331,2001.25,2026-08-04,PAID
7467,1484,503.75,2026-07-11,PENDING
7468,1119,275.05,2026-01-11,UNKNOWN
7469,1816,814.83,2026-01-05,PAID
7470,1633,1896.85,2026-06-29,PAID
7471,1366,1724.86,2026-06-03,PAID
7472,1784,3560.30,2026-08-21,PAID
7473,1819,2551.16,2026-06-03,PAID
7474,1404,25.76,2026-02-07,PAID
7475,1173,2553.72,2026-07-24,PAID
7476,1309,182.52,2026-09-09,PAID
7477,1165,2017.06,2026-08-09,PENDING
7478,1323,2374.06,2026-06-23,PAID
7479,1589,2192.50,2026-05-25,PAID
7480,1492,1001.11,2026-05-07,CANCELLED
7481,1412,229.44,2026-04-21,PAID
7482,1082,2439.92,2026-08-20,PENDING
7483,1936,3518.45,2026-08-12,PAID
7484,1495,3795.98,2026-06-15,PAID
7485,1221,3307.50,2026-01-09,PAID
7486,1144,1862.22,2026-06-13,PAID
7487,1492,4584.79,2026-03-17,PAID
7488,1593,1411.77,2026-04-09,PENDING
7489,1214,2909.04,2026-04-04,PENDING
7490,1338,3711.77,2026-02-06,CANCELLED
7491,1809,3187.95,2026-09-28,PAID
7492,1844,4767.94,2026-03-14,PAID
7493,1777,3554.69,2026-02-21,CANCELLED
7494,1696,3931.37,2026-01-22,PAID
7495,1500,789.69,2026-04-02,PENDING
7496,1003,745.72,2026-07-27,PAID
7497,1790,2434.40,2026-06-03,PAID
7498,1259,4314.31,2026-05-22,PAID
7499,1830,2054.41,2026-06-30,PAID
7500,1863,2995.18,2026-05-17,PENDING
7501,1552,3514.82,2026-01-13,CANCELLED
7502,1772,4462.02,2026-08-21,PAID
7503,1458,104.03,2026-01-22,PAID
7504,1817,914.69,2026-04-10,PAID
7505,1365,390.85,2026-01-05,PAID
7506,1233,2716.64,2026-06-12,PAID
7507,1766,967.42,2026-02-24,PAID
7508,1014,4024.75,2026-09-21,PAID
7509,1095,871.66,2026-09-12,PAID
7510,1832,710.90,2026-02-09,PAID
7511,1654,1195.77,2026-08-07,PAID
7512,1827,3871.77,2026-01-26,PAID
7513,1850,2173.43,2026-09-19,PAID
7514,1067,58.14,2026-04-04,CANCELLED
7515,1395,2791.76,2026-03-06,PENDING
7516,1836,2939.66,2026-09-11,PENDING
7517,1209,1786.92,2026-03-03,PENDING
7518,1069,4791.91,2026-04-30,CANCELLED
7519,1054,61.91,2026-03-23,PENDING
7520,1222,1647.56,2026-03-23,PAID
7521,1980,516.21,2026-01-23,PAID
7522,1103,2986.84,2026-03-03,PAID
7523,1845,1306.54,2026-06-27,PAID
7524,1813,4042.05,2026-09-20,CANCELLED
7525,1975,4864.34,2026-03-14,PENDING
7526,1587,4733.08,2026-04-18,CANCELLED
7527,1437,1125.21,2026-07-01,PAID
7528,1593,3788.40,2026-02-10,PAID
7529,1774,75.68,2026-08-24,PAID
7530,1149,2604.53,2026-08-20,PENDING
7531,1890,231.43,2026-08-29,PAID
7532,1511,827.36,2026-04-11,PAID
7533,1860,4337.74,2026-03-22,PAID
7534,1310,4183.52,2026-09-15,PAID
7535,1662,2364.84,2026-04-14,PENDING
7536,1849,2448.54,2026-01-13,PAID
7537,1393,3138.03,2026-08-25,PENDING
7538,1990,1988.67,2026-04-02,PENDING
7539,1029,4848.48,2026-02-09,CANCELLED
7540,1878,2536.62,2026-03-07,PAID
7541,1748,2074.94,2026-08-30,PAID
7542,1706,31.12,2026-07-28,PAID
7543,1516,4311.60,2026-06-18,PAID
7544,1328,4375.73,2026-07-05,PAID
7545,1913,3807.57,2026-04-28,PENDING
7546,1367,2038.90,2026-02-10,PAID
7547,1492,2620.34,2026-03-01,CANCELLED
7548,1097,2912.17,2026-05-06,PAID
7549,1778,860.13,2026-04-29,PAID
7550,1703,353.74,2026-03-02,PAID
7551,1481,4125.62,2026-06-07,PAID
7552,1888,1776.00,2026-02-25,PAID
7553,1756,1785.20,2026-04-28,PENDING
7554,1376,1552.37,2026-03-18,PAID
7555,1533,1176.26,2026-09-27,PENDING
7556,1293,4874.66,2026-08-06,PAID
7557,1421,4647.31,2026-02-26,PENDING
7558,1662,1148.18,2026-07-27,PENDING
7559,1946,542.40,2026-06-22,PAID
7560,1043,121.38,2026-03-01,PAID
7561,1531,3236.97,2026-06-04,CANCELLED
7562,1659,1449.71,2026-07-30,PAID
7563,1788,4193.75,2026-09-18,PENDING
7564,1512,454.42,2026-05-29,PAID
7565,1534,3443.32,2026-07-30,PAID
7566,1559,1298.65,2026-02-18,PAID
7567,1266,2040.04,2026-07-07,PENDING
7568,1111,3264.71,2026-09-12,PAID
7569,1375,1651.08,2026-06-17,PAID
7570,1789,2696.56,2026-07-19,PAID
7571,1712,601.61,2026-09-24,PAID
7572,1167,836.72,2026-09-10,CANCELLED
7573,1565,2277.05,2026-09-15,PAID
7574,1391,1352.35,2026-02-11,PAID
7575,1758,673.47,2026-08-30,PENDING
7576,1710,1248.57,2026-06-26,PAID
7577,1999,3443.44,2026-01-22,PAID
7578,1318,4448.71,2026-02-24,PAID
7579,1361,1073.42,2026-02-12,PAID
7580,1672,2396.86,2026-01-29,PENDING
7581,1446,1478.60,2026-04-09,PAID
7582,1499,2568.73,2026-09-21,PAID
7583,1553,2866.19,2026-01-29,PAID
7584,1157,3662.80,2026-09-24,CANCELLED
7585,1835,2685.42,2026-05-10,PAID
7586,1914,1472.89,2026-09-01,PAID
7587,1263,1038.82,2026-04-21,PAID
7588,1379,506.82,2026-02-02,PAID
7589,1386,3551.52,2026-05-05,PENDING
7590,1132,2289.67,2026-05-03,PAID
7591,1848,3987.94,2026-01-06,PENDING
7592,1876,2011.87,2026-06-07,PAID
7593,1685,2958.52,2026-05-22,PAID
7594,1669,4237.37,2026-03-14,PAID
7595,1173,2333.37,2026-08-26,PAID
7596,1905,2729.71,2026-03-21,PAID
7597,1906,4654.02,2026-05-29,PENDING
7598,1323,437.04,2026-03-14,PENDING
7599,1725,752.85,2026-07-05,PENDING
7600,1945,164.07,2026-05-10,PENDING
7601,1085,3440.80,2026-05-20,PENDING
7602,1938,1512.46,2026-05-11,PENDING
7603,1910,371.58,2026-05-08,CANCELLED
7604,1413,3151.78,2026-04-29,PENDING
7605,1654,1920.50,2026-01-10,CANCELLED
7606,1336,3484.51,2026-06-14,PAID
7607,1830,2941.06,2026-09-28,PAID
7608,1515,3650.14,2026-07-07,CANCELLED
7609,1373,2957.37,2026-07-14,PAID
7610,1474,3168.32,2026-05-27,PAID
7611,1913,2937.95,2026-04-03,PAID
7612,1057,969.52,2026-08-02,PAID
7613,1742,1006.73,2026-09-07,PAID
7614,1760,962.79,2026-09-02,PAID
7615,1193,2304.21,2026-06-09,CANCELLED
7616,1690,2673.10,2026-07-11,PAID
7617,1376,2817.23,2026-07-18,PAID
7618,1051,836.99,2026-05-14,CANCELLED
7619,1332,3830.59,2026-01-03,PAID
7620,1167,2197.24,2026-01-22,PAID
7621,1704,1765.18,2026-02-16,CANCELLED
7622,1777,652.04,2026-06-24,PAID
7623,1740,3404.83,2026-05-26,PAID
7624,1173,1786.80,2026-02-11,PENDING
7625,1373,3171.96,2026-04-05,PAID
7626,1250,2561.47,2026-05-25,PAID
7627,1701,3808.92,2026-02-05,PENDING
7628,1743,833.08,2026-09-24,PAID
7629,1489,3718.19,2026-07-10,PENDING
7630,1808,744.41,2026-02-25,PENDING
7631,1036,3023.03,2026-05-04,PAID
7632,1458,3133.17,2026-07-14,PAID
7633,1770,517.17,2026-06-22,PAID
7634,1644,2667.24,2026-08-19,PAID
7635,1734,1100.32,2026-02-24,PAID
7636,1660,74.64,2026-07-10,CANCELLED
7637,1277,125.69,2026-03-24,PAID
7638,1152,1239.98,2026-06-26,PAID
7639,1962,3565.52,2026-05-28,CANCELLED
7640,1898,1323.53,2026-08-17,PAID
7641,1668,4954.40,2026-02-03,PENDING
7642,1997,298.04,2026-07-03,PAID
7643,1001,4829.79,2026-05-02,PAID
7644,1835,222.14,2026-03-22,PENDING
7645,1758,1256.47,2026-02-07,PAID
7646,1934,1394.37,2026-02-09,CANCELLED
7647,1984,4606.44,2026-04-20,PAID
7648,1341,4984.62,2026-02-04,PAID
7649,1119,812.72,2026-06-03,PAID
7650,1359,1276.52,2026-02-12,PAID
7651,1159,2640.18,2026-05-31,PAID
7652,1630,3499.60,2026-09-24,PAID
7653,1306,393.07,2026-08-20,PAID
7654,1062,2182.20,2026-08-08,PAID
7655,1370,86.62,2026-06-16,PAID
7656,1071,436.73,2026-01-08,PAID
7657,1577,2405.00,2026-06-26,PAID
7658,1593,2203.56,2026-06-09,CANCELLED
7659,1252,2474.76,2026-03-01,PAID
7660,1120,3727.84,2026-07-16,PAID
7661,1609,370.45,2026-01-01,PAID
7662,1741,3415.29,2026-06-06,PAID
7663,1912,2440.87,2026-01-02,PAID
7664,1835,2727.96,2026-09-11,PAID
7665,1015,2674.97,2026-02-07,PENDING
7666,1954,4460.68,2026-05-14,PAID
7667,1755,4709.73,2026-07-23,PAID
7668,1547,3396.44,2026-01-16,CANCELLED
7669,1761,4246.73,2026-03-11,PAID
7670,1653,2820.32,2026-05-01,PAID
7671,1479,898.11,2026-06-02,CANCELLED
7672,1768,685.58,2026-03-31,PENDING
7673,1206,4133.04,2026-02-03,PAID
7674,1744,4247.64,2026-04-11,PAID
7675,1838,4742.59,2026-08-26,CANCELLED
7676,1343,1379.76,2026-07-21,PAID
7677,1480,3925.99,2026-09-30,PAID
7678,1972,1261.83,2026-02-07,PAID
7679,1783,4025.66,2026-02-14,PAID
7680,1093,4713.29,2026-06-13,PENDING
7681,1173,494.69,2026-04-14,PAID
7682,1400,2476.71,2026-04-15,PAID
7683,1511,4960.46,2026-08-25,PAID
7684,1018,1666.90,2026-01-23,CANCELLED
7685,1717,2145.84,2026-09-01,PAID
7686,1653,3862.16,2026-04-20,PAID
7687,1837,4496.75,2026-03-27,CANCELLED
7688,1021,3544.49,2026-01-16,PAID
7689,1395,4417.47,2026-03-18,PAID
7690,1171,3658.05,2026-09-22,PAID
7691,1740,4935.21,2026-04-16,PAID
7692,1212,3730.49,2026-08-17,PAID
7693,1006,2110.64,2026-05-04,PAID
7694,1859,4945.33,2026-09-13,PAID
7695,1573,2722.99,2026-08-12,PENDING
7696,1596,3163.49,2026-07-12,PENDING
7697,1444,2708.57,2026-02-25,PAID
7698,1643,1389.75,2026-01-15,PENDING
7699,1399,3896.00,2026-07-09,PENDING
7700,1598,3039.43,2026-04-22,PAID
7701,1170,1789.20,2026-06-27,PENDING
7702,1132,1164.33,2026-07-17,PENDING
7703,1757,3813.74,2026-02-15,PAID
7704,1939,2591.19,2026-01-06,PENDING
7705,1511,3133.30,2026-06-03,PAID
7706,1786,331.66,2026-08-22,PAID
7707,1968,1247.36,2026-07-17,CANCELLED
7708,1252,228.77,2026-07-21,CANCELLED
7709,1329,4469.46,2026-09-11,PENDING
7710,1746,3435.48,2026-05-22,CANCELLED
7711,1673,41.72,2026-03-11,PAID
7712,1251,1510.70,2026-09-08,CANCELLED
7713,1922,4354.88,2026-06-28,PAID
7714,1176,757.91,2026-02-07,PENDING
7715,1707,1435.63,2026-05-12,PAID
7716,1445,4622.95,2026-07-28,PAID
7717,1470,1341.51,2026-01-01,PAID
7718,1693,4645.97,2026-02-17,PAID
7719,1533,2177.00,2026-09-22,PAID
7720,1127,1902.50,2026-05-15,PAID
7721,1522,4343.20,2026-08-26,PENDING
7722,1018,355.01,2026-01-25,PAID
7723,1934,2372.66,2026-03-31,PAID
7724,1927,4210.55,2026-01-06,CANCELLED
7725,1426,4156.04,2026-04-05,PAID
7726,1517,189.78,2026-02-24,CANCELLED
7727,1840,530.29,2026-07-14,PENDING
7728,1688,3579.24,2026-08-19,CANCELLED
7729,1787,4368.61,2026-09-02,PAID
7730,1653,4929.29,2026-07-11,PENDING
7731,1877,534.77,2026-04-13,PENDING
7732,1720,3887.46,2026-08-10,PAID
7733,1574,3631.53,2026-08-06,PAID
7734,1868,1433.63,2026-08-27,PENDING
7735,1540,4739.47,2026-01-23,PAID
7736,1636,946.79,2026-04-12,PAID
7737,1162,2465.18,2026-02-26,PAID
7738,1011,4311.53,2026-08-05,PAID
7739,1005,608.32,2026-05-18,PENDING
7740,1213,1576.85,2026-04-25,PAID
7741,1740,1068.69,2026-08-30,CANCELLED
7742,1853,2845.42,2026-09-27,PAID
7743,1726,972.78,2026-04-16,PENDING
7744,1052,3688.19,2026-06-30,PENDING
7745,1048,3798.14,2026-07-25,PAID
7746,1547,2533.69,2026-06-20,PAID
7747,1678,4995.57,2026-02-23,PAID
7748,1968,2947.55,2026-04-15,CANCELLED
7749,1190,2713.42,2026-03-21,PENDING
7750,1229,1816.20,2026-02-16,PAID
7751,1686,1154.74,2026-05-21,PAID
7752,1074,4076.39,2026-07-17,PAID
7753,1189,268.57,2026-08-26,PAID
7754,1198,3199.29,2026-03-11,PAID
7755,1945,315.94,2026-05-18,PENDING
7756,1462,3725.82,2026-01-20,PENDING
7757,1805,778.60,2026-01-01,PENDING
7758,1348,1385.27,2026-09-20,PENDING
7759,1326,1992.21,2026-04-22,PAID
7760,1424,4054.37,2026-05-15,PENDING
7761,1890,936.58,2026-05-08,PENDING
7762,1984,4192.54,2026-01-15,PAID
7763,1520,77.99,2026-04-24,PENDING
7764,1887,842.42,2026-06-13,PENDING
7765,1837,4020.96,2026-08-14,PAID
7766,1682,2139.52,2026-04-24,PAID
7767,1917,3387.25,2026-03-07,PENDING
7768,1282,4257.03,2026-07-16,PAID
7769,1223,224.19,2026-03-19,PAID
7770,1041,2858.16,2026-05-22,PAID
7771,1617,3134.13,2026-07-10,PAID
7772,1113,4956.60,2026-03-10,PAID
7773,1131,2799.99,2026-06-09,PAID
7774,1431,44.22,2026-03-08,PAID
7775,1136,1805.61,2026-02-21,CANCELLED
7776,1480,2944.64,2026-04-28,PAID
7777,1530,1726.85,2026-01-11,PAID
7778,1248,3680.37,2026-05-02,CANCELLED
7779,1293,4239.51,2026-07-22,PENDING
7780,1830,3228.99,2026-05-16,PAID
7781,1363,287.60,2026-06-25,PENDING
7782,1427,-4068.60,2026-06-25,PAID
7783,1931,1735.18,2026-08-06,CANCELLED
7784,1215,3136.96,2026-05-27,PAID
7785,1129,2222.97,2026-05-28,CANCELLED
7786,1818,4056.67,2026-02-18,PENDING
7787,1873,624.35,2026-04-17,PAID
7788,1435,2713.88,2026-02-17,PAID
7789,1434,2670.15,2026-01-30,PAID
7790,1575,3786.30,2026-01-01,PAID
7791,1050,1073.23,2026-09-23,CANCELLED
7792,1228,1998.19,2026-01-21,PAID
7793,1585,900.87,2026-06-23,CANCELLED
7794,1473,3117.24,2026-09-02,CANCELLED
7795,1561,1383.67,2026-05-08,PAID
7796,1211,1363.28,2026-08-24,PENDING
7797,1288,710.42,2026-03-22,PAID
7798,1667,771.09,2026-07-03,PAID
7799,1589,4906.95,2026-01-23,PENDING
7800,1971,2749.40,2026-05-14,PAID
7801,1284,2397.98,2026-01-30,PAID
7802,1883,189.51,2026-07-31,CANCELLED
7803,1619,1556.25,2026-06-01,PAID
7804,1601,1287.28,2026-08-28,PAID
7805,1156,2349.38,2026-01-14,PENDING
7806,1170,2791.21,2026-07-04,PENDING
7807,1875,2478.44,2026-05-26,PENDING
7808,1610,227.14,2026-06-25,PENDING
7809,1774,2272.29,2026-09-05,PAID
7810,1442,1681.06,2026-08-18,PAID
7811,1918,4192.58,2026-04-09,PAID
7812,1834,3680.98,2026-09-03,PAID
7813,1220,71.42,2026-03-15,PAID
7814,1804,4484.43,2026-05-09,PAID
7815,1101,1421.16,2026-01-25,PENDING
7816,1508,481.68,2026-08-14,PAID
7817,1652,871.41,2026-08-14,PENDING
7818,1104,1285.38,2026-02-08,PAID
7819,1658,1514.29,2026-04-06,PAID
7820,1296,1422.16,2026-07-05,PENDING
7821,1758,3072.45,2026-04-16,PAID
7822,1604,2038.92,2026-06-11,PAID
7823,1421,1241.58,2026-09-22,PENDING
7824,1425,1751.72,2026-04-21,PAID
7825,1682,4008.45,2026-07-07,CANCELLED
7826,1126,2579.89,2026-09-26,PENDING
7827,1510,1495.21,2026-01-30,PAID
7828,1396,3505.45,2026-04-04,PENDING
7829,1502,301.09,2026-07-15,PAID
7830,1775,183.60,2026-05-15,PAID
7831,1583,3728.14,2026-06-19,PENDING
7832,1562,3386.56,2026-08-27,PAID
7833,1637,4296.89,2026-07-05,CANCELLED
7834,1361,4686.64,2026-08-15,PAID
7835,1493,1537.24,2026-09-22,PENDING
7836,1439,1281.69,2026-06-18,PAID
7837,1146,1967.70,2026-06-14,PAID
7838,1286,1780.52,2026-01-29,PENDING
7839,1170,473.65,2026-04-01,PAID
7840,1698,3834.72,2026-04-04,PAID
7841,1502,4802.76,2026-02-23,PAID
7842,1282,4039.09,2026-08-05,PENDING
7843,1675,1078.77,2026-05-26,PAID
7844,1495,4565.51,2026-04-30,PAID
7845,1189,4043.15,2026-01-02,PAID
7846,1845,257.86,2026-01-31,PAID
7847,1406,417.64,2026-05-28,PAID
7848,1044,4997.27,2026-02-01,PAID
7849,1786,3542.61,2026-08-22,PAID
7850,1239,2276.86,2026-07-07,PAID
7851,1298,4921.82,2026-01-07,PENDING
7852,1229,4584.48,2026-01-28,PAID
7853,1761,2361.46,2026-04-21,PAID
7854,1362,3435.38,2026-07-27,PAID
7855,1134,3539.45,2026-07-21,PAID
7856,1034,2521.73,2026-08-02,PAID
7857,1855,3106.24,2026-01-24,PENDING
7858,1135,332.78,2026-06-28,PAID
7859,1152,3481.68,2026-06-12,PAID
7860,1959,1548.72,2026-08-28,PENDING
7861,1264,1028.72,2026-05-06,CANCELLED
7862,1521,1777.38,2026-08-08,PENDING
7863,1791,1363.05,2026-03-20,PAID
7864,1807,3230.30,2026-01-02,CANCELLED
7865,1358,1363.78,2026-07-05,PENDING
7866,1683,2342.77,2026-06-04,PENDING
7867,1644,3194.16,2026-03-05,PAID
7868,1120,,2026-08-11,PAID
7869,1918,3231.24,2026-07-18,PAID
7870,1054,2720.65,2026-07-15,PENDING
7871,1234,1744.27,2026-03-19,PENDING
7872,1661,2084.51,2026-01-15,PAID
7873,1663,230.65,2026-04-07,PENDING
7874,1151,1576.70,2026-09-30,PAID
7875,1795,3467.32,2026-06-05,PENDING
7876,1679,3920.65,2026-07-18,PAID
7877,1029,3798.58,2026-03-31,PAID
7878,1801,1571.81,2026-02-11,PAID
7879,1821,4186.05,2026-08-06,PENDING
7880,1099,4080.17,2026-08-12,PAID
7881,1547,1092.82,2026-07-01,PAID
7882,1205,4761.42,2026-03-16,PAID
7883,1740,4819.99,2026-09-23,PAID
7884,1003,449.95,2026-04-08,PAID
7885,1852,-2966.89,2026-08-27,PENDING
7886,1304,1413.65,2026-04-09,PAID
7887,1723,930.27,2026-03-02,PENDING
7888,1108,2040.07,2026-08-26,CANCELLED
7889,1057,4556.36,2026-08-19,PAID
7890,1111,1477.76,2026-06-19,PAID
7891,1074,1026.22,2026-07-24,PENDING
7892,1449,1233.31,2026-04-12,CANCELLED
7893,1061,3224.48,2026-05-23,PAID
7894,1751,1890.34,2026-03-16,PAID
7895,1480,7.22,2026-01-11,PAID
7896,1265,1373.11,2026-03-02,PAID
7897,1291,3322.44,2026-06-24,PAID
7898,1250,1284.03,2026-06-17,CANCELLED
7899,1433,2774.79,2026-01-14,PAID
7900,1786,1762.60,2026-08-04,CANCELLED
7901,1442,3491.12,2026-04-15,CANCELLED
7902,1482,524.04,2026-07-09,PENDING
7903,1621,4315.49,not-a-date,PAID
7904,1043,3015.51,2026-07-06,PENDING
7905,1398,4792.40,2026-08-26,PAID
7906,1765,2855.37,2026-08-16,CANCELLED
7907,1538,2774.95,2026-04-17,PAID
7908,1995,1103.80,2026-01-25,PAID
7909,1641,2243.40,2026-08-08,PAID
7910,1764,3737.32,2026-09-29,PAID
7911,1871,1218.20,2026-02-14,PENDING
7912,1995,3415.20,2026-07-15,CANCELLED
7913,1250,1616.51,2026-05-14,PAID
7914,1948,1008.82,2026-02-01,PAID
7915,1586,2682.93,2026-01-11,PAID
7916,1726,3284.50,2026-06-10,PAID
7917,1648,3206.48,2026-09-23,PAID
7918,1488,4600.97,2026-09-11,PAID
7919,1779,4450.48,2026-04-22,PAID
7920,1796,575.24,2026-09-02,PAID
7921,1600,687.92,2026-03-26,PENDING
7922,1272,1109.35,2026-03-21,PENDING
7923,1421,4152.24,2026-04-08,PAID
7924,1684,148.66,2026-04-03,CANCELLED
7925,1516,3399.76,2026-07-28,PAID
7926,1459,2357.69,2026-06-29,PENDING
7927,1209,3550.60,2026-03-05,PAID
7928,1754,2106.74,2026-05-30,PAID
7929,1472,2062.09,2026-06-12,PAID
7930,1422,2298.83,2026-09-28,PENDING
7931,1877,2952.52,2026-04-06,PAID
7932,1147,3480.87,2026-04-05,PENDING
7933,1339,188.08,2026-07-08,PAID
7934,1787,3195.34,2026-08-01,PAID
7935,1301,4926.12,2026-09-19,CANCELLED
7936,1064,4678.75,2026-07-03,CANCELLED
7937,1397,2956.01,2026-09-22,PAID
7938,1151,2287.21,2026-01-11,CANCELLED
7939,1933,3659.93,2026-05-18,CANCELLED
7940,1217,4366.37,2026-03-07,PAID
7941,1836,381.12,2026-07-01,PAID
7942,1618,4769.80,2026-08-31,PAID
7943,1332,3100.92,2026-08-11,PAID
7944,1836,1370.37,2026-06-21,PENDING
7945,1141,4989.70,2026-01-15,PAID
7946,1437,665.84,2026-04-22,PENDING
7947,1479,3152.42,2026-02-10,PAID
7948,1145,632.79,2026-03-04,PENDING
7949,1816,4024.57,2026-06-27,PAID
7950,1212,1797.69,2026-04-27,PAID
7951,1911,793.24,2026-06-28,PAID
7952,1535,620.01,2026-06-13,PAID
7953,1377,1766.70,2026-01-15,PAID
7954,1113,2703.95,2026-07-15,PENDING
7955,1119,2137.15,2026-08-30,PAID
7956,1722,1934.07,2026-04-05,CANCELLED
7957,1904,4668.16,2026-06-23,PAID
7958,1208,1651.51,2026-06-20,PAID
7959,1892,2578.39,2026-09-11,PAID
7960,1294,356.60,2026-02-28,PAID
7961,1332,4029.38,2026-02-22,PAID
7962,1490,1101.05,2026-04-07,CANCELLED
7963,1057,2083.98,2026-06-29,PENDING
7964,1911,4054.67,2026-08-21,PENDING
7965,1764,4998.90,2026-04-17,PAID
7966,1965,4282.48,2026-05-18,PENDING
7967,1400,2953.15,2026-01-27,PAID
7968,1694,2359.40,2026-07-29,PAID
7969,1624,2386.80,2026-07-21,PENDING
7970,1461,3758.35,2026-06-13,PENDING
7971,1847,676.41,2026-07-20,PENDING
7972,1458,1310.10,2026-02-11,PAID
7973,1521,2361.33,2026-02-22,PENDING
7974,1255,2540.15,2026-01-09,PAID
7975,1773,4088.02,2026-06-22,PAID
7976,1316,1147.65,2026-05-20,PAID
7977,1857,2771.98,2026-02-08,PAID
7978,1865,425.09,2026-06-03,PAID
7979,1661,4221.35,2026-02-21,PAID
7980,1035,1879.68,2026-06-01,CANCELLED
7981,1603,2021.07,2026-07-11,PAID
7982,1342,3290.09,2026-07-15,CANCELLED
7983,1343,3242.69,2026-08-27,PENDING
7984,1919,1721.10,2026-06-18,PAID
7985,1012,3760.70,2026-05-28,CANCELLED
7986,1335,2830.55,2026-03-11,PENDING
7987,1958,3858.81,2026-04-25,PENDING
7988,1199,4158.91,2026-08-05,PAID
7989,1824,3343.59,2026-01-23,PENDING
7990,1051,1254.85,2026-03-22,PAID
7991,1223,2015.18,2026-02-09,PAID
7992,1355,3032.47,2026-03-27,PAID
7993,1633,851.82,2026-01-31,CANCELLED
7994,1425,145.92,2026-05-13,PENDING
7995,1629,3904.19,2026-09-26,PAID
7996,1712,2706.19,2026-07-04,PAID
7997,1756,1471.22,2026-09-16,PAID
7998,1273,4914.96,2026-03-18,PAID
7999,1286,1052.15,2026-02-03,PENDING
8000,1804,2148.17,2026-03-11,PAID
8001,1824,2201.35,2026-06-03,PAID
8002,1807,2212.61,2026-08-25,PAID
8003,1874,2927.41,2026-07-25,PAID
8004,1735,3551.12,2026-09-11,PAID
8005,1987,3499.91,2026-06-08,PAID
8006,1089,-3357.15,2026-07-23,PAID
8007,1809,2044.88,2026-09-08,PAID
8008,1194,395.25,2026-09-16,PAID
8009,1531,928.86,2026-07-18,PAID
8010,1086,3047.38,2026-01-18,CANCELLED
8011,1450,1688.93,2026-03-05,PAID
8012,1413,270.69,2026-05-25,PAID
8013,1693,612.80,2026-04-24,PENDING
8014,1046,1466.40,2026-04-21,PAID
8015,1315,926.87,2026-06-29,PAID
8016,1651,1107.72,2026-02-11,PENDING
8017,1841,3424.55,2026-03-14,PENDING
8018,1721,4326.66,2026-05-08,PAID
8019,1665,902.43,2026-08-27,PAID
8020,1256,3441.53,2026-02-01,PAID
8021,1530,3790.94,2026-09-15,PAID
8022,1731,1420.48,2026-06-15,PENDING
8023,1528,3761.63,2026-01-22,PAID
8024,1826,1586.02,2026-08-10,PAID
8025,1627,3568.80,2026-05-05,PENDING
8026,1042,825.55,2026-07-06,PAID
8027,1142,1845.58,2026-03-22,CANCELLED
8028,1996,1534.12,2026-04-03,PAID
8029,1330,4072.07,2026-05-26,PAID
8030,1834,371.06,2026-02-20,PAID
8031,1804,1466.88,2026-08-19,PAID
8032,1787,581.49,2026-04-23,PAID
8033,1370,480.67,2026-01-02,PAID
8034,1374,1483.08,2026-04-19,PAID
8035,1246,1288.71,2026-03-09,PAID
8036,1284,60.36,2026-03-10,PAID
8037,1742,3011.89,2026-08-24,PENDING
8038,1536,1269.73,2026-03-16,PAID
8039,1984,3638.82,2026-04-18,PAID
8040,1485,3170.12,2026-09-26,PENDING
8041,1598,3947.90,2026-07-19,PAID
8042,1940,2356.25,2026-02-03,PENDING
8043,1861,4228.35,2026-09-24,PENDING
8044,1233,2127.30,2026-02-09,PENDING
8045,1038,1258.12,2026-07-10,PAID
8046,1218,4963.61,2026-04-28,PAID
8047,1296,886.59,2026-05-04,PENDING
8048,1629,750.41,2026-05-20,PENDING
8049,1755,2021.08,2026-01-11,PAID
8050,1845,3531.33,2026-02-02,PAID
8051,1626,3914.47,2026-06-24,PAID
8052,1407,4185.85,2026-07-28,PAID
8053,1957,756.91,2026-09-28,PAID
8054,1124,4279.36,2026-09-24,PAID
8055,1134,3077.64,2026-08-20,PAID
8056,1966,964.40,2026-09-28,PENDING
8057,1928,417.33,2026-06-16,CANCELLED
8058,1856,4128.28,2026-07-21,PAID
8059,1277,2379.04,2026-09-24,PENDING
8060,1681,1175.92,2026-02-25,PENDING
8061,1858,2170.44,2026-06-07,PAID
8062,1279,1107.58,2026-04-15,PAID
8063,1528,1560.92,2026-09-01,CANCELLED
8064,1555,1207.73,2026-08-16,PAID
8065,1632,3932.37,2026-08-23,PAID
8066,1890,4557.68,2026-07-02,PAID
8067,1688,4560.39,2026-03-22,PAID
8068,1353,3367.92,2026-07-03,PAID
8069,1613,3805.47,2026-01-30,PAID
8070,1665,2920.72,2026-01-12,PAID
8071,1807,539.19,2026-01-01,PENDING
8072,1641,4167.46,2026-03-02,PAID
8073,1393,3396.79,2026-04-23,PAID
8074,1447,4477.86,2026-04-07,PAID
8075,1679,4692.47,2026-05-05,PAID
8076,1921,3931.98,2026-05-13,PAID
8077,1066,2703.17,2026-05-03,PAID
8078,1883,2542.29,2026-08-19,PAID
8079,1160,3805.19,2026-06-23,PAID
8080,1274,4844.73,2026-07-04,PAID
8081,1188,2974.29,2026-09-23,PAID
8082,1542,3636.04,2026-07-25,PAID
8083,1605,4460.21,2026-05-22,PAID
8084,1209,1511.37,2026-09-24,PAID
8085,1406,3734.45,2026-07-15,PAID
8086,1879,3629.08,2026-08-07,PAID
8087,1833,3563.36,2026-05-04,PAID
8088,1382,1212.62,2026-04-15,PAID
8089,1001,4703.05,2026-09-12,PAID
8090,1903,568.86,2026-06-14,PENDING
8091,1954,38.94,2026-02-21,PAID
8092,1852,1207.89,2026-06-02,PENDING
8093,1248,3812.35,2026-03-25,PAID
8094,1193,2292.96,2026-08-13,PENDING
8095,1340,4610.55,2026-05-10,PAID
8096,1456,1501.85,2026-03-20,CANCELLED
8097,1553,3874.36,2026-03-07,CANCELLED
8098,1666,1457.94,2026-05-28,PENDING
8099,1164,4351.57,2026-04-14,PAID
8100,1782,1138.16,2026-03-02,PENDING
8101,1967,3480.19,2026-05-17,PAID
8102,1693,3981.53,2026-01-21,PENDING
8103,1867,1562.17,2026-06-05,PENDING
8104,1048,667.18,2026-07-12,PAID
8105,1483,46.51,2026-02-13,PAID
8106,1604,530.25,2026-05-18,PENDING
8107,1350,1130.83,2026-04-30,PENDING
8108,1990,,2026-07-01,PAID
8109,1276,4529.91,2026-09-11,PAID
8110,1190,2005.08,2026-02-30,PENDING
8111,1942,3281.95,2026-09-16,CANCELLED
8112,1839,2398.17,2026-02-08,PAID
8113,1122,2144.84,2026-09-15,PAID
8114,1181,2814.32,2026-09-18,PAID
8115,1044,1083.43,2026-03-02,PAID
8116,1967,495.33,2026-03-01,PENDING
8117,1755,2227.47,2026-02-04,PAID
8118,1813,2653.41,2026-01-04,PAID
8119,1357,734.02,2026-03-25,PAID
8120,1222,4840.69,2026-04-07,PENDING
8121,1201,2910.78,2026-01-28,PAID
8122,1312,3256.56,2026-01-24,PAID
8123,1970,288.83,2026-05-02,PAID
8124,1655,3843.46,2026-05-09,PAID
8125,1511,2339.90,2026-01-01,PAID
8126,1592,1257.80,2026-01-10,CANCELLED
8127,1591,848.45,2026-09-04,PAID
8128,1812,2789.76,2026-04-28,PENDING
8129,1016,8.09,2026-09-28,PAID
8130,1402,2224.87,2026-05-13,PAID
8131,1999,3316.20,2026-04-04,PENDING
8132,1102,341.35,2026-02-10,PAID
8133,1089,3924.41,2026-05-23,PAID
8134,1803,2357.99,2026-07-09,PENDING
8135,1161,-795.87,2026-03-03,CANCELLED
8136,1796,2543.35,2026-04-23,PENDING
8137,1576,213.33,2026-07-20,PAID
8138,1396,4154.65,2026-07-30,PENDING
8139,1751,4572.34,2026-09-16,PAID
8140,1366,3323.78,2026-09-08,PAID
8141,1600,4103.65,2026-01-31,PAID
8142,1544,2057.92,2026-05-17,PAID
8143,1588,1109.08,2026-04-06,PENDING
8144,1543,3020.89,2026-01-10,PENDING
8145,1545,1241.88,2026-05-16,CANCELLED
8146,1255,3999.66,2026-09-22,PAID
8147,1688,1848.92,2026-06-17,PAID
8148,1378,1307.33,2026-04-09,PENDING
8149,1774,183.15,2026-03-22,PENDING
8150,1382,2861.96,2026-05-14,PAID
8151,1780,103.72,2026-08-30,PAID
8152,1561,4586.13,2026-09-11,PAID
8153,1590,4814.67,2026-02-06,CANCELLED
8154,1727,3277.35,2026-07-16,PAID
8155,1730,3229.05,2026-05-31,PENDING
8156,1412,1632.97,2026-04-28,PENDING
8157,1046,4618.64,2026-02-04,PAID
8158,1938,4261.85,2026-07-28,PAID
8159,1591,1630.98,2026-09-15,PAID
8160,1181,4026.74,2026-04-19,PAID
8161,1656,2622.07,2026-07-31,CANCELLED
8162,1024,690.71,2026-07-31,PAID
8163,1418,984.23,2026-04-15,CANCELLED
8164,1648,1562.54,2026-06-22,PENDING
8165,1963,214.54,2026-08-28,PAID
8166,1949,340.21,2026-07-22,PAID
8167,1900,2227.10,2026-07-21,PENDING
8168,1690,95.08,2026-05-28,PAID
8169,1001,79.77,2026-06-07,PAID
8170,1570,3969.31,2026-06-19,PAID
8171,1016,1857.02,2026-05-12,PENDING
8172,1737,4701.43,2026-02-06,PAID
8173,1479,2681.72,2026-07-31,PAID
8174,1334,1036.05,2026-06-01,PAID
8175,1787,166.25,2026-05-08,PAID
8176,1451,1510.76,2026-03-02,PENDING
8177,1713,4634.72,2026-07-30,PAID
8178,1397,2920.86,2026-05-01,PAID
8179,1746,2956.17,2026-04-22,CANCELLED
8180,1103,1012.03,2026-08-28,CANCELLED
8181,1273,4420.10,2026-05-07,PAID
8182,1730,2930.85,2026-08-14,PENDING
8183,1137,1111.09,2026-03-31,PAID
8184,1440,997.25,2026-09-01,PENDING
8185,1186,3388.42,2026-06-24,PAID
8186,1994,4812.27,2026-08-05,PAID
8187,1418,2850.72,2026-05-29,PAID
8188,1757,4589.51,2026-03-23,PAID
8189,1043,1412.16,2026-01-01,PENDING
8190,1526,3894.60,2026-06-27,PAID
8191,1908,3659.27,2026-07-11,PAID
8192,1248,1878.55,2026-05-20,PAID
8193,1393,3516.50,2026-08-18,PAID
8194,1149,112.53,2026-05-06,PAID
8195,1233,1457.30,2026-06-17,PAID
8196,1364,3626.72,2026-01-19,PAID
8197,1154,3743.34,2026-04-08,PAID
8198,1923,1462.66,2026-01-20,PENDING
8199,1207,3362.20,2026-07-19,PAID
8200,1958,1148.00,2026-08-16,PAID
8201,1934,130.94,2026-08-28,CANCELLED
8202,1860,2825.24,2026-07-21,PAID
8203,1999,3897.38,2026-09-23,PAID
8204,1341,4563.77,2026-01-10,PENDING
8205,1897,3088.39,2026-07-05,PAID
8206,1132,3393.77,2026-08-09,PAID
8207,1716,243.24,2026-07-21,PAID
8208,1849,3702.40,2026-07-08,PAID
8209,1696,1958.69,2026-03-10,PAID
8210,1026,2882.42,2026-05-08,PAID
8211,1698,2161.02,2026-06-12,PENDING
8212,1744,1726.93,2026-08-02,PENDING
8213,1306,4977.14,2026-01-21,CANCELLED
8214,1656,4028.15,2026-09-24,PAID
8215,1037,1542.80,2026-07-26,PAID
8216,1752,2518.84,2026-01-08,PENDING
8217,1392,4420.82,2026-03-23,PENDING
8218,1695,4905.56,2026-05-21,PAID
8219,1108,3215.18,2026-08-16,PAID
8220,1276,417.98,2026-02-12,PENDING
8221,1261,-749.02,2026-04-16,PENDING
8222,1459,4934.95,2026-04-14,PAID
8223,1714,4150.35,2026-07-03,CANCELLED
8224,1440,2600.38,2026-01-03,PENDING
8225,1453,3518.54,2026-09-13,PAID
8226,1771,4832.33,2026-01-11,PENDING
8227,1097,2461.04,2026-05-27,PAID
8228,1767,3074.05,2026-08-05,PENDING
8229,1790,4847.47,2026-05-07,PAID
8230,1290,3193.23,2026-05-19,PAID
8231,1652,254.05,2026-03-31,PAID
8232,1940,2741.24,2026-09-09,PENDING
8233,1230,4810.41,2026-02-03,PAID
8234,1359,2313.89,2026-08-16,PAID
8235,1980,2795.87,2026-04-22,PAID
8236,1075,3712.58,2026-03-25,CANCELLED
8237,1040,3416.71,2026-02-02,PAID
8238,1606,3691.44,2026-03-24,CANCELLED
8239,1951,2347.93,2026-04-11,PAID
8240,1275,4811.46,2026-09-25,PAID
8241,1568,4482.65,2026-02-07,CANCELLED
8242,1616,1362.88,2026-09-21,PAID
8243,1888,1072.27,2026-01-08,PENDING
8244,1550,3291.54,2026-04-03,PENDING
8245,1767,149.27,2026-03-10,PAID
8246,1764,3446.88,2026-01-14,PENDING
8247,1077,3600.81,2026-02-12,PENDING
8248,1539,1564.88,2026-05-06,CANCELLED
8249,1136,3157.33,2026-09-11,PAID
8250,1828,4581.59,2026-04-14,PAID
8251,1460,4478.85,2026-06-08,PAID
8252,1964,44.57,2026-03-20,PAID
8253,1361,3279.31,2026-08-30,PAID
8254,1179,3230.46,2026-09-28,PAID
8255,1717,1885.75,2026-05-02,PENDING
8256,1794,4980.47,2026-03-24,PAID
8257,1784,1169.65,2026-06-22,PAID
8258,1948,558.29,2026-03-12,PENDING
8259,1378,264.52,2026-05-19,PAID
8260,1872,2457.18,2026-09-28,PAID
8261,1109,2382.09,2026-09-03,PAID
8262,1281,4154.66,2026-01-05,PAID
8263,1215,869.18,2026-01-03,PENDING
8264,1899,1535.37,2026-01-16,PAID
8265,1441,1188.80,2026-07-18,CANCELLED
8266,1713,3190.83,2026-02-04,PAID
8267,1802,932.25,2026-09-16,PAID
8268,1325,4312.75,2026-03-18,PAID
8269,1064,3916.42,2026-04-17,PENDING
8270,1547,2870.05,2026-08-13,PAID
8271,1109,403.67,2026-08-08,PAID
8272,1841,1269.93,2026-07-10,PENDING
8273,1032,1946.45,2026-06-15,CANCELLED
8274,1660,3700.03,2026-07-19,PAID
8275,1948,4781.90,2026-03-12,PAID
8276,1448,2420.98,2026-03-04,PAID
8277,1619,249.41,2026-01-05,CANCELLED
8278,1065,1002.33,2026-04-25,PAID
8279,1393,3248.00,2026-08-06,PENDING
8280,1059,1054.64,2026-03-16,PAID
8281,1687,909.76,2026-03-14,PENDING
8282,1589,928.95,2026-01-11,PAID
8283,1388,2127.03,2026-04-05,PAID
8284,1297,4300.99,2026-03-23,CANCELLED
8285,1946,1096.83,2026-03-27,PAID
8286,1110,185.47,2026-05-24,PENDING
8287,1453,464.87,2026-06-01,PAID
8288,1885,3637.91,2026-07-28,PAID
8289,1997,4648.26,2026-08-21,PAID
8290,1808,1863.70,2026-02-17,PENDING
8291,1230,2064.73,2026-01-02,PENDING
8292,1361,2930.33,2026-09-07,PAID
8293,1370,1937.81,2026-01-26,PENDING
8294,1044,1361.73,2026-06-17,PAID
8295,1701,4415.60,2026-02-21,PENDING
8296,1297,3174.84,2026-05-09,PENDING
8297,1814,2070.51,2026-09-07,PENDING
8298,1050,2541.19,2026-07-07,PAID
8299,1933,179.36,2026-06-27,PAID
8300,1069,4987.02,2026-04-03,PENDING
8301,1509,3599.21,2026-09-05,PAID
8302,1613,129.47,2026-02-14,PAID
8303,1069,2838.76,2026-09-23,PAID
8304,1879,1319.30,2026-09-01,PAID
8305,1028,2346.09,2026-07-03,PAID
8306,1485,1848.96,2026-05-24,PAID
8307,1158,4327.86,2026-04-05,PAID
8308,1402,3813.70,2026-02-28,PAID
8309,1613,3127.64,2026-06-20,PENDING
8310,1959,3558.30,2026-05-06,PENDING
8311,1645,2135.21,2026-01-10,CANCELLED
8312,1218,4124.74,2026-05-01,PAID
8313,1515,2777.05,2026-09-26,PENDING
8314,1239,712.98,2026-05-18,PAID
8315,1904,2851.25,2026-01-31,PAID
8316,1032,4457.18,2026-06-19,PAID
8317,1742,1868.81,2026-02-07,PAID
8318,1045,1020.31,2026-04-26,CANCELLED
8319,1351,2111.19,2026-06-25,PAID
8320,1580,40.19,2026-09-09,CANCELLED
8321,1569,4895.61,2026-09-08,PAID
8322,1329,3934.84,2026-08-21,PAID
8323,1394,2973.62,2026-04-04,PENDING
8324,1251,4217.82,2026-08-30,PAID
8325,1414,3388.38,2026-03-16,PAID
8326,1133,3884.04,2026-02-07,PAID
8327,1031,2998.31,2026-01-23,PAID
8328,1714,600.98,2026-07-27,PAID
8329,1695,1236.25,2026-03-27,CANCELLED
8330,1034,3212.75,2026-03-19,PAID
8331,1459,2188.52,2026-01-16,PAID
8332,1268,1775.27,2026-07-28,PAID
8333,1057,1425.77,2026-03-22,PAID
8334,1700,63.51,2026-05-18,PAID
8335,1159,1799.22,2026-05-13,PAID
8336,1734,4990.43,2026-02-20,PAID
8337,1715,723.15,2026-04-13,PAID
8338,1670,2786.37,2026-04-30,PAID
8339,1131,2707.42,2026-08-12,PAID
8340,1947,251.86,2026-07-01,PAID
8341,1323,354.08,2026-02-16,CANCELLED
8342,1657,681.66,2026-01-01,PENDING
8343,1562,84.95,2026-02-08,PAID
8344,1771,1338.81,2026-03-16,PAID
8345,1255,3295.58,2026-02-11,PAID
8346,1968,3607.33,2026-09-08,PAID
8347,1450,3434.06,2026-01-22,PAID
8348,1338,2749.54,2026-01-24,PAID
8349,1353,495.40,2026-07-05,PAID
8350,1955,436.95,2026-06-11,PAID
8351,1706,4737.67,2026-03-16,PAID
8352,1776,3292.53,2026-01-19,PENDING
8353,1601,4731.48,2026-01-10,PAID
8354,1999,729.48,2026-08-18,PAID
8355,1293,2810.38,2026-06-24,CANCELLED
8356,1834,2939.14,2026-09-13,PAID
8357,1412,98.94,2026-02-11,PENDING
8358,1443,3551.20,2026-02-03,PAID
8359,1988,4017.11,2026-01-11,PAID
8360,1610,3493.57,2026-07-09,PENDING
8361,1367,2072.58,2026-03-01,CANCELLED
8362,1769,3447.36,2026-04-19,CANCELLED
8363,1370,1139.42,2026-01-25,PAID
8364,1504,2699.14,2026-08-08,PENDING
8365,1646,1596.52,2026-06-13,PAID
8366,1297,3526.46,2026-08-20,PAID
8367,1480,2715.05,2026-03-18,CANCELLED
8368,1588,270.60,2026-02-23,PAID
8369,1527,3762.98,2026-09-15,CANCELLED
8370,1708,4989.40,2026-01-11,PAID
8371,1723,4896.24,2026-06-27,PAID
8372,1955,953.23,2026-09-13,PAID
8373,1825,4380.06,2026-01-24,PENDING
8374,1103,982.43,2026-08-16,PAID
8375,1272,1196.90,2026-01-11,PAID
8376,1857,4530.01,2026-04-13,PAID
8377,1680,2616.99,2026-05-07,PENDING
8378,1806,1918.75,2026-04-04,PAID
8379,1677,373.21,2026-08-02,CANCELLED
8380,1876,3924.83,2026-07-20,PAID
8381,1844,2788.80,2026-06-04,PAID
8382,1959,4055.11,2026-04-29,PAID
8383,1327,1802.87,2026-05-17,PAID
8384,1275,4119.79,2026-07-01,PENDING
8385,1852,2464.18,2026-06-20,PAID
8386,1588,4219.54,2026-04-15,PENDING
8387,1873,2194.14,2026-02-04,PAID
8388,1944,36.65,2026-04-01,PAID
8389,1785,1833.96,2026-02-05,PAID
8390,1297,2210.99,2026-07-07,PAID
8391,1485,2024.57,2026-02-04,PAID
8392,1479,483.33,2026-01-21,PENDING
8393,1791,3314.56,2026-02-27,PAID
8394,1256,3551.36,2026-05-07,PAID
8395,1155,582.31,2026-02-01,PAID
8396,1605,103.81,2026-04-08,PAID
8397,1141,917.37,2026-08-16,PAID
8398,1441,2850.60,2026-08-20,PENDING
8399,1692,3242.72,2026-01-31,PAID
8400,1862,1563.83,2026-02-24,PAID
8401,1853,162.45,2026-02-04,PAID
8402,1324,-1115.33,2026-08-27,PENDING
8403,1026,1673.50,2026-05-07,PAID
8404,1360,1724.61,2026-04-21,PENDING
8405,1530,2574.09,2026-04-06,PAID
8406,1856,4985.90,2026-07-12,PAID
8407,1186,97.29,2026-09-18,PAID
8408,1227,3737.64,2026-09-09,PAID
8409,1575,4598.91,2026-02-17,PAID
8410,1209,4728.55,2026-01-30,PENDING
8411,1544,2530.64,2026-06-29,PAID
8412,1119,3515.61,2026-06-26,PAID
8413,1508,4357.11,2026-08-13,PENDING
8414,1798,3850.56,2026-01-15,PAID
8415,1839,4901.66,2026-07-16,PAID
8416,1614,2579.97,2026-04-25,PAID
8417,1818,1196.33,2026-08-20,CANCELLED
8418,1976,3448.72,2026-01-20,PAID
8419,1590,1562.42,2026-07-18,CANCELLED
8420,1427,798.32,2026-06-07,PAID
8421,1734,2006.65,2026-06-03,PAID
8422,1350,4455.42,2026-01-02,PAID
8423,1026,4397.27,2026-03-31,PAID
8424,1009,3602.42,2026-01-26,PAID
8425,1203,3474.46,2026-04-15,PAID
8426,1435,2721.68,2026-02-07,PAID
8427,1235,2192.44,2026-06-21,PAID
8428,1300,4704.44,2026-01-02,PENDING
8429,1689,786.87,2026-05-13,CANCELLED
8430,1260,1717.09,2026-05-06,PAID
8431,1903,4371.97,2026-06-06,PAID
8432,1088,3072.77,2026-09-17,PAID
8433,1708,3443.73,2026-03-27,PAID
8434,1289,3860.09,not-a-date,PAID
8435,1853,4188.69,2026-04-03,CANCELLED
8436,1389,2741.49,2026-01-08,PAID
8437,1538,321.92,2026-07-09,PAID
8438,1618,4019.83,2026-05-24,CANCELLED
8439,1622,4568.11,2026-04-27,PAID
8440,1006,2716.64,2026-05-22,PAID
8441,1430,3118.40,2026-09-05,PAID
8442,1350,4773.94,2026-04-09,PAID
8443,1152,2243.01,2026-01-12,PAID
8444,1024,2261.20,2026-03-10,PAID
8445,1045,699.59,2026-07-24,PAID
8446,1119,4509.19,2026-03-12,PAID
8447,1755,1190.78,2026-05-31,PAID
8448,1929,3713.51,2026-07-23,PAID
8449,1265,1981.53,2026-08-10,PENDING
8450,1946,579.29,2026-04-13,PAID
8451,1574,2939.42,2026-05-27,PAID
8452,1475,3115.58,2026-08-19,PAID
8453,1863,4588.67,2026-06-15,CANCELLED
8454,1310,4764.00,2026-05-30,PAID
8455,1897,3232.98,2026-05-30,PAID
8456,1776,3849.95,2026-01-24,PAID
8457,1053,108.02,2026-09-11,PAID
8458,1889,2772.91,2026-05-21,PENDING
8459,1688,2691.41,2026-06-19,CANCELLED
8460,1220,1061.53,2026-02-12,CANCELLED
8461,1630,76.50,2026-06-23,PAID
8462,1142,3465.73,2026-04-15,PAID
8463,1932,-3357.57,2026-06-27,PAID
8464,1959,2488.35,2026-09-16,PAID
8465,1526,1672.57,2026-07-29,PAID
8466,1880,918.82,2026-02-04,PENDING
8467,1269,3672.41,2026-09-03,PAID
8468,1281,2034.67,2026-01-13,PAID
8469,1278,1858.83,2026-03-23,PAID
8470,1864,105.21,2026-05-24,PAID
8471,1007,2005.21,2026-01-11,PAID
8472,1187,4497.38,2026-02-17,PAID
8473,1025,1216.60,2026-07-30,PENDING
8474,1066,511.13,2026-03-24,CANCELLED
8475,1744,1246.10,2026-08-13,PENDING
8476,1469,1654.26,2026-06-25,PAID
8477,1211,3804.65,2026-04-25,PENDING
8478,1726,4718.48,2026-06-15,PAID
8479,1757,1740.48,2026-03-20,PENDING
8480,1970,2589.47,2026-06-30,PENDING
8481,1948,2581.11,2026-02-11,PAID
8482,1691,1178.88,2026-08-02,PAID
8483,1194,544.36,2026-02-09,PENDING
8484,1665,1527.61,2026-02-12,PAID
8485,1989,461.12,2026-02-08,PAID
8486,1356,1170.00,2026-08-11,PAID
8487,1205,4208.94,2026-03-12,PAID
8488,1890,2722.81,2026-06-16,PAID
8489,1079,4664.16,2026-08-06,PAID
8490,1983,1142.57,2026-09-01,PAID
8491,1023,1038.62,2026-09-22,CANCELLED
8492,1913,29.80,2026-02-20,PAID
8493,1831,1155.52,2026-05-27,PAID
8494,1660,4683.32,2026-05-20,PAID
8495,1428,3140.82,2026-04-06,PAID
8496,1765,3897.81,2026-02-16,PENDING
8497,1343,3436.24,2026-07-30,CANCELLED
8498,1491,3706.42,2026-03-22,PAID
8499,1090,4783.25,2026-09-17,PAID
8500,1778,3367.67,2026-04-01,PAID
8501,1551,10.90,2026-05-26,PAID
8502,1190,299.73,2026-05-28,PAID
8503,1316,3298.04,2026-05-29,PAID
8504,1843,2679.14,2026-08-31,PAID
8505,1674,552.62,2026-02-13,PAID
8506,1490,1133.32,2026-04-07,PENDING
8507,1791,2443.88,2026-09-06,CANCELLED
8508,1459,2153.42,2026-06-18,PAID
8509,1169,745.62,2026-07-01,CANCELLED
8510,1224,2327.63,2026-02-15,PAID
8511,1015,1278.43,2026-07-12,PAID
8512,1396,4614.71,2026-05-30,CANCELLED
8513,1168,3018.92,2026-09-11,PAID
8514,1498,4777.90,2026-09-12,PAID
8515,1974,4404.37,2026-09-08,PAID
8516,1468,4002.53,2026-09-02,PAID
8517,1982,4967.91,2026-06-02,PAID
8518,1107,1058.21,2026-02-16,PENDING
8519,1556,3649.61,2026-01-14,CANCELLED
8520,1601,2064.10,2026-09-14,CANCELLED
8521,1541,2251.08,2026-07-28,PENDING
8522,1346,781.28,2026-08-15,PAID
8523,1477,4277.01,2026-02-30,PAID
8524,1004,4716.06,2026-06-04,PAID
8525,1897,3574.65,2026-06-21,PAID
8526,1836,4860.50,2026-03-02,PAID
8527,1692,3522.80,2026-05-16,PENDING
8528,1072,2303.68,2026-03-21,PAID
8529,1361,909.05,2026-07-02,PAID
8530,1199,2190.80,2026-04-15,PAID
8531,1370,1337.41,2026-02-24,PENDING
8532,1736,1881.50,2026-05-25,PAID
8533,1958,3518.13,2026-03-11,PENDING
8534,1120,1710.53,2026-06-02,CANCELLED
8535,1915,2412.11,2026-01-30,PENDING
8536,1964,3786.87,2026-08-01,CANCELLED
8537,1354,1890.09,2026-07-18,PAID
8538,1104,2496.28,2026-05-23,PAID
8539,1451,1734.49,2026-05-31,PENDING
8540,1245,995.43,2026-04-25,PAID
8541,1931,2821.81,2026-09-28,PENDING
8542,1945,4873.47,2026-05-01,CANCELLED
8543,1830,831.38,2026-08-19,PENDING
8544,1534,185.40,2026-01-18,PAID
8545,1550,279.07,2026-04-12,PAID
8546,1744,4048.13,2026-03-27,PENDING
8547,1797,3471.49,2026-07-07,PAID
8548,1146,1527.49,2026-06-01,PAID
8549,1420,2692.26,2026-06-22,PAID
8550,1793,567.08,2026-07-18,PAID
8551,1732,115.67,2026-07-02,PAID
8552,1818,1864.35,2026-01-06,PAID
8553,1439,654.18,2026-08-13,PAID
8554,1568,2045.04,2026-08-13,PAID
8555,1328,548.89,2026-04-30,PAID
8556,1362,1201.50,2026-05-20,CANCELLED
8557,1868,1164.12,2026-06-15,CANCELLED
8558,1205,3493.43,2026-08-01,PENDING
8559,1925,2479.47,2026-07-16,PAID
8560,1288,4608.29,2026-07-29,PAID
8561,1130,1966.97,2026-07-31,CANCELLED
8562,1066,4430.99,2026-02-28,PENDING
8563,1756,850.17,2026-06-22,PAID
8564,1534,1824.22,2026-05-13,PAID
8565,1001,-4692.09,2026-04-09,PAID
8566,1694,259.62,2026-05-27,PAID
8567,1450,1807.53,2026-09-01,PAID
8568,1675,4249.24,2026-01-14,PAID
8569,1947,2506.24,2026-09-16,PAID
8570,1771,4447.36,2026-02-21,PAID
8571,1359,2650.68,2026-02-16,PAID
8572,1468,1368.08,2026-05-23,PAID
8573,1703,1743.71,2026-05-22,CANCELLED
8574,1858,4697.84,2026-07-16,PAID
8575,1016,4684.39,2026-01-27,PENDING
8576,1325,3497.97,2026-06-14,PAID
8577,1203,3927.10,2026-02-26,PAID
8578,1725,242.80,2026-02-04,PENDING
8579,1985,4633.05,2026-05-24,PAID
8580,1620,4788.51,2026-04-02,PAID
8581,1556,4440.23,2026-03-19,PENDING
8582,1697,1344.98,2026-04-19,PENDING
8583,1315,1911.80,2026-02-02,PENDING
8584,1835,3770.46,2026-03-24,PAID
8585,1782,36.66,2026-02-27,PENDING
8586,1292,4608.78,2026-06-01,PAID
8587,1499,1155.27,2026-05-14,PAID
8588,1095,1948.91,2026-02-23,PAID
8589,1847,1453.12,2026-07-18,PENDING
8590,1053,1545.30,2026-03-19,PENDING
8591,1331,1964.77,2026-01-09,CANCELLED
8592,1526,3400.66,2026-02-11,CANCELLED
8593,1583,4680.05,2026-01-12,PAID
8594,1411,1976.39,2026-08-25,PAID
8595,1209,4288.81,2026-03-30,PAID
8596,1571,3092.06,2026-08-25,PAID
8597,1716,1171.69,2026-07-09,PENDING
8598,1099,4980.99,2026-05-27,PAID
8599,1394,3389.98,2026-03-22,PENDING
8600,1116,2731.16,2026-08-10,PAID
8601,1565,2100.85,2026-04-30,PAID
8602,1106,2164.16,2026-01-05,CANCELLED
8603,1176,4873.27,2026-03-02,PAID
8604,1244,2579.54,2026-06-30,PENDING
8605,1405,1326.79,2026-04-26,PAID
8606,1889,611.76,2026-06-06,PENDING
8607,1698,4539.88,2026-02-09,PENDING
8608,1753,835.25,2026-07-17,PAID
8609,1934,4798.12,2026-07-28,CANCELLED
8610,1239,4818.80,2026-03-10,PENDING
8611,1120,3331.97,2026-01-24,PAID
8612,1224,848.93,2026-06-20,PENDING
8613,1799,1332.00,2026-03-06,PAID
8614,1356,215.13,2026-07-08,PAID
8615,1968,2525.96,2026-08-19,PAID
8616,1981,697.17,2026-06-20,CANCELLED
8617,1290,2539.35,2026-08-13,PAID
8618,1978,987.56,2026-02-25,PENDING
8619,1177,749.86,2026-03-20,PAID
8620,1648,3717.88,2026-05-18,PENDING
8621,1154,4666.69,2026-06-09,PENDING
8622,1156,3155.76,2026-04-01,PAID
8623,1641,2472.04,2026-08-29,PAID
8624,1719,4744.37,2026-04-09,PAID
8625,1658,144.23,2026-08-15,PENDING
8626,1043,2975.62,2026-03-10,PAID
8627,1792,1644.12,2026-08-23,CANCELLED
8628,1301,3498.80,2026-05-31,PENDING
8629,1694,1040.17,2026-08-29,PENDING
8630,1279,4580.51,2026-04-11,PAID
8631,1131,2267.65,2026-05-05,PAID
8632,1477,1555.48,2026-02-19,CANCELLED
8633,1100,1503.24,2026-03-18,PAID
8634,1571,4831.55,2026-03-04,PAID
8635,1716,1454.28,2026-08-12,PAID
8636,1964,4836.81,2026-03-28,PAID
8637,1384,4575.79,2026-07-16,PAID
8638,1852,4323.94,2026-01-01,PENDING
8639,1713,345.74,2026-03-07,PAID
8640,1579,2419.21,2026-09-20,PENDING
8641,1644,4723.56,2026-02-22,PAID
8642,1073,336.76,2026-02-23,PAID
8643,1864,3537.07,2026-04-02,PAID
8644,1883,2439.71,2026-03-14,PAID
8645,1695,1491.55,2026-07-25,PAID
8646,1305,2865.44,2026-02-28,PENDING
8647,1313,4587.77,2026-09-03,CANCELLED
8648,1452,4655.19,2026-06-25,PAID
8649,1647,3383.34,2026-07-11,PAID
8650,1447,4409.19,2026-04-23,PENDING
8651,1705,3766.95,2026-05-22,PENDING
8652,1762,3464.76,2026-05-30,PAID
8653,1079,2325.54,2026-05-19,PAID
8654,1546,368.04,2026-04-15,PENDING
8655,1322,1881.47,2026-02-20,PAID
8656,1550,2124.52,2026-02-14,PAID
8657,1555,4146.43,2026-09-27,PAID
8658,1079,1761.70,2026-09-08,PAID
8659,1311,4537.23,2026-05-28,PENDING
8660,1437,3766.77,2026-08-25,CANCELLED
8661,1734,1164.62,2026-02-09,PAID
8662,1505,3290.86,2026-05-16,PAID
8663,1247,2724.48,2026-03-30,PAID
8664,1325,2074.80,2026-08-07,PENDING
8665,1170,1356.94,2026-05-02,PENDING
8666,1056,4691.00,2026-09-26,PAID
8667,1162,1792.22,2026-03-02,PAID
8668,1245,3800.52,2026-09-16,PENDING
8669,1989,4139.21,2026-05-06,PENDING
8670,1716,4282.60,2026-08-27,CANCELLED
8671,1674,4605.34,2026-02-24,PAID
8672,1212,4980.45,2026-08-26,PAID
8673,1462,2619.12,2026-02-03,PAID
8674,1138,3070.91,2026-09-29,PENDING
8675,1052,1110.47,2026-02-11,PAID
8676,1443,2115.62,2026-01-03,CANCELLED
8677,1051,2461.26,2026-03-24,PAID
8678,1373,4849.03,2026-09-08,PAID
8679,1245,4074.62,2026-03-03,PAID
8680,1525,2807.31,2026-01-23,PAID
8681,1461,828.86,2026-08-03,PAID
8682,1126,3434.07,2026-01-05,PAID
8683,1223,3560.57,2026-08-03,PAID
8684,1705,3079.10,2026-04-09,PAID
8685,1725,1612.16,2026-07-11,PAID
8686,1351,1222.83,2026-05-19,PAID
8687,1403,3904.31,2026-04-08,PENDING
8688,1020,2583.85,2026-03-13,PAID
8689,1999,932.77,2026-06-23,PAID
8690,1330,2573.16,2026-04-02,PENDING
8691,1207,4077.56,2026-08-19,PAID
8692,1113,2788.24,2026-06-21,PAID
8693,1331,3689.58,2026-03-21,PAID
8694,1763,4558.51,2026-01-17,PAID
8695,1784,1353.73,2026-09-13,PAID
8696,1247,1905.61,2026-03-27,PAID
8697,1763,4585.37,2026-06-25,PENDING
8698,1302,1144.18,2026-03-19,PAID
8699,1142,2385.97,2026-03-24,PAID
8700,1355,4849.76,2026-09-24,PAID
8701,1098,2081.41,2026-02-30,PENDING
8702,1842,3047.11,2026-08-24,PAID
8703,1239,4654.97,2026-06-30,PENDING
8704,1711,1860.04,2026-04-19,PAID
8705,1242,651.91,2026-03-21,PENDING
8706,1967,2943.38,2026-04-18,PAID
8707,1287,2870.33,2026-03-02,PAID
8708,1359,4053.29,2026-04-25,CANCELLED
8709,1339,166.79,2026-05-12,PAID
8710,1676,842.40,2026-08-19,PAID
8711,1101,1500.21,2026-05-19,CANCELLED
8712,1476,3950.31,2026-05-22,PAID
8713,1430,2917.99,2026-02-09,PAID
8714,1334,1543.85,2026-04-09,PENDING
8715,1322,4152.18,2026-03-27,PENDING
8716,1410,1839.70,2026-02-06,PENDING
8717,1957,158.16,2026-06-26,PAID
8718,1180,3543.93,2026-04-24,PAID
8719,1235,658.35,2026-05-02,PAID
8720,1729,922.73,2026-04-02,PAID
8721,1330,778.43,2026-02-04,PAID
8722,1480,2575.92,2026-05-28,PENDING
8723,1268,1973.14,2026-05-13,PAID
8724,1292,4228.17,2026-07-18,PENDING
8725,1738,1578.89,2026-08-27,PAID
8726,1921,3949.95,2026-07-06,PAID
8727,1575,462.15,2026-01-20,PAID
8728,1944,2972.25,2026-01-06,PAID
8729,1531,1365.73,2026-09-06,PAID
8730,1490,4858.43,2026-09-14,PAID
8731,1924,895.48,2026-05-10,UNKNOWN
8732,1465,3686.76,2026-02-08,PAID
8733,1222,4137.79,2026-01-17,PAID
8734,1157,3345.36,2026-04-05,PENDING
8735,1620,4536.80,2026-03-11,PAID
8736,1345,2222.39,2026-04-26,PAID
8737,1893,1061.57,2026-03-21,PAID
8738,1954,408.99,2026-03-11,PAID
8739,1063,762.37,2026-05-13,PAID
8740,1288,2482.74,2026-01-25,PAID
8741,1694,808.08,2026-02-15,PAID
8742,1176,4635.79,2026-05-27,PAID
8743,1121,3718.71,2026-05-10,PAID
8744,1866,1500.01,2026-07-24,PENDING
8745,1583,732.12,2026-01-07,PENDING
8746,1099,-1950.38,2026-06-04,PAID
8747,1556,499.87,2026-06-14,PAID
8748,1502,3325.45,2026-05-10,PENDING
8749,1549,3711.79,2026-06-16,PAID
8750,1943,1872.50,2026-08-25,PENDING
8751,1475,2695.38,2026-03-10,CANCELLED
8752,1135,1777.64,2026-01-13,PAID
8753,1071,2575.79,2026-05-09,PAID
8754,1790,2595.45,2026-02-02,PAID
8755,1376,280.64,2026-09-23,PAID
8756,1795,4883.50,2026-02-11,PAID
8757,1613,3342.08,2026-03-13,PAID
8758,1150,4833.51,2026-06-16,PAID
8759,1175,99.74,2026-08-09,PAID
8760,1608,518.10,2026-04-11,PENDING
8761,1598,2060.88,2026-03-16,PAID
8762,1572,213.28,2026-02-05,PAID
8763,1432,2953.91,2026-05-18,PAID
8764,1690,1464.43,2026-09-30,PAID
8765,1593,3469.27,2026-03-11,PAID
8766,1084,2976.46,2026-07-19,PAID
8767,1401,3396.20,2026-06-13,CANCELLED
8768,1119,1748.74,2026-08-02,PAID
8769,1406,116.98,2026-08-26,PAID
8770,1202,4536.28,2026-01-31,PAID
8771,1916,3998.87,2026-02-08,PAID
8772,1933,1606.71,2026-02-14,PAID
8773,1773,2659.29,2026-08-13,PAID
8774,1949,3644.91,2026-04-27,PAID
8775,1527,2578.82,2026-05-26,PAID
8776,1858,904.86,2026-07-07,PENDING
8777,1046,4259.57,2026-08-03,PENDING
8778,1048,566.90,2026-05-09,PAID
8779,1328,3623.96,2026-07-14,PAID
8780,1474,897.05,2026-09-09,PAID
8781,1816,1549.23,2026-06-15,PAID
8782,1726,4622.15,2026-04-26,PENDING
8783,1305,4937.35,2026-05-28,PAID
8784,1762,2715.20,2026-03-31,PAID
8785,1409,459.44,2026-09-09,PAID
8786,1370,2244.80,2026-05-15,PAID
8787,1714,386.15,2026-04-07,PAID
8788,1751,1574.25,2026-04-19,CANCELLED
8789,1467,4164.31,2026-07-21,PAID
8790,1666,4872.73,2026-04-06,CANCELLED
8791,1185,1659.81,2026-06-04,PAID
8792,1501,2546.35,2026-05-04,PAID
8793,1613,283.24,2026-02-12,PAID
8794,1405,2957.33,2026-07-22,PENDING
8795,1301,2910.89,2026-03-04,PAID
8796,1479,3532.44,2026-01-12,PAID
8797,1424,1832.22,2026-06-24,PAID
8798,1959,3343.03,2026-08-31,CANCELLED
8799,1716,3371.56,2026-01-11,PAID
8800,1486,2202.86,2026-05-09,PAID
8801,1637,1439.34,2026-05-29,CANCELLED
8802,1531,4033.20,2026-01-18,PAID
8803,1362,3509.63,2026-01-20,PAID
8804,1878,3870.55,2026-04-16,PENDING
8805,1511,3881.22,2026-03-29,PAID
8806,1463,,2026-08-30,PAID
8807,1708,4315.17,2026-04-10,PAID
8808,1282,3965.79,2026-08-26,PAID
8809,1536,4787.91,2026-06-07,PAID
8810,1237,3097.94,2026-08-22,CANCELLED
8811,1673,4287.64,2026-01-31,PAID
8812,1539,749.31,2026-09-11,PENDING
8813,1645,1230.07,2026-02-16,PENDING
8814,1675,3259.37,2026-07-26,PAID
8815,1874,902.48,2026-07-25,PAID
8816,1030,2226.76,2026-07-05,PENDING
8817,1047,1572.35,2026-02-06,PAID
8818,1605,2742.44,2026-01-25,PAID
8819,1716,699.50,2026-05-01,CANCELLED
8820,1642,2292.61,2026-03-31,PAID
8821,1135,4955.32,2026-08-27,PAID
8822,1704,4094.30,2026-01-02,PAID
8823,1407,3822.56,2026-08-04,PAID
8824,1029,1458.95,2026-04-03,CANCELLED
8825,1648,221.14,2026-04-03,PAID
8826,1496,1117.45,2026-03-18,PAID
8827,1257,2658.04,2026-05-11,PAID
8828,1606,3162.24,2026-03-28,CANCELLED
8829,1718,1253.59,2026-09-30,PAID
8830,1556,4569.84,2026-06-27,PAID
8831,1208,3345.00,2026-05-21,PAID
8832,1872,1128.88,2026-01-14,PAID
8833,1610,2416.27,2026-03-28,PENDING
8834,1386,3380.88,2026-05-28,PENDING
8835,1434,3816.40,2026-08-23,PAID
8836,1238,-3225.52,2026-01-08,PAID
8837,1078,761.75,2026-04-01,paid
8838,1392,2101.48,2026-08-08,PAID
8839,1867,733.57,2026-02-25,paid
8840,1019,4030.96,2026-03-26,PAID
8841,1974,914.20,2026-06-05,PAID
8842,1929,4374.21,2026-06-16,CANCELLED
8843,1842,2997.27,2026-02-09,PENDING
8844,1509,172.11,2026-09-08,PAID
8845,1635,,2026-09-11,PAID
8846,1140,730.72,2026-08-17,PENDING
8847,1239,101.29,2026-03-13,PAID
8848,1437,1020.54,2026-01-04,CANCELLED
8849,1092,3982.10,2026-04-08,PAID
8850,1656,4097.67,2026-03-07,PENDING
8851,1792,3740.49,2026-08-12,PAID
8852,1133,2439.91,2026-02-17,CANCELLED
8853,1256,4973.28,2026-05-17,PAID
8854,1767,1307.59,2026-05-29,PAID
8855,1361,1899.15,2026-03-09,PAID
8856,1868,3836.34,2026-03-22,PAID
8857,1087,488.98,2026-08-28,PENDING
8858,1882,3760.04,2026-06-05,PAID
8859,1666,2021.13,2026-01-20,PENDING
8860,1519,172.76,2026-01-29,PAID
8861,1613,4858.25,2026-02-19,PENDING
8862,1145,1238.09,2026-07-26,PENDING
8863,1701,4522.88,2026-04-24,PAID
8864,1462,802.30,2026-07-30,PAID
8865,1931,2906.57,2026-09-05,PAID
8866,1157,3265.17,2026-04-03,PENDING
8867,1135,3962.07,2026-03-15,PAID
8868,1448,747.95,2026-07-23,PAID
8869,1153,181.52,2026-09-19,PAID
8870,1094,683.54,2026-02-02,PAID
8871,1386,1823.40,2026-04-10,PAID
8872,1546,3934.13,2026-07-16,PAID
8873,1407,3047.38,2026-09-08,PAID
8874,1585,4998.80,2026-09-25,PENDING
8875,1522,3989.57,2026-01-01,PAID
8876,1024,1010.40,2026-09-11,PAID
8877,1706,4261.08,2026-03-22,PAID
8878,1292,988.62,2026-06-03,PENDING
8879,1480,2169.46,2026-05-27,PAID
8880,1426,3374.12,2026-04-26,PAID
8881,1816,4799.76,2026-07-07,PAID
8882,1961,3832.38,2026-08-03,PAID
8883,1524,4837.50,2026-04-29,CANCELLED
8884,1863,3597.03,2026-04-27,PAID
8885,1833,2519.03,2026-05-20,PAID
8886,1323,998.70,2026-04-07,
8887,1228,3832.72,2026-03-07,PAID
8888,1712,2934.66,2026-09-21,PAID
8889,1099,2129.88,2026-04-14,PAID
8890,1167,1735.40,2026-05-24,PAID
8891,1754,2585.84,2026-03-27,PAID
8892,1892,565.05,2026-01-18,PAID
8893,1642,2776.59,2026-04-04,PAID
8894,1823,955.45,2026-04-21,PENDING
8895,1426,2462.42,2026-08-24,PAID
8896,1451,4981.96,2026-07-31,PAID
8897,1812,84.50,2026-03-31,PAID
8898,1872,2142.32,2026-08-05,PAID
8899,1020,570.71,2026-03-16,PAID
8900,1186,2986.97,2026-08-18,PAID
8901,1056,4075.30,2026-05-19,PAID
8902,1020,3948.74,2026-05-08,PENDING
8903,1946,1350.13,2026-02-01,PENDING
8904,1733,3778.25,2026-03-13,PENDING
8905,1427,4585.48,2026-08-11,PENDING
8906,1417,2819.57,2026-07-06,PENDING
8907,1259,4912.06,2026-01-18,PAID
8908,1776,2139.18,2026-07-23,PAID
8909,1366,2350.92,2026-08-11,CANCELLED
8910,1404,3811.44,2026-04-01,PENDING
8911,1781,2873.93,2026-03-25,PAID
8912,1212,2364.32,2026-06-27,PENDING
8913,1685,4111.57,2026-05-12,PENDING
8914,1119,838.07,2026-01-19,PAID
8915,1353,4855.81,2026-01-14,PAID
8916,1006,3486.64,2026-05-03,PAID
8917,1307,520.38,2026-02-22,PAID
8918,1415,2783.83,2026-07-08,PAID
8919,1839,3577.91,2026-01-11,PENDING
8920,1972,4099.80,2026-05-20,PAID
8921,1046,3734.53,2026-02-03,PAID
8922,1915,3916.21,2026-08-26,CANCELLED
8923,1609,712.61,2026-03-18,PENDING
8924,1733,2436.29,2026-02-10,PAID
8925,1188,1752.15,2026-07-09,CANCELLED
8926,1445,2435.56,2026-09-17,PAID
8927,1511,2120.94,2026-03-11,PAID
8928,1271,1035.13,2026-05-10,PENDING
8929,1087,745.75,2026-04-09,PAID
8930,1075,4210.14,2026-02-25,PAID
8931,1629,3859.86,2026-01-23,PAID
8932,1032,441.61,2026-07-01,PAID
8933,1257,422.57,2026-02-15,PAID
8934,1387,4941.64,2026-03-17,PAID
8935,1615,4947.24,2026-03-07,PAID
8936,1882,4287.70,2026-03-11,PAID
8937,1015,2502.92,2026-05-15,PAID
8938,1984,554.81,2026-07-18,PAID
8939,1426,3463.03,2026-02-04,CANCELLED
8940,1896,4522.06,2026-06-13,PAID
8941,1361,858.61,2026-03-01,PENDING
8942,1020,1633.24,2026-06-30,PAID
8943,1363,4633.53,2026-09-07,PAID
8944,1336,747.98,2026-04-20,PAID
8945,1930,3728.97,2026-05-18,PAID
8946,1143,117.36,2026-03-01,PAID
8947,1869,1170.23,2026-05-09,PAID
8948,1342,1456.91,2026-05-07,PAID
8949,1390,2333.15,2026-05-06,PAID
8950,1609,4934.46,2026-09-25,CANCELLED
8951,1321,4327.22,2026-01-27,PAID
8952,1574,1875.26,2026-07-17,PENDING
8953,1871,3963.47,2026-09-24,PAID
8954,1682,4590.36,2026-07-10,PAID
8955,1580,2603.45,2026-09-25,PAID
8956,1455,4032.04,2026-05-18,PENDING
8957,1580,2901.58,2026-08-08,PAID
8958,1165,229.99,2026-08-29,PENDING
8959,1079,2883.33,2026-09-03,PAID
8960,1290,2698.30,2026-06-26,PAID
8961,1927,501.74,2026-07-05,PAID
8962,1205,4794.54,2026-04-08,PENDING
8963,1881,3871.44,2026-04-25,PAID
8964,1093,4072.98,2026-03-20,PENDING
8965,1113,2084.23,2026-01-15,CANCELLED
8966,1938,2428.12,2026-08-03,PAID
8967,1509,3462.25,2026-04-10,PAID
8968,1318,2311.44,not-a-date,PAID
8969,1638,2359.78,2026-04-08,PAID
8970,1583,2689.49,2026-06-13,PAID
8971,1406,1963.80,2026-07-02,PAID
8972,1441,2853.88,2026-06-06,CANCELLED
8973,1824,4711.29,2026-06-12,PENDING
8974,1193,1369.33,2026-02-27,PAID
8975,1840,1432.97,2026-01-05,PAID
8976,1532,2643.61,2026-06-23,PAID
8977,1728,3483.25,2026-09-06,PAID
8978,1640,2533.39,2026-03-22,PAID
8979,1912,3904.47,2026-09-30,PAID
8980,1319,3900.06,2026-04-06,PAID
8981,1597,3914.83,2026-06-17,PAID
8982,1867,3867.13,2026-03-13,PAID
8983,1306,729.19,2026-05-03,PENDING
8984,1175,1615.15,2026-01-21,PAID
8985,1786,1628.51,2026-01-12,PENDING
8986,1154,4760.40,2026-04-19,PENDING
8987,1990,2473.21,2026-07-11,CANCELLED
8988,1609,1207.20,2026-09-21,PENDING
8989,1935,3776.49,2026-07-26,PAID
8990,1460,4034.66,2026-02-23,CANCELLED
8991,1954,1832.39,2026-04-16,PAID
8992,1769,1378.53,2026-08-03,PAID
8993,1924,767.75,2026-08-17,PENDING
8994,1979,3170.20,2026-01-02,PAID
8995,1720,3060.35,2026-04-18,PENDING
8996,1088,2452.70,2026-01-10,PAID
8997,1337,686.33,2026-06-21,PENDING
8998,1304,1902.52,2026-02-07,PENDING
8999,1392,1967.72,2026-06-26,PAID
9000,1876,3173.49,2026-06-25,PAID
9001,1293,2137.81,2026-07-26,PAID
9002,1717,4027.79,2026-07-03,PAID
9003,1704,4908.25,2026-05-03,PAID
9004,1540,3657.80,2026-09-04,PAID
9005,1098,2903.98,2026-02-24,PAID
9006,1017,4270.23,2026-01-03,PAID
9007,1489,1063.68,not-a-date,PAID
9008,1550,209.07,2026-09-13,PAID
9009,1183,69.40,2026-07-27,PENDING
9010,1145,2898.40,2026-06-06,UNKNOWN
9011,1645,1513.64,2026-06-16,CANCELLED
9012,1921,992.48,2026-01-10,PAID
9013,1339,879.12,2026-08-11,CANCELLED
9014,1107,1600.61,2026-09-01,PAID
9015,1381,1806.26,2026-07-21,PAID
9016,1047,2904.73,2026-01-26,PAID
9017,1045,608.63,2026-01-26,PAID
9018,1058,2307.71,2026-04-20,PENDING
9019,1908,2699.75,2026-04-02,PENDING
9020,1099,1551.26,2026-06-30,PAID
9021,1903,1576.09,2026-06-29,PENDING
9022,1279,3881.92,2026-07-26,PAID
9023,1479,3296.17,2026-06-05,PAID
9024,1868,408.84,2026-07-13,PENDING
9025,1710,2521.22,2026-01-31,PENDING
9026,1271,605.28,2026-05-16,PENDING
9027,1007,3684.32,2026-05-27,PAID
9028,1860,2267.75,2026-02-07,PAID
9029,1599,2830.76,2026-01-21,PAID
9030,1727,1531.29,2026-07-28,PAID
9031,1102,1519.99,2026-09-16,CANCELLED
9032,1462,1988.63,2026-05-05,PAID
9033,1184,2082.72,2026-05-30,PAID
9034,1790,637.08,2026-02-02,PAID
9035,1667,1825.04,2026-07-08,PAID
9036,1736,3726.66,2026-02-23,PAID
9037,1308,573.52,2026-07-11,PAID
9038,1753,4415.74,2026-08-16,PAID
9039,1968,1453.55,2026-05-28,PAID
9040,1176,3756.81,2026-05-19,PAID
9041,1047,1840.27,2026-09-03,PAID
9042,1980,847.06,2026-03-26,PAID
9043,1339,1892.48,2026-07-15,CANCELLED
9044,1970,2469.37,2026-08-02,CANCELLED
9045,1324,4238.27,2026-07-22,PAID
9046,1522,3897.27,2026-07-02,PENDING
9047,1790,3174.15,2026-01-20,PAID
9048,1075,3751.95,2026-09-24,PENDING
9049,1416,35.99,2026-08-21,CANCELLED
9050,1914,4673.56,2026-03-10,PAID
9051,1729,604.47,2026-03-01,PENDING
9052,1872,4506.77,2026-01-17,PAID
9053,1252,288.41,2026-01-10,PENDING
9054,1477,4538.57,2026-05-14,PAID
9055,1531,2666.95,2026-02-23,PENDING
9056,1460,3819.34,2026-01-14,PAID
9057,1778,2809.44,2026-06-16,PAID
9058,1811,1477.16,2026-04-15,PAID
9059,1306,271.49,2026-03-01,PAID
9060,1833,4414.77,2026-02-11,PAID
9061,1128,2668.97,2026-05-26,CANCELLED
9062,1598,4831.18,2026-02-03,PAID
9063,1339,2760.31,2026-05-26,PENDING
9064,1170,3755.17,2026-01-27,PAID
9065,1545,4226.29,2026-02-14,PENDING
9066,1110,4684.62,2026-09-05,PAID
9067,1074,2625.70,2026-02-18,PAID
9068,1244,2361.99,2026-07-03,PAID
9069,1662,4509.07,2026-08-18,PENDING
9070,1786,2523.09,2026-02-04,PAID
9071,1405,4080.13,2026-01-16,CANCELLED
9072,1387,2497.03,2026-04-29,PAID
9073,1490,651.43,2026-06-28,CANCELLED
9074,1372,2151.41,2026-05-23,PAID
9075,1070,4528.58,2026-08-30,PAID
9076,1083,2283.97,2026-09-28,PAID
9077,1612,915.20,2026-07-19,PAID
9078,1516,3836.91,2026-04-02,PAID
9079,1437,2286.92,2026-05-09,PENDING
9080,1328,1349.21,2026-03-09,PAID
9081,1848,1750.02,2026-01-17,PAID
9082,1140,267.22,2026-03-02,PAID
9083,1620,458.29,2026-03-30,CANCELLED
9084,1188,4101.66,2026-04-05,PAID
9085,1703,760.36,2026-03-06,CANCELLED
9086,1755,2497.53,2026-04-25,PAID
9087,1614,4860.92,2026-06-20,PAID
9088,1173,2433.26,2026-02-10,PAID
9089,1748,3652.41,2026-09-27,PAID
9090,1699,2834.05,2026-07-17,PAID
9091,1937,1242.02,2026-02-26,PENDING
9092,1253,1370.60,2026-03-07,PENDING
9093,1717,4228.91,2026-09-10,PENDING
9094,1421,3401.00,2026-05-08,PAID
9095,1266,85.54,2026-05-31,PENDING
9096,1746,1498.92,2026-09-07,PAID
9097,1055,2448.64,2026-06-09,PAID
9098,1462,801.50,2026-07-16,PAID
9099,1587,3133.45,2026-06-29,PAID
9100,1776,3537.02,2026-06-17,PAID
9101,1936,3845.44,2026-02-03,PENDING
9102,1518,3952.72,2026-09-09,PAID
9103,1792,1275.56,2026-03-02,CANCELLED
9104,1521,1510.51,2026-03-06,PENDING
9105,1379,3727.62,2026-02-04,CANCELLED
9106,1789,1561.79,2026-02-06,PAID
9107,1526,4526.84,2026-05-13,PAID
9108,1809,4956.28,2026-02-09,PENDING
9109,1771,4471.90,2026-08-25,PAID
9110,1691,2735.47,2026-07-16,PAID
9111,1457,3467.18,2026-02-25,PAID
9112,1739,1778.78,2026-04-20,PAID
9113,1392,4214.85,2026-07-11,PENDING
9114,1013,438.22,2026-02-12,PAID
9115,1683,2390.43,2026-04-20,CANCELLED
9116,1900,3335.83,2026-02-01,CANCELLED
9117,1968,4606.29,2026-08-07,PAID
9118,1347,639.90,2026-09-24,PAID
9119,1703,488.90,2026-08-10,PENDING
9120,1271,1708.19,2026-06-13,PENDING
9121,1856,638.91,2026-08-07,PENDING
9122,1968,3017.30,2026-03-15,CANCELLED
9123,1580,4453.35,2026-03-04,PENDING
9124,1206,3092.44,2026-01-02,CANCELLED
9125,1599,4225.18,2026-06-12,CANCELLED
9126,1979,1934.89,2026-01-02,PENDING
9127,1446,3242.54,2026-01-16,CANCELLED
9128,1683,,2026-08-15,PAID
9129,1197,3740.28,2026-03-23,PENDING
9130,1323,186.90,2026-04-14,PAID
9131,1438,134.88,2026-08-28,PAID
9132,1838,3656.72,2026-01-14,PAID
9133,1013,4640.77,2026-01-27,PAID
9134,1530,2536.45,2026-05-10,PAID
9135,1359,4834.31,2026-08-31,PAID
9136,1856,99.24,2026-02-16,PENDING
9137,1590,597.86,2026-01-13,PAID
9138,1987,2342.20,2026-03-25,PENDING
9139,1621,3150.31,2026-05-27,PENDING
9140,1624,3080.13,2026-07-22,PENDING
9141,1416,4870.87,2026-03-08,PAID
9142,1446,1895.50,2026-03-05,PENDING
9143,1462,3204.94,2026-07-25,PAID
9144,1941,1634.48,2026-01-25,PENDING
9145,1951,1949.17,2026-09-18,PAID
9146,1985,1318.38,2026-08-17,PENDING
9147,1131,1217.75,2026-04-03,PENDING
9148,1698,2456.67,2026-01-12,PAID
9149,1794,1641.78,2026-04-22,PAID
9150,1058,4484.48,2026-04-04,PAID
9151,1289,1911.58,2026-01-30,PAID
9152,1996,614.18,2026-07-19,PAID
9153,1835,4867.94,2026-03-11,PAID
9154,1799,2821.12,2026-06-02,PAID
9155,1744,4442.12,2026-03-28,PAID
9156,1016,3281.78,2026-07-12,PAID
9157,1109,1280.94,2026-07-10,PENDING
9158,1242,3718.07,2026-07-23,CANCELLED
9159,1648,4026.04,2026-02-04,PAID
9160,1851,1636.38,2026-02-09,PAID
9161,1070,2277.52,2026-03-04,PENDING
9162,1910,2940.88,2026-04-19,PAID
9163,1704,1775.48,2026-03-18,PAID
9164,1671,4165.46,2026-09-21,PAID
9165,1155,758.06,2026-06-10,PAID
9166,1916,2070.93,2026-05-30,PAID
9167,1415,4712.62,2026-02-27,PAID
9168,1749,2606.79,2026-01-04,PAID
9169,1606,2122.83,2026-05-31,CANCELLED
9170,1481,759.97,2026-02-12,PENDING
9171,1041,2418.83,2026-01-20,PENDING
9172,1285,4342.96,2026-06-28,PAID
9173,1345,878.31,2026-01-07,PAID
9174,1628,3076.30,2026-08-31,PAID
9175,1722,1702.45,2026-09-11,PENDING
9176,1152,4833.85,2026-05-31,PENDING
9177,1754,2091.96,2026-06-09,PAID
9178,1808,306.57,2026-06-27,PAID
9179,1428,2565.30,2026-09-07,PAID
9180,1841,2819.04,2026-01-23,PAID
9181,1018,3061.85,2026-06-24,PAID
9182,1863,1454.74,2026-09-02,PENDING
9183,1416,267.66,2026-03-13,PAID
9184,1385,3047.91,2026-08-12,PAID
9185,1159,1849.72,2026-08-15,CANCELLED
9186,1579,2975.35,2026-08-25,PAID
9187,1490,26.10,2026-03-11,PAID
9188,1667,1187.57,2026-07-30,PAID
9189,1066,,2026-05-28,PAID
9190,1151,1186.01,2026-05-18,PAID
9191,1024,4013.04,2026-06-14,PAID
9192,1923,2098.53,2026-09-21,PAID
9193,1224,3318.64,2026-06-03,PAID
9194,1939,2683.55,2026-05-03,PENDING
9195,1104,4917.70,2026-01-12,CANCELLED
9196,1822,2728.38,2026-04-25,CANCELLED
9197,1571,75.98,2026-09-06,PAID
9198,1195,1628.97,2026-05-30,PENDING
9199,1889,1041.08,2026-03-31,PAID
9200,1893,141.49,2026-06-27,CANCELLED
9201,1243,1891.35,2026-01-01,PAID
9202,1319,4786.85,2026-02-10,PAID
9203,1964,2592.78,2026-06-27,PENDING
9204,1492,931.64,2026-05-26,PAID
9205,1578,3120.78,2026-09-20,PAID
9206,1981,1417.48,2026-04-18,PAID
9207,1950,3916.65,2026-02-05,CANCELLED
9208,1954,3378.97,2026-08-14,PAID
9209,1432,3086.19,2026-09-23,CANCELLED
9210,1402,2098.70,2026-04-15,CANCELLED
9211,1186,3257.57,2026-07-10,PAID
9212,1356,130.00,2026-06-20,PENDING
9213,1313,688.24,2026-03-01,PENDING
9214,1741,4097.88,2026-07-18,PAID
9215,1592,2853.93,2026-02-27,PAID
9216,1806,2084.83,2026-09-05,PENDING
9217,1245,4029.83,2026-06-12,PENDING
9218,1276,4194.72,2026-03-19,PAID
9219,1711,532.89,2026-09-03,PAID
9220,1123,650.37,2026-08-22,PAID
9221,1180,2904.71,2026-01-31,PAID
9222,1663,2144.29,2026-07-14,PAID
9223,1905,4215.28,2026-01-24,PAID
9224,1774,4550.14,2026-07-31,PENDING
9225,1575,1882.76,2026-03-04,PAID
9226,1485,1629.29,2026-07-28,PAID
9227,1895,2134.39,2026-04-06,PENDING
9228,1909,1988.21,2026-08-06,PAID
9229,1111,4152.17,2026-02-14,PAID
9230,1486,708.88,2026-04-15,CANCELLED
9231,1593,985.99,2026-09-18,PAID
9232,1708,2954.50,2026-02-16,PENDING
9233,1485,3453.90,2026-04-16,PAID
9234,1335,2668.34,2026-04-19,PENDING
9235,1238,4127.48,2026-09-28,PAID
9236,1783,4631.85,2026-06-26,PAID
9237,1823,2734.19,2026-02-10,PAID
9238,1713,2598.64,2026-03-15,PENDING
9239,1460,3662.48,2026-09-20,CANCELLED
9240,1048,474.87,2026-07-11,PAID
9241,1063,2280.43,2026-07-22,PENDING
9242,1736,2955.37,2026-09-25,PAID
9243,1841,4178.71,2026-05-04,PAID
9244,1953,3873.66,2026-09-21,PAID
9245,1154,4976.91,2026-01-26,PENDING
9246,1574,2019.66,2026-07-15,CANCELLED
9247,1366,2603.13,2026-07-25,PAID
9248,1065,2226.21,2026-07-30,CANCELLED
9249,1069,169.82,2026-08-25,PAID
9250,1347,313.20,2026-08-10,PENDING
9251,1310,4698.25,2026-05-09,PAID
9252,1054,1058.09,2026-06-26,PAID
9253,1989,-587.70,2026-05-13,PAID
9254,1047,926.12,2026-07-31,PAID
9255,1379,2793.70,2026-02-12,PENDING
9256,1421,4970.97,2026-08-20,PENDING
9257,1513,4648.27,2026-07-19,PAID
9258,1327,1956.56,2026-03-18,PAID
9259,1661,107.37,2026-08-24,PAID
9260,1356,3221.00,2026-03-14,PAID
9261,1275,4393.37,2026-07-06,PAID
9262,1632,3307.50,2026-04-09,PAID
9263,1031,183.55,2026-09-04,PAID
9264,1412,3235.40,2026-02-03,PAID
9265,1725,4984.92,2026-01-24,PAID
9266,1829,3094.64,2026/13/45,PAID
9267,1191,325.84,2026-08-30,PENDING
9268,1580,1340.71,2026-08-17,PAID
9269,1455,2163.44,2026-02-15,PAID
9270,1699,4987.78,2026-07-22,CANCELLED
9271,1607,2264.31,2026-07-29,PENDING
9272,1643,120.64,2026-03-16,PAID
9273,1315,3864.77,2026-01-23,PAID
9274,1323,335.82,2026-01-18,PAID
9275,1408,1345.26,2026-02-13,PENDING
9276,1045,3309.48,2026-02-14,PAID
9277,1751,2583.34,2026-08-17,PENDING
9278,1298,240.45,2026-05-01,PENDING
9279,1769,2590.54,2026-02-09,PENDING
9280,1238,2112.50,2026-01-13,CANCELLED
9281,1213,705.87,2026-06-20,PAID
9282,1975,2705.66,2026-03-03,PAID
9283,1531,924.71,2026-09-12,PAID
9284,1853,4766.74,2026-05-16,PENDING
9285,1781,1720.79,2026-02-06,PENDING
9286,1498,37.41,2026-07-17,PAID
9287,1880,2153.34,2026-08-03,PAID
9288,1993,2963.15,2026-04-29,PAID
9289,1933,1008.65,2026-06-12,PAID
9290,1321,1420.73,2026-04-29,PENDING
9291,1592,3830.75,2026-05-29,CANCELLED
9292,1072,545.26,2026-04-24,CANCELLED
9293,1724,2304.86,2026-08-09,PAID
9294,1001,3088.70,2026-03-26,PAID
9295,1135,369.46,2026-04-11,PAID
9296,1148,2548.45,2026-06-24,PAID
9297,1189,1736.11,2026-09-27,PAID
9298,1327,357.01,2026-03-11,PAID
9299,1382,2489.01,2026-02-04,PAID
9300,1010,,2026-02-06,PENDING
9301,1260,2942.69,2026-02-16,PENDING
9302,1618,960.93,2026-09-27,PAID
9303,1329,932.06,2026-01-25,PAID
9304,1610,2599.35,2026-05-28,PAID
9305,1331,4012.40,2026-09-01,PENDING
9306,1502,3856.28,2026-03-29,CANCELLED
9307,1710,361.85,2026-05-07,PAID
9308,1897,4565.22,2026-03-04,PAID
9309,1931,3075.72,2026-01-11,CANCELLED
9310,1957,3623.32,2026-06-30,PAID
9311,1062,2803.16,2026-06-03,CANCELLED
9312,1542,991.43,2026-07-13,PENDING
9313,1606,1976.78,2026-06-25,PAID
9314,1911,4215.77,2026-02-16,PAID
9315,1294,3046.70,2026-07-30,PAID
9316,1709,4647.61,2026-05-30,PAID
9317,1556,2637.21,2026-05-10,PAID
9318,1591,4944.49,2026-04-03,PENDING
9319,1067,4305.73,2026-08-23,PENDING
9320,1045,4937.81,2026-01-25,PAID
9321,1402,934.52,2026-08-18,PAID
9322,1539,4647.31,2026-01-28,PENDING
9323,1570,3671.49,2026-08-02,PAID
9324,1835,2110.49,2026-02-11,PAID
9325,1331,4105.55,2026-01-12,PAID
9326,1798,3467.12,2026-06-02,PAID
9327,1375,505.44,2026-02-17,PAID
9328,1830,4007.11,2026-05-01,PENDING
9329,1391,200.44,2026-01-27,PAID
9330,1775,2791.23,2026-09-24,PAID
9331,1234,2233.45,2026-05-11,PAID
9332,1672,1557.17,2026-01-04,PAID
9333,1156,3834.12,2026-07-18,PAID
9334,1749,3061.36,2026-03-19,PENDING
9335,1260,2378.05,2026-01-11,PAID
9336,1626,2235.83,2026-01-07,PENDING
9337,1202,3432.55,2026-01-11,PAID
9338,1218,597.42,2026-09-07,PAID
9339,1980,4166.87,2026-03-13,CANCELLED
9340,1927,2443.70,2026-07-25,PAID
9341,1039,3779.66,2026-06-21,PENDING
9342,1280,2311.35,2026-06-06,PENDING
9343,1861,2503.68,2026-06-07,PENDING
9344,1507,2295.82,2026-05-27,PENDING
9345,1521,1727.28,2026-05-11,PAID
9346,1784,-1786.06,2026-07-02,PAID
9347,1746,4709.66,2026-08-07,PAID
9348,1701,3718.14,2026-08-27,PAID
9349,1237,1038.48,2026-02-20,PAID
9350,1772,4244.82,2026-04-09,PAID
9351,1980,1438.17,2026-08-13,PAID
9352,1006,943.16,2026-04-07,PAID
9353,1518,1054.32,2026-09-28,PAID
9354,1677,3521.91,2026-09-29,PENDING
9355,1826,1862.66,2026-01-09,PAID
9356,1278,2619.56,2026-06-11,PAID
9357,1069,171.41,2026-05-18,CANCELLED
9358,1528,2036.53,2026-03-06,CANCELLED
9359,1461,3776.20,2026-06-05,CANCELLED
9360,1396,2140.51,2026-02-26,PAID
9361,1753,405.61,2026-09-01,PAID
9362,1960,4701.72,2026-09-29,PAID
9363,1072,4786.71,2026-09-19,PAID
9364,1596,3875.65,2026-08-28,CANCELLED
9365,1627,746.16,2026-05-02,PAID
9366,1640,3130.24,2026-04-26,PAID
9367,1490,250.24,2026-07-18,PAID
9368,1206,1255.77,2026-02-24,PAID
9369,1656,2105.59,2026-08-06,PAID
9370,1734,1086.95,2026-08-16,PAID
9371,1290,2930.11,2026-07-23,CANCELLED
9372,1295,435.93,2026-06-22,PENDING
9373,1173,1471.18,2026-04-17,PAID
9374,1350,3315.02,2026-03-19,PENDING
9375,1229,20.13,2026-01-17,PAID
9376,1725,4515.59,2026-04-15,PAID
9377,1227,3071.58,2026-02-08,PAID
9378,1405,1858.22,2026-05-11,PAID
9379,1215,4169.48,2026-08-31,PAID
9380,1625,4457.76,2026-07-03,PAID
9381,1930,2167.86,2026-02-06,PAID
9382,1350,1891.54,2026-03-11,PENDING
9383,1924,3211.40,2026-01-08,PAID
9384,1510,2549.12,2026-08-18,PAID
9385,1629,1713.70,2026-02-10,paid
9386,1925,1429.59,2026-05-09,PAID
9387,1769,714.95,2026-05-02,PAID
9388,1713,2945.45,2026-09-24,PENDING
9389,1891,4061.65,2026-01-05,PAID
9390,1192,96.16,2026-01-28,PAID
9391,1450,1758.76,2026-04-11,PAID
9392,1418,2547.83,2026-05-21,PAID
9393,1127,3922.18,2026-06-16,CANCELLED
9394,1793,2570.65,2026-03-18,PENDING
9395,1566,2418.56,2026-09-10,PAID
9396,1632,3169.45,2026-07-05,PAID
9397,1520,1557.45,2026/13/45,PENDING
9398,1921,4100.56,2026-02-12,PAID
9399,1613,4559.93,2026-06-07,CANCELLED
9400,1085,2641.68,2026-08-04,PAID
9401,1672,1807.41,2026-02-24,PAID
9402,1903,4475.00,2026-08-21,PAID
9403,1165,888.53,2026-06-28,CANCELLED
9404,1850,4496.72,2026-08-18,PAID
9405,1739,4862.64,2026-01-27,PENDING
9406,1091,3141.26,2026-04-30,PENDING
9407,1029,3744.88,2026-02-10,CANCELLED
9408,1622,3807.58,2026-01-03,PENDING
9409,1520,2464.54,2026-01-31,PAID
9410,1442,104.88,2026-05-12,PENDING
9411,1050,2458.38,2026-06-02,PENDING
9412,1492,4549.44,2026-03-13,PENDING
9413,1092,3017.64,2026-07-07,PAID
9414,1039,387.00,2026-03-17,PAID
9415,1238,4406.19,2026-05-15,PAID
9416,1913,1866.67,2026-03-19,PAID
9417,1293,2148.41,2026-04-07,PAID
9418,1766,3380.98,2026-05-14,PENDING
9419,1073,242.58,2026-01-23,PENDING
9420,1224,3463.22,2026-08-16,PAID
9421,1908,2756.05,2026-06-04,PENDING
9422,1894,6.48,2026-09-09,PAID
9423,1764,785.53,2026-08-12,PENDING
9424,1074,4317.69,2026-08-26,PAID
9425,1077,1502.21,2026-09-15,PAID
9426,1293,3932.07,2026-01-09,PAID
9427,1734,441.29,2026-05-09,CANCELLED
9428,1594,2678.37,2026-09-29,PAID
9429,1641,394.94,2026-08-18,PAID
9430,1015,2308.14,2026-07-02,PENDING
9431,1510,2460.26,2026-07-18,PENDING
9432,1379,572.16,2026-04-19,PENDING
9433,1507,3475.98,2026-09-18,PAID
9434,1776,3074.61,2026-08-11,PENDING
9435,1093,3353.93,2026-05-14,PENDING
9436,1324,3632.30,2026-02-03,CANCELLED
9437,1538,3738.60,2026-05-10,CANCELLED
9438,1482,1803.40,2026-07-27,CANCELLED
9439,1095,4298.28,2026-04-06,PENDING
9440,1125,4483.22,2026-01-13,PAID
9441,1017,1950.91,2026-01-19,PENDING
9442,1327,460.95,2026-07-27,PAID
9443,1728,1896.21,2026-06-28,PAID
9444,1469,2654.19,2026-06-18,PAID
9445,1849,2557.64,2026-07-09,CANCELLED
9446,1093,4561.94,2026-06-21,PAID
9447,1340,479.84,2026-01-13,PENDING
9448,1451,2640.28,2026-04-26,PAID
9449,1318,2029.03,2026-08-24,PAID
9450,1700,148.19,2026-08-25,PENDING
9451,1699,201.90,2026-08-27,PAID
9452,1342,1060.74,2026-04-16,PAID
9453,1309,4180.60,2026-03-26,PAID
9454,1916,4409.55,2026-03-15,PAID
9455,1365,4224.76,2026-02-11,paid
9456,1243,820.56,2026-01-20,PAID
9457,1041,4893.34,2026-09-21,PENDING
9458,1293,4847.10,2026-08-21,PAID
9459,1214,1063.52,2026-07-18,CANCELLED
9460,1734,4722.88,2026-08-11,PAID
9461,1029,1565.09,2026-06-28,PAID
9462,1638,2550.65,2026-06-10,PAID
9463,1855,4871.27,2026-08-20,PAID
9464,1366,4124.60,2026-01-24,PAID
9465,1128,4237.85,2026-08-06,PAID
9466,1345,1131.47,2026-04-25,PAID
9467,1652,2138.11,2026-08-24,PENDING
9468,1643,3954.35,2026-06-04,PAID
9469,1050,4128.89,2026-06-30,CANCELLED
9470,1820,1044.41,2026-07-14,PAID
9471,1919,2818.75,2026-02-20,PAID
9472,1519,2371.47,2026-08-16,PENDING
9473,1023,1218.52,2026-01-30,PENDING
9474,1096,129.67,2026-07-17,PENDING
9475,1838,4387.48,2026-05-29,PAID
9476,1029,3809.76,2026-02-03,PAID
9477,1244,3235.83,2026-09-07,PENDING
9478,1944,1450.16,2026-01-11,PAID
9479,1648,1345.61,2026-02-20,PAID
9480,1365,4519.98,2026-05-27,PAID
9481,1426,4545.45,2026-07-18,PAID
9482,1661,2465.13,2026-01-07,CANCELLED
9483,1381,1899.71,2026-01-17,CANCELLED
9484,1319,2722.28,2026-09-08,PENDING
9485,1679,2170.82,2026-04-07,PAID
9486,1650,3649.08,2026-07-05,PAID
9487,1097,-4763.18,2026-05-02,PAID
9488,1505,792.68,2026-07-13,PAID
9489,1010,2903.05,2026-02-06,PENDING
9490,1655,688.65,2026-04-16,PAID
9491,1725,2837.20,2026-01-22,PAID
9492,1405,3895.45,2026-01-19,PAID
9493,1461,2419.65,2026-04-07,PAID
9494,1104,,2026-04-04,CANCELLED
9495,1587,1906.39,2026-06-02,PAID
9496,1148,4376.42,2026-01-01,PENDING
9497,1007,418.65,2026-03-09,PAID
9498,1342,2242.62,2026-04-28,PAID
9499,1843,3277.90,2026-05-07,PAID
9500,1411,2764.85,2026-08-04,PENDING
9501,1721,994.54,2026-05-15,PAID
9502,1979,2289.20,2026-09-20,PAID
9503,1286,3838.43,2026-02-07,PAID
9504,1662,3497.36,2026-07-16,PAID
9505,1203,4101.79,2026-02-07,PAID
9506,1455,145.06,2026-03-09,PAID
9507,1558,2236.23,2026-04-10,PAID
9508,1438,1103.69,2026-03-16,PAID
9509,1079,2249.42,2026-04-09,PENDING
9510,1299,3436.43,2026-02-06,PAID
9511,1190,968.71,2026-07-23,PENDING
9512,1083,422.70,2026-07-19,PAID
9513,1160,862.71,2026-08-27,PAID
9514,1978,3284.23,2026-05-24,PAID
9515,1511,3587.69,2026-07-27,PENDING
9516,1931,2053.73,2026-01-24,PAID
9517,1799,333.00,2026-01-22,PENDING
9518,1857,3603.60,2026-07-21,PAID
9519,1669,2166.52,2026-09-05,PAID
9520,1205,4040.26,2026-04-11,PAID
9521,1337,4726.55,2026-07-15,CANCELLED
9522,1220,3028.18,2026-04-20,PAID
9523,1934,4899.65,2026-06-02,PAID
9524,1475,1746.36,2026-09-24,PENDING
9525,1091,3740.18,2026-01-04,PAID
9526,1269,1412.84,2026-03-22,PENDING
9527,1774,1761.98,2026-09-21,
9528,1152,4558.44,2026-07-24,PAID
9529,1126,4924.24,2026-06-22,PAID
9530,1024,2038.71,2026-08-03,PENDING
9531,1195,1374.91,2026-08-19,PENDING
9532,1211,4480.01,2026-04-09,PAID
9533,1567,1649.42,2026-06-06,PAID
9534,1099,3940.13,2026-07-16,PAID
9535,1547,2455.02,2026-03-27,PAID
9536,1559,4344.97,2026-06-10,CANCELLED
9537,1030,3453.07,2026-04-02,PAID
9538,1805,348.14,2026-01-10,PENDING
9539,1880,2451.15,2026-09-19,PAID
9540,1672,3152.84,2026-03-13,PAID
9541,1244,1720.70,2026-02-16,CANCELLED
9542,1660,2617.85,2026-02-17,PAID
9543,1838,4757.08,2026-01-10,PENDING
9544,1531,2432.11,2026-03-13,PENDING
9545,1839,1296.26,2026-08-12,CANCELLED
9546,1265,2269.71,2026-05-09,PENDING
9547,1994,2041.57,2026-07-15,CANCELLED
9548,1483,4653.60,2026-09-27,PAID
9549,1547,413.31,2026-01-13,PAID
9550,1959,2503.05,2026-04-07,paid
9551,1640,1630.46,2026-03-22,CANCELLED
9552,1876,3819.69,2026-04-04,PAID
9553,1600,4893.38,2026-01-09,PAID
9554,1043,82.75,2026-02-03,PAID
9555,1786,544.39,2026-05-12,PENDING
9556,1799,3912.47,2026-08-19,PAID
9557,1164,831.27,2026-09-09,PAID
9558,1883,1894.40,2026-03-27,PAID
9559,1609,675.10,2026-08-06,PAID
9560,1355,3273.19,2026-02-06,PAID
9561,1863,1757.45,2026-08-15,PAID
9562,1439,953.68,2026-03-04,PAID
9563,1548,1363.65,2026-02-30,PAID
9564,1641,2235.04,2026-08-13,PAID
9565,1600,4924.47,2026-02-11,PAID
9566,1459,26.81,2026-03-23,PAID
9567,1258,1294.59,2026-08-10,PAID
9568,1830,889.91,2026-04-12,PENDING
9569,1523,1378.16,2026-01-10,PENDING
9570,1761,1121.15,2026-08-24,PAID
9571,1293,3082.74,2026-08-25,PAID
9572,1574,1702.23,2026-04-07,PENDING
9573,1142,2730.18,2026-08-05,PENDING
9574,1468,682.27,2026-03-08,PAID
9575,1455,1675.77,2026-01-23,PAID
9576,1210,3174.03,2026-04-18,PAID
9577,1271,2231.34,2026-02-11,PAID
9578,1164,2030.18,2026-03-24,PAID
9579,1969,1404.87,2026-05-15,CANCELLED
9580,1420,3622.75,2026-06-02,CANCELLED
9581,1794,12.74,2026-05-04,PAID
9582,1338,22.73,2026-04-04,PAID
9583,1541,4045.79,2026-02-19,CANCELLED
9584,1445,262.05,2026-02-07,PAID
9585,1145,332.00,2026-09-24,PENDING
9586,1348,857.31,2026-07-31,PAID
9587,1113,892.03,2026-02-24,PAID
9588,1393,4446.86,2026-06-02,CANCELLED
9589,1997,3872.06,2026-01-01,PAID
9590,1660,3430.38,2026-03-03,PAID
9591,1995,3730.10,2026-02-02,CANCELLED
9592,1403,4692.19,2026-02-08,CANCELLED
9593,1104,4258.79,2026-07-05,PENDING
9594,1532,3483.08,2026-07-18,CANCELLED
9595,1966,3918.30,2026-08-08,PAID
9596,1204,4310.59,2026-06-14,PAID
9597,1936,2171.24,2026-08-07,PAID
9598,1376,4843.68,2026-01-02,PAID
9599,1385,3242.35,2026-03-19,PENDING
9600,1201,3633.77,2026-06-05,PENDING
9601,1079,858.38,2026-03-01,PENDING
9602,1010,3304.42,2026-01-26,PAID
9603,1396,1327.72,2026-08-04,PAID
9604,1499,209.90,2026-04-30,PAID
9605,1085,533.57,2026-04-17,PAID
9606,1932,388.47,2026-03-31,PENDING
9607,1786,3038.96,2026-06-03,PAID
9608,1673,3939.07,2026-04-19,PAID
9609,1418,3554.90,2026-08-20,PAID
9610,1364,3877.54,2026-07-11,PENDING
9611,1449,1572.57,2026-05-26,PAID
9612,1667,3356.60,2026-07-06,PENDING
9613,1210,4951.01,2026-07-20,PAID
9614,1644,3598.44,2026-06-19,PAID
9615,1933,178.60,2026-05-30,PAID
9616,1590,4238.69,2026-05-11,CANCELLED
9617,1946,491.15,2026-04-11,PENDING
9618,1080,764.32,2026-06-20,PAID
9619,1440,4869.37,2026-07-20,PAID
9620,1663,15.51,2026-02-09,PAID
9621,1797,2381.73,2026-03-18,PAID
9622,1357,3254.86,2026-02-01,PENDING
9623,1251,4634.41,2026-05-04,PENDING
9624,1976,1014.69,2026-01-14,PAID
9625,1587,3262.89,2026-08-19,PENDING
9626,1542,1058.60,2026-08-31,PAID
9627,1043,2693.56,2026-01-04,PAID
9628,1674,874.76,2026-02-17,PENDING
9629,1106,4646.05,2026-02-22,PAID
9630,1340,2310.44,2026-09-28,PENDING
9631,1883,445.79,2026-04-20,PAID
9632,1862,3878.79,2026-03-04,PAID
9633,1482,2501.41,2026-09-06,PENDING
9634,1404,2162.23,2026-03-08,PENDING
9635,1838,4644.00,2026-05-31,PAID
9636,1535,4228.67,2026-01-27,PENDING
9637,1926,641.13,2026-09-26,PAID
9638,1621,3877.04,2026-01-06,PAID
9639,1364,534.14,2026-01-27,PENDING
9640,1395,1748.16,2026-01-25,PENDING
9641,1677,2154.46,2026-02-21,PENDING
9642,1253,2511.59,2026-05-11,PAID
9643,1886,1200.17,2026-09-29,PAID
9644,1265,1251.01,2026-04-27,PENDING
9645,1242,1275.48,2026-08-29,PAID
9646,1450,2716.58,2026-01-11,PAID
9647,1909,3289.76,2026-01-11,PAID
9648,1389,2014.86,2026-01-09,CANCELLED
9649,1154,2032.93,2026-04-01,PENDING
9650,1110,3663.40,2026-06-27,PAID
9651,1733,4798.86,2026-09-03,PAID
9652,1225,1577.23,2026-01-25,PAID
9653,1554,3051.78,2026-07-30,PAID
9654,1028,2188.20,2026-05-11,PAID
9655,1505,3155.51,2026-05-02,PAID
9656,1386,3060.56,2026-05-30,PAID
9657,1978,332.67,2026-01-26,PENDING
9658,1460,1660.71,2026-09-08,PENDING
9659,1618,1462.35,2026-01-12,PENDING
9660,1390,1069.98,2026-05-05,PENDING
9661,1926,4537.73,2026-09-12,PAID
9662,1847,3285.34,2026-01-22,PAID
9663,1971,4568.83,2026-04-24,PENDING
9664,1002,4168.35,2026-03-14,CANCELLED
9665,1856,2296.99,2026-07-28,PAID
9666,1045,4614.12,2026-05-02,PENDING
9667,1898,3331.79,2026-07-11,PAID
9668,1483,3881.18,2026-06-04,PENDING
9669,1777,918.92,2026-05-27,PENDING
9670,1844,2141.87,2026-02-09,PAID
9671,1730,466.65,2026-02-02,PAID
9672,1262,,2026-05-12,PENDING
9673,1817,4011.74,2026-06-30,PAID
9674,1163,3541.30,2026-05-06,PAID
9675,1685,1438.56,2026-04-28,PAID
9676,1606,4229.03,2026-01-30,PAID
9677,1423,38.74,2026-03-09,PENDING
9678,1091,3807.11,2026-02-01,PAID
9679,1217,2197.75,2026-03-23,PAID
9680,1626,1947.36,2026-05-24,PAID
9681,1767,183.61,2026-02-07,PAID
9682,1216,1341.65,2026-03-07,PAID
9683,1956,4939.99,2026-06-02,CANCELLED
9684,1365,1228.78,2026-04-22,PAID
9685,1825,3546.72,2026-05-01,PAID
9686,1216,4024.67,2026-06-06,PAID
9687,1298,2596.29,2026-01-07,PAID
9688,1916,3119.48,2026-09-04,PAID
9689,1709,3911.04,2026-07-17,PENDING
9690,1792,1960.92,2026-07-05,PAID
9691,1186,4578.65,2026-02-23,PAID
9692,1821,149.75,2026-03-22,CANCELLED
9693,1481,1331.76,2026-06-08,PENDING
9694,1992,3564.74,2026-05-04,PAID
9695,1535,2224.09,2026-03-19,PAID
9696,1210,3176.72,2026-01-18,PENDING
9697,1105,4833.29,2026-08-02,PENDING
9698,1653,137.67,2026-01-28,PENDING
9699,1718,837.77,2026-04-08,PAID
9700,1221,4877.13,2026-06-30,PENDING
9701,1230,3378.05,2026-06-11,PAID
9702,1255,4530.61,2026-06-14,PAID
9703,1263,1533.98,2026-04-30,PAID
9704,1651,2771.62,2026-03-29,PAID
9705,1324,218.70,2026-05-08,PAID
9706,1436,2313.92,2026-07-27,PAID
9707,1112,4033.66,2026-01-04,PAID
9708,1085,4588.23,2026-06-13,PAID
9709,1842,3641.33,2026-09-24,PAID
9710,1016,4094.71,2026-01-13,CANCELLED
9711,1521,3620.69,2026-04-22,PAID
9712,1021,1645.15,2026-02-17,PAID
9713,1698,2169.55,2026-01-24,CANCELLED
9714,1979,4848.05,2026-05-04,PAID
9715,1294,44.51,2026-06-04,PAID
9716,1786,4037.57,2026-03-30,PAID
9717,1005,461.37,2026-01-24,PAID
9718,1379,4506.74,2026-08-30,CANCELLED
9719,1872,-2188.74,2026-03-09,PAID
9720,1767,4188.89,2026-07-10,PAID
9721,1449,3151.65,2026-09-25,PAID
9722,1779,2528.89,2026-08-07,PAID
9723,1781,3213.64,2026-02-12,PAID
9724,1452,1202.10,2026-03-09,CANCELLED
9725,1382,3498.95,2026-09-19,PAID
9726,1523,4021.63,2026-04-05,PAID
9727,1078,1107.85,2026-09-26,PAID
9728,1451,3703.71,2026-03-18,PENDING
9729,1127,52.76,2026-01-29,PAID
9730,1611,584.58,2026-05-10,PAID
9731,1846,2542.62,2026-07-02,PAID
9732,1959,2497.72,2026-02-08,PAID
9733,1424,3194.78,2026-02-18,PAID
9734,1285,723.24,2026-08-23,PAID
9735,1733,4106.65,2026-09-22,PAID
9736,1733,2865.30,2026-07-06,PAID
9737,1540,481.77,2026-05-28,CANCELLED
9738,1382,669.82,2026-02-24,PENDING
9739,1556,1490.71,2026-07-10,PAID
9740,1960,1975.11,2026-06-24,PAID
9741,1340,1695.54,2026-02-16,PAID
9742,1898,4336.58,2026-04-17,PAID
9743,1870,707.28,2026-04-18,PAID
9744,1621,1304.39,2026-04-29,CANCELLED
9745,1925,4073.32,2026-05-13,PAID
9746,1626,2773.17,2026-06-20,CANCELLED
9747,1246,670.42,2026-06-04,PAID
9748,1305,2386.97,2026-06-23,PAID
9749,1472,3055.18,2026-04-20,PAID
9750,1730,1462.10,2026-05-14,PENDING
9751,1092,2121.39,2026-01-26,PAID
9752,1583,4573.97,2026-01-20,PAID
9753,1691,2867.67,2026-02-15,PAID
9754,1857,1134.81,2026-01-15,PAID
9755,1438,3324.15,2026-02-15,PAID
9756,1827,2054.16,2026-09-17,PENDING
9757,1092,4778.07,2026-06-22,PENDING
9758,1999,4337.99,2026-09-29,PAID
9759,1530,1405.10,2026-05-10,PAID
9760,1607,1015.02,2026-01-21,CANCELLED
9761,1345,3528.38,2026-02-25,PENDING
9762,1407,4965.30,2026-07-26,PAID
9763,1561,2476.81,2026-09-19,PAID
9764,1764,3493.64,2026-01-28,PAID
9765,1744,1723.09,2026-03-01,PENDING
9766,1178,4203.81,2026-03-05,PENDING
9767,1394,1763.00,2026-05-22,PAID
9768,1044,4085.06,2026-05-14,PAID
9769,1131,4149.83,2026-02-14,PAID
9770,1527,1862.92,2026-08-05,PAID
9771,1694,1030.97,2026-01-18,PAID
9772,1136,-1485.40,2026-01-06,PAID
9773,1610,4344.35,2026-07-30,PENDING
9774,1954,3891.90,2026-05-06,PAID
9775,1554,2492.09,2026-06-25,PAID
9776,1075,2057.10,2026-02-05,PENDING
9777,1467,2515.05,2026-02-25,PENDING
9778,1358,2855.57,2026-04-04,PAID
9779,1138,3423.59,2026-03-16,PAID
9780,1915,4205.00,2026-02-27,PAID
9781,1592,3379.10,2026-05-23,PAID
9782,1635,3381.26,2026-01-14,PENDING
9783,1453,3933.00,2026-08-17,PAID
9784,1682,4669.23,2026-01-19,PAID
9785,1580,1251.86,2026-03-13,PENDING
9786,1099,4981.52,2026-04-02,CANCELLED
9787,1727,382.84,2026-06-26,PAID
9788,1124,4825.04,2026-05-25,PAID
9789,1372,3805.55,2026-07-14,PAID
9790,1401,1770.35,2026-07-21,PENDING
9791,1332,3700.46,2026-09-29,PAID
9792,1832,3531.96,2026-08-28,PENDING
9793,1721,3473.81,2026-05-06,CANCELLED
9794,1963,257.42,2026-06-14,PAID
9795,1234,2780.71,2026-03-20,PAID
9796,1735,4502.36,2026-07-01,PAID
9797,1513,355.14,2026-02-27,PAID
9798,1174,3116.23,2026-01-11,PENDING
9799,1684,4573.15,2026-09-22,PENDING
9800,1249,4965.99,2026-03-15,PAID
9801,1370,3732.88,2026-07-29,PAID
9802,1263,2863.37,2026-02-11,PENDING
9803,1500,3427.36,2026-05-04,PAID
9804,1360,2677.26,2026-01-31,PAID
9805,1619,1609.90,2026-02-18,PAID
9806,1340,4245.88,2026-04-02,PAID
9807,1787,2304.96,2026-01-24,PAID
9808,1464,2000.21,2026-05-17,CANCELLED
9809,1980,4105.14,2026-01-17,PENDING
9810,1015,942.00,2026-07-04,PAID
9811,1120,3415.17,2026-02-08,PENDING
9812,1739,120.69,2026-03-29,CANCELLED
9813,1996,2420.64,2026-08-27,PAID
9814,1806,3137.02,2026-09-12,PAID
9815,1284,2853.19,2026-02-02,PAID
9816,1671,3215.91,2026-08-18,PAID
9817,1874,4020.61,2026-06-18,PAID
9818,1239,2154.33,2026-03-03,PAID
9819,1496,1915.23,2026-08-25,PAID
9820,1772,290.13,2026-09-05,PAID
9821,1748,493.35,2026-01-11,PENDING
9822,1502,2316.05,2026-02-15,PAID
9823,1117,3641.72,2026-04-13,PENDING
9824,1581,3031.87,2026-06-19,PENDING
9825,1083,908.67,2026-08-22,PAID
9826,1346,2574.52,2026-04-08,PAID
9827,1188,1401.76,2026-01-22,PENDING
9828,1644,3649.34,2026-01-10,PAID
9829,1257,3560.89,2026-09-29,PAID
9830,1407,1410.08,2026-03-31,PAID
9831,1775,702.07,2026-01-10,PAID
9832,1272,369.92,2026-03-01,PENDING
9833,1712,4759.15,2026-05-24,PAID
9834,1306,2459.84,2026-01-14,PAID
9835,1182,3402.59,2026-07-05,PENDING
9836,1249,828.26,2026-03-28,PAID
9837,1281,3488.89,2026-07-22,PAID
9838,1674,4317.48,2026-04-06,PENDING
9839,1922,3222.89,2026-09-18,PAID
9840,1698,2070.66,2026-01-02,ERROR
9841,1584,792.62,2026-05-26,PAID
9842,1658,2966.87,2026-08-30,PAID
9843,1028,2352.29,2026-01-24,PAID
9844,1316,2329.00,2026-04-14,PAID
9845,1665,2513.80,2026-09-28,PAID
9846,1990,3339.17,2026-08-25,PAID
9847,1084,191.16,2026-09-27,CANCELLED
9848,1403,3426.74,2026-09-03,PAID
9849,1508,2263.14,2026-08-13,PAID
9850,1230,394.72,2026-02-24,CANCELLED
9851,1164,1650.51,2026-03-22,PAID
9852,1969,2870.55,2026-05-11,CANCELLED
9853,1514,4561.18,2026-01-15,PAID
9854,1255,3664.10,2026-08-19,PENDING
9855,1330,293.41,2026-05-04,PAID
9856,1816,2403.75,2026-03-18,CANCELLED
9857,1424,1511.55,2026-03-29,PAID
9858,1190,1257.70,2026-03-11,PENDING
9859,1568,2950.96,2026-01-04,PAID
9860,1710,1191.89,2026-04-13,PAID
9861,1392,3997.21,2026-09-19,PAID
9862,1103,4045.20,2026-05-03,PENDING
9863,1768,4310.71,2026-02-02,PAID
9864,1865,3941.22,2026-06-17,PAID
9865,1977,2739.13,2026-06-13,PAID
9866,1504,1619.02,2026-08-13,PAID
9867,1045,3266.41,2026-09-14,CANCELLED
9868,1240,2544.01,2026-04-23,PENDING
9869,1264,2461.65,2026-05-24,PENDING
9870,1673,4492.45,2026-06-30,PAID
9871,1369,3224.20,2026-05-07,PENDING
9872,1691,1365.24,2026-08-27,PAID
9873,1073,467.73,2026-06-07,PAID
9874,1765,2980.32,2026-06-13,PAID
9875,1208,958.79,2026-06-06,PAID
9876,1222,2349.85,2026-07-11,PENDING
9877,1569,394.36,2026-06-28,PAID
9878,1049,35.45,2026-03-20,PAID
9879,1179,2723.72,2026-08-30,PENDING
9880,1309,2044.70,2026-08-26,PENDING
9881,1617,702.99,2026-04-01,PAID
9882,1366,47.49,2026-03-25,PAID
9883,1615,1173.61,2026-06-24,PAID
9884,1354,1402.28,2026-02-17,PENDING
9885,1216,559.15,2026-01-07,PAID
9886,1469,2438.51,2026-01-19,PAID
9887,1880,1526.50,2026/13/45,PAID
9888,1642,2969.01,2026-01-09,PENDING
9889,1514,3396.65,2026-02-04,PENDING
9890,1110,1011.60,2026-04-04,PAID
9891,1626,2750.31,2026-03-04,PAID
9892,1616,4335.83,2026-05-02,PENDING
9893,1782,4215.86,2026-05-23,PAID
9894,1114,4868.89,2026-03-17,PAID
9895,1493,2066.39,2026-06-06,PENDING
9896,1031,815.66,2026-07-31,PAID
9897,1382,3547.07,2026-08-31,PAID
9898,1218,2181.81,2026-02-11,PAID
9899,1028,2092.38,2026-09-17,PAID
9900,1502,4087.42,2026-01-16,PAID
9901,1244,2972.11,2026-03-16,PAID
9902,1180,2856.92,2026-03-27,PAID
9903,1837,2681.19,2026-04-04,PAID
9904,1973,4605.93,2026-01-19,PAID
9905,1336,2564.20,2026-03-19,PAID
9906,1800,1143.79,2026-02-05,PENDING
9907,1777,1882.82,2026-02-30,PAID
9908,1642,1301.07,2026-03-19,PAID
9909,1699,3816.02,2026-01-13,PAID
9910,1226,2999.81,2026-08-25,PAID
9911,1797,3260.19,2026-07-08,PAID
9912,1415,2519.44,2026-08-12,CANCELLED
9913,1550,2641.37,2026-03-15,PENDING
9914,1826,2712.60,2026-06-26,PENDING
9915,1116,4021.05,2026-08-05,PAID
9916,1333,3211.52,2026-05-25,PAID
9917,1419,4590.10,2026-02-17,PAID
9918,1313,2049.77,2026-07-20,PENDING
9919,1206,3786.15,2026-09-20,PAID
9920,1567,701.90,2026-05-09,PAID
9921,1814,1827.39,2026-09-15,PENDING
9922,1569,753.29,2026-09-21,PAID
9923,1251,837.46,2026-02-24,PAID
9924,1081,1541.57,2026-04-15,PAID
9925,1297,631.26,2026-01-28,PAID
9926,1227,1590.48,2026-03-17,PAID
9927,1457,4290.53,2026-09-27,PAID
9928,1238,4096.81,2026-08-07,PAID
9929,1544,2854.00,2026-05-15,PAID
9930,1042,3911.26,2026-06-06,PAID
9931,1178,1619.60,2026-08-28,PENDING
9932,1009,3329.65,2026-01-16,PENDING
9933,1043,498.89,2026-02-20,PENDING
9934,1194,2556.41,2026-09-15,CANCELLED
9935,1235,4422.31,2026-07-28,PAID
9936,1932,1519.68,2026-01-09,PAID
9937,1854,1523.07,2026-07-11,PENDING
9938,1559,4031.63,2026-09-16,PAID
9939,1766,2045.69,2026-08-19,PENDING
9940,1650,4246.84,2026-09-17,PAID
9941,1247,3595.74,2026-06-16,PAID
9942,1380,728.81,2026-08-20,PAID
9943,1729,2876.30,2026-07-01,PAID
9944,1087,3408.32,2026-03-24,CANCELLED
9945,1893,3500.13,2026-05-07,PAID
9946,1760,4017.63,2026-03-01,PAID
9947,1417,1858.87,2026-04-07,PAID
9948,1304,3517.38,2026-09-13,PENDING
9949,1219,1312.56,2026-01-12,PAID
9950,1262,4910.21,2026-01-13,CANCELLED
9951,1749,4093.25,2026-04-15,PAID
9952,1834,3007.63,2026-09-18,PAID
9953,1737,2953.84,2026-07-23,PAID
9954,1415,3020.66,2026-09-17,PAID
9955,1413,4475.61,2026-03-10,PAID
9956,1253,3064.33,2026-04-18,PAID
9957,1790,2327.36,2026-05-17,PAID
9958,1107,2494.73,2026-04-20,PAID
9959,1628,250.43,2026-02-26,CANCELLED
9960,1932,1826.64,2026-07-09,PAID
9961,1006,657.98,2026-03-14,PAID
9962,1696,4722.61,2026-01-19,PENDING
9963,1306,4834.44,2026-01-23,PAID
9964,1975,1411.18,2026-06-28,PAID
9965,1670,1907.25,2026-02-10,PENDING
9966,1194,4888.37,2026-09-11,PAID
9967,1067,437.97,2026-06-17,PAID
9968,1277,3047.44,2026-08-04,PAID
9969,1424,2036.88,2026-02-19,PAID
9970,1437,617.61,2026-01-15,PAID
9971,1943,816.87,2026-08-30,CANCELLED
9972,1179,637.44,2026-01-09,PAID
9973,1993,1502.40,2026-06-04,PAID
9974,1547,536.40,2026-09-29,PENDING
9975,1030,4010.28,2026-06-03,CANCELLED
9976,1773,2362.80,2026-09-20,PAID
9977,1931,2660.57,2026-06-29,PAID
9978,1082,4212.81,2026-06-13,PAID
9979,1871,3315.79,2026-05-17,PENDING
9980,1533,3545.58,2026-05-02,PAID
9981,1037,3725.34,2026-06-27,PAID
9982,1041,4168.87,2026-05-27,CANCELLED
9983,1005,4857.41,2026-01-26,PAID
9984,1171,1859.82,2026-04-13,PENDING
9985,1351,1829.09,2026-07-13,PAID
9986,1786,1733.00,2026-01-22,PAID
9987,1623,2306.86,2026-06-21,PAID
9988,1583,126.16,2026-03-03,PAID
9989,1108,2895.10,2026-01-18,PENDING
9990,1846,3332.10,2026-01-31,PAID
9991,1467,11.47,2026-05-12,PAID
9992,1602,2124.38,2026-08-27,PAID
9993,1765,3873.51,2026-04-29,PAID
9994,1812,2230.79,2026-08-03,PAID
9995,1218,3469.43,2026-08-08,PENDING
9996,1831,2269.99,2026-08-09,PAID
9997,1479,549.56,2026-07-02,PAID
9998,1722,554.94,2026-02-21,PAID
9999,1388,3723.33,2026-01-07,PAID
10000,1450,2045.00,2026-01-23,PAID
